school_id,school_name,gu,case_type,case_label,is_separate_bundle_tag,iso_green_ratio,iso_official_park_count,iso_playground_like_count,iso_small_child_park_count,iso_functional_park_count,nearest_official_park_dist_m,nearest_official_park_name,nearest_official_park_function_class,nearest_functional_park_dist_m,nearest_functional_park_name,nearest_functional_park_function_class,access_condition_type,access_condition_label,baseline_all_classes,exclude_playground_and_small_child,exclude_playground_like,baseline_all_classes_count,exclude_playground_like_count,exclude_playground_and_small_child_count,baseline_all_classes_case_type,baseline_all_classes_case_label_en,baseline_all_classes_priority_score,exclude_playground_like_case_type,exclude_playground_like_case_label_en,exclude_playground_like_priority_score,exclude_playground_and_small_child_case_type,exclude_playground_and_small_child_case_label_en,exclude_playground_and_small_child_priority_score,stored_current_case_type_norm,exclude_playground_like_changed_vs_stored_current,exclude_playground_like_changed_vs_same_basis_baseline,exclude_playground_and_small_child_changed_vs_stored_current,exclude_playground_and_small_child_changed_vs_same_basis_baseline
B000002949,인천신흥초등학교,중구,1.0,공원 접근 결핍,0,0.0,0,0,0,0,722.2,율목공원,mid_activity_park,722.2,율목공원,mid_activity_park,no_official_park,공원 접근 결핍형,143.6,409.0,409.0,0,0,0,2,case2_access_low_green,3.0,2,case2_access_low_green,3.0,2,case2_access_low_green,3.0,1,True,False,True,False
B000002950,인천신광초등학교,중구,1.0,공원 접근 결핍,0,0.0,1,1,0,0,533.7,도원공원,playground_like,711.9,용마루어린이공원,mid_activity_park,nominal_access_only,명목 접근성 착시형,41.7,733.5,733.5,1,0,0,2,case2_access_low_green,3.0,1,case1_access_deficit,4.0,1,case1_access_deficit,4.0,1,False,True,False,True
B000002951,인천신선초등학교,중구,1.0,공원 접근 결핍,0,0.0,0,0,0,0,796.8,햇님공원,playground_like,1578.5,용정공원,neighborhood_park_scale,no_official_park,공원 접근 결핍형,375.2,1275.3,1275.3,0,0,0,2,case2_access_low_green,3.0,1,case1_access_deficit,4.0,1,case1_access_deficit,4.0,1,False,True,False,True
B000002952,인천송월초등학교,중구,4.0,접근 양호,0,6.798768043878933,4,4,0,0,247.0,자유공원,neighborhood_park_scale,491.2,자유공원,neighborhood_park_scale,functional_access_available,활동규모 공원 접근 가능형,107.5,434.4,434.4,4,0,0,4,case4_good_access,1.0,4,case4_good_access,1.0,4,case4_good_access,1.0,4,False,False,False,False
B000002953,인천운서초등학교,중구,4.0,접근 양호,0,7.186789084640512,4,1,1,2,76.3,용샘공원,small_child_park,243.1,눈돌공원,mid_activity_park,functional_access_available,활동규모 공원 접근 가능형,120.6,259.5,120.6,4,3,2,4,case4_good_access,1.0,4,case4_good_access,1.0,4,case4_good_access,1.0,4,False,False,False,False
B000002954,인천용유초등학교,중구,1.0,공원 접근 결핍,0,0.0,0,0,0,0,13471.8,영종하늘도시 6호,neighborhood_park_scale,,,,no_official_park,공원 접근 결핍형,3750.1,8203.7,8036.7,0,0,0,1,case1_access_deficit,4.0,1,case1_access_deficit,4.0,1,case1_access_deficit,4.0,1,False,False,False,False
B000002955,인천연안초등학교,중구,1.0,공원 접근 결핍,0,0.0,0,0,0,0,620.0,햇님공원,playground_like,4041.7,용정공원,neighborhood_park_scale,no_official_park,공원 접근 결핍형,316.6,1960.2,1960.2,0,0,0,2,case2_access_low_green,3.0,1,case1_access_deficit,4.0,1,case1_access_deficit,4.0,1,False,True,False,True
B000002956,인천운남초등학교,중구,4.0,접근 양호,0,5.079155588874079,3,0,2,1,186.0,운남제1호공원,neighborhood_park_scale,222.8,운남제1호공원,neighborhood_park_scale,near_park_low_green_imbalance,근접 공원-녹지환경 불균형형,78.8,78.8,78.8,3,3,1,3,case3_access_mid_green,2.0,3,case3_access_mid_green,2.0,3,case3_access_mid_green,2.0,4,True,False,True,False
B000002957,인천공항초등학교,중구,4.0,접근 양호,0,5.766016684276104,4,4,0,0,105.8,뒷마루공원,neighborhood_park_scale,105.8,뒷마루공원,neighborhood_park_scale,functional_access_available,활동규모 공원 접근 가능형,79.7,148.9,145.5,4,0,0,4,case4_good_access,1.0,4,case4_good_access,1.0,3,case3_access_mid_green,2.0,4,False,False,True,True
B000002958,인천삼목초등학교,중구,3.0,"접근 가능, 중간 수준",0,1.622349304404343,4,3,1,0,463.4,나리공원,small_child_park,758.1,영마루공원,neighborhood_park_scale,nominal_access_only,명목 접근성 착시형,115.9,349.9,272.1,4,1,0,3,case3_access_mid_green,2.0,3,case3_access_mid_green,2.0,2,case2_access_low_green,3.0,3,False,False,True,True
B000002959,인천영종초등학교,중구,4.0,접근 양호,0,7.1998,1,1,0,0,235.0,파크골프공원,neighborhood_park_scale,41.4,파크골프공원,neighborhood_park_scale,functional_access_available,활동규모 공원 접근 가능형,136.6,136.6,136.6,1,0,0,4,case4_good_access,1.0,4,case4_good_access,1.0,4,case4_good_access,1.0,4,False,False,False,False
B000002960,인성초등학교,중구,4.0,접근 양호,0,18.608229145254416,4,3,0,1,382.2,자유공원,neighborhood_park_scale,382.2,자유공원,neighborhood_park_scale,functional_access_with_barrier,보행부담 동반형,140.1,154.7,154.7,4,1,1,4,case4_good_access,1.0,4,case4_good_access,1.0,4,case4_good_access,1.0,4,False,False,False,False
B000002962,인천영종초등학교금산분교장,중구,1.0,공원 접근 결핍,0,0.0,0,0,0,0,1587.3,미단시티 2호,neighborhood_park_scale,1587.3,미단시티 2호,neighborhood_park_scale,no_official_park,공원 접근 결핍형,852.2,1037.4,1037.4,0,0,0,1,case1_access_deficit,4.0,1,case1_access_deficit,4.0,1,case1_access_deficit,4.0,1,False,False,False,False
B000002963,인천만석초등학교,동구,3.0,"접근 가능, 중간 수준",0,3.0621,2,2,0,0,110.6,화수3공원,playground_like,397.7,화도진공원,neighborhood_park_scale,near_park_low_green_imbalance,근접 공원-녹지환경 불균형형,181.4,336.9,336.9,2,0,0,3,case3_access_mid_green,2.0,3,case3_access_mid_green,2.0,3,case3_access_mid_green,2.0,3,False,False,False,False
B000002964,인천송현초등학교,동구,2.0,접근 가능하나 녹지 부족,0,0.226300307790341,1,1,0,0,182.0,화수13공원,playground_like,609.3,화도진공원,neighborhood_park_scale,nominal_access_only,명목 접근성 착시형,176.6,504.5,504.5,1,0,0,2,case2_access_low_green,3.0,,,,,,,2,True,True,True,True
B000002965,인천창영초등학교,동구,2.0,접근 가능하나 녹지 부족,0,0.5480790386337815,1,1,0,0,43.4,창영공원,playground_like,788.6,솔마루공원,mid_activity_park,nominal_access_only,명목 접근성 착시형,103.7,621.7,621.7,1,0,0,2,case2_access_low_green,3.0,,,,,,,2,True,True,True,True
B000002966,인천송림초등학교,동구,3.0,"접근 가능, 중간 수준",0,1.9298303990683008,4,3,0,1,281.0,솔마루공원,mid_activity_park,354.2,솔마루공원,mid_activity_park,near_park_low_green_imbalance,근접 공원-녹지환경 불균형형,309.8,316.0,316.0,4,1,1,3,case3_access_mid_green,2.0,3,case3_access_mid_green,2.0,3,case3_access_mid_green,2.0,3,False,False,False,False
B000002967,인천서흥초등학교,동구,4.0,접근 양호,0,5.238971738865093,0,0,0,0,208.0,송현공원,neighborhood_park_scale,505.5,송현공원,neighborhood_park_scale,nominal_access_only,명목 접근성 착시형,467.7,467.7,467.7,0,0,0,4,case4_good_access,1.0,3,case3_access_mid_green,2.0,3,case3_access_mid_green,2.0,4,True,True,True,True
B000002968,인천서림초등학교,동구,1.0,공원 접근 결핍,0,0.0,0,0,0,0,728.0,송현공원,neighborhood_park_scale,728.0,송현공원,neighborhood_park_scale,no_official_park,공원 접근 결핍형,583.5,655.4,655.4,0,0,0,1,case1_access_deficit,4.0,1,case1_access_deficit,4.0,1,case1_access_deficit,4.0,1,False,False,False,False
B000002969,인천동명초등학교,동구,2.0,접근 가능하나 녹지 부족,0,0.1523607048822965,0,0,0,0,432.0,창영공원,playground_like,653.2,송현공원,neighborhood_park_scale,nominal_access_only,명목 접근성 착시형,452.0,476.6,476.6,0,0,0,2,case2_access_low_green,3.0,2,case2_access_low_green,3.0,2,case2_access_low_green,3.0,2,False,False,False,False
B000002970,영화초등학교,동구,2.0,접근 가능하나 녹지 부족,0,0.4756300242898112,1,1,0,0,305.1,창영공원,playground_like,1027.3,송현공원,neighborhood_park_scale,nominal_access_only,명목 접근성 착시형,133.2,678.6,678.6,1,0,0,2,case2_access_low_green,3.0,,,,,,,2,True,True,True,True
B000002971,인천숭의초등학교,미추홀구,2.0,접근 가능하나 녹지 부족,0,0.0,0,0,0,0,54.0,주인공원,neighborhood_park_scale,1115.2,주인공원,neighborhood_park_scale,nominal_access_only,명목 접근성 착시형,848.2,848.2,848.2,0,0,0,1,case1_access_deficit,4.0,1,case1_access_deficit,4.0,1,case1_access_deficit,4.0,2,True,False,True,False
B000002972,인천용정초등학교,미추홀구,3.0,"접근 가능, 중간 수준",0,2.600076070231589,0,0,0,0,50.0,주인공원,neighborhood_park_scale,887.7,주인공원,neighborhood_park_scale,nominal_access_only,명목 접근성 착시형,622.7,622.7,622.7,0,0,0,,,,,,,,,,3,True,False,True,False
B000002973,인천용일초등학교,미추홀구,2.0,접근 가능하나 녹지 부족,0,0.8928494114540239,1,0,0,1,331.7,용남공원,mid_activity_park,331.7,용남공원,mid_activity_park,near_park_low_green_imbalance,근접 공원-녹지환경 불균형형,312.1,312.1,312.1,1,1,1,2,case2_access_low_green,3.0,2,case2_access_low_green,3.0,2,case2_access_low_green,3.0,2,False,False,False,False
B000002974,인천용현초등학교,미추홀구,3.0,"접근 가능, 중간 수준",0,2.869651381442168,3,3,0,0,299.0,용정공원,neighborhood_park_scale,299.0,용정공원,neighborhood_park_scale,near_park_low_green_imbalance,근접 공원-녹지환경 불균형형,260.2,260.2,260.2,3,0,0,3,case3_access_mid_green,2.0,3,case3_access_mid_green,2.0,3,case3_access_mid_green,2.0,3,False,False,False,False
B000002975,인천용현남초등학교,미추홀구,2.0,접근 가능하나 녹지 부족,0,0.0,0,0,0,0,497.0,햇님공원,playground_like,1332.4,용정공원,neighborhood_park_scale,nominal_access_only,명목 접근성 착시형,127.8,127.8,127.8,0,0,0,2,case2_access_low_green,3.0,2,case2_access_low_green,3.0,2,case2_access_low_green,3.0,2,False,False,False,False
B000002976,인천학산초등학교,미추홀구,3.0,"접근 가능, 중간 수준",0,2.845479808318261,2,0,2,0,74.1,모리포공원,mid_activity_park,74.1,모리포공원,mid_activity_park,near_park_low_green_imbalance,근접 공원-녹지환경 불균형형,104.1,104.1,104.1,2,2,0,3,case3_access_mid_green,2.0,3,case3_access_mid_green,2.0,3,case3_access_mid_green,2.0,3,False,False,False,False
B000002977,인천백학초등학교,미추홀구,4.0,접근 양호,0,28.69041298381313,5,1,3,1,56.9,묵동공원,small_child_park,338.6,문학공원,neighborhood_park_scale,functional_access_available,활동규모 공원 접근 가능형,84.0,262.0,84.0,5,4,1,4,case4_good_access,1.0,4,case4_good_access,1.0,4,case4_good_access,1.0,4,False,False,False,False
B000002978,인천도화초등학교,미추홀구,4.0,접근 양호,0,26.60052385385585,0,0,0,0,605.3,수봉공원,neighborhood_park_scale,605.3,수봉공원,neighborhood_park_scale,no_official_park,공원 접근 결핍형,459.1,459.1,459.1,0,0,0,4,case4_good_access,1.0,4,case4_good_access,1.0,4,case4_good_access,1.0,4,False,False,False,False
B000002979,인천문학초등학교,미추홀구,3.0,"접근 가능, 중간 수준",0,2.008905771584397,2,2,0,0,241.4,소성어린이공원,playground_like,370.3,삼호어린이공원,mid_activity_park,near_park_low_green_imbalance,근접 공원-녹지환경 불균형형,100.8,305.4,305.4,2,0,0,3,case3_access_mid_green,2.0,3,case3_access_mid_green,2.0,3,case3_access_mid_green,2.0,3,False,False,False,False
B000002980,인천관교초등학교,미추홀구,3.0,"접근 가능, 중간 수준",0,1.6718030258424468,4,0,4,0,201.4,관교공원,small_child_park,736.9,구월문화공원,mid_activity_park,nominal_access_only,명목 접근성 착시형,175.4,540.8,175.4,4,4,0,3,case3_access_mid_green,2.0,3,case3_access_mid_green,2.0,,,,3,False,False,True,True
B000002981,인천경원초등학교,미추홀구,2.0,접근 가능하나 녹지 부족,0,0.5142,2,1,1,0,73.2,비선거리공원,playground_like,754.4,하늘새어린이공원,mid_activity_park,nominal_access_only,명목 접근성 착시형,84.2,627.5,84.2,2,1,0,2,case2_access_low_green,3.0,2,case2_access_low_green,3.0,,,,2,False,False,True,True
B000002982,인천석암초등학교,미추홀구,1.0,공원 접근 결핍,0,0.0,0,0,0,0,947.1,주안공원,mid_activity_park,947.1,주안공원,mid_activity_park,no_official_park,공원 접근 결핍형,581.1,670.2,670.2,0,0,0,1,case1_access_deficit,4.0,1,case1_access_deficit,4.0,1,case1_access_deficit,4.0,1,False,False,False,False
B000002983,인천남부초등학교,미추홀구,2.0,접근 가능하나 녹지 부족,0,0.5679379393550057,1,0,1,0,305.0,사미공원,small_child_park,708.7,승기어린이공원,mid_activity_park,nominal_access_only,명목 접근성 착시형,281.5,387.5,281.5,1,1,0,2,case2_access_low_green,3.0,2,case2_access_low_green,3.0,2,case2_access_low_green,3.0,2,False,False,False,False
B000002984,인천승학초등학교,미추홀구,4.0,접근 양호,0,71.4070674088551,1,0,0,1,346.7,중앙공원,neighborhood_park_scale,346.7,중앙공원,neighborhood_park_scale,functional_access_with_barrier,보행부담 동반형,190.1,190.1,190.1,1,1,1,4,case4_good_access,1.0,4,case4_good_access,1.0,4,case4_good_access,1.0,4,False,False,False,False
B000002985,인천서화초등학교,미추홀구,4.0,접근 양호,0,5.853468603507503,3,1,0,2,249.1,배말근린공원,neighborhood_park_scale,249.1,배말근린공원,neighborhood_park_scale,functional_access_available,활동규모 공원 접근 가능형,138.2,138.2,138.2,3,2,2,4,case4_good_access,1.0,4,case4_good_access,1.0,3,case3_access_mid_green,2.0,4,False,False,True,True
B000002986,인천대화초등학교,미추홀구,2.0,접근 가능하나 녹지 부족,0,0.6191373845422502,1,0,1,0,254.6,쑥골공원,small_child_park,670.4,화동공원,neighborhood_park_scale,nominal_access_only,명목 접근성 착시형,264.5,556.1,264.5,1,1,0,2,case2_access_low_green,3.0,2,case2_access_low_green,3.0,,,,2,False,False,True,True
B000002987,인천주안북초등학교,미추홀구,2.0,접근 가능하나 녹지 부족,0,0.0,0,0,0,0,279.4,염창공원,small_child_park,1026.4,돌샘어린이공원,mid_activity_park,nominal_access_only,명목 접근성 착시형,245.0,600.2,245.0,0,0,0,2,case2_access_low_green,3.0,2,case2_access_low_green,3.0,1,case1_access_deficit,4.0,2,False,False,True,True
B000002989,인천주안남초등학교,미추홀구,2.0,접근 가능하나 녹지 부족,0,0.4263408185968763,1,0,1,0,60.5,미니공원,small_child_park,974.0,미추어린이공원,mid_activity_park,nominal_access_only,명목 접근성 착시형,46.0,669.0,46.0,1,1,0,2,case2_access_low_green,3.0,2,case2_access_low_green,3.0,,,,2,False,False,True,True
B000002990,인천학익초등학교,미추홀구,2.0,접근 가능하나 녹지 부족,0,0.8526816371937526,0,0,0,0,50.0,학익공원,mid_activity_park,784.3,학익공원,mid_activity_park,nominal_access_only,명목 접근성 착시형,175.3,175.3,175.3,0,0,0,2,case2_access_low_green,3.0,2,case2_access_low_green,3.0,2,case2_access_low_green,3.0,2,False,False,False,False
B000002991,인천인주초등학교,미추홀구,3.0,"접근 가능, 중간 수준",0,1.5948290557003468,2,1,1,0,222.5,나리공원,small_child_park,222.5,선비공원,mid_activity_park,near_park_low_green_imbalance,근접 공원-녹지환경 불균형형,192.7,192.7,192.7,2,1,0,3,case3_access_mid_green,2.0,3,case3_access_mid_green,2.0,2,case2_access_low_green,3.0,3,False,False,True,True
B000002992,인천연학초등학교,미추홀구,4.0,접근 양호,0,6.8852393269625205,3,0,1,2,121.4,물방울어린이공원,small_child_park,409.1,미추홀공원,neighborhood_park_scale,functional_access_available,활동규모 공원 접근 가능형,162.3,334.5,162.3,3,3,2,4,case4_good_access,1.0,4,case4_good_access,1.0,4,case4_good_access,1.0,4,False,False,False,False
B000002993,연평초등학교,옹진군,,별도 묶음,1,0.0,0,0,0,0,16479.1,창포공원,small_child_park,,,,no_official_park,공원 접근 결핍형,63552.9,69258.1,69258.1,0,0,0,,separate_bundle,,,separate_bundle,,,separate_bundle,,,False,False,False,False
B000002994,대청초등학교,옹진군,,별도 묶음,1,0.0,0,0,0,0,16479.1,창포공원,small_child_park,,,,no_official_park,공원 접근 결핍형,153664.9,157422.4,157422.4,0,0,0,,separate_bundle,,,separate_bundle,,,separate_bundle,,,False,False,False,False
B000002995,영흥초등학교,옹진군,,별도 묶음,1,0.0,0,0,0,0,19637.4,영종하늘도시 6호,neighborhood_park_scale,,,,no_official_park,공원 접근 결핍형,19421.0,19421.0,19421.0,0,0,0,,separate_bundle,,,separate_bundle,,,separate_bundle,,,False,False,False,False
B000002996,덕적초등학교,옹진군,,별도 묶음,1,0.0,0,0,0,0,18983.5,영종하늘도시 6호,neighborhood_park_scale,,,,no_official_park,공원 접근 결핍형,33387.1,42133.9,42002.0,0,0,0,,separate_bundle,,,separate_bundle,,,separate_bundle,,,False,False,False,False
B000002997,북포초등학교,옹진군,,별도 묶음,1,0.0,0,0,0,0,16479.1,창포공원,small_child_park,,,,no_official_park,공원 접근 결핍형,160751.8,161863.4,161863.4,0,0,0,,separate_bundle,,,separate_bundle,,,separate_bundle,,,False,False,False,False
B000002998,백령초등학교,옹진군,,별도 묶음,1,0.0,0,0,0,0,16479.1,창포공원,small_child_park,,,,no_official_park,공원 접근 결핍형,156952.0,157466.9,157466.9,0,0,0,,separate_bundle,,,separate_bundle,,,separate_bundle,,,False,False,False,False
B000002999,인천공항초등학교신도분교장,옹진군,,별도 묶음,1,0.0,0,0,0,0,6831.7,창포공원,small_child_park,,,,no_official_park,공원 접근 결핍형,4028.8,4028.8,4028.8,0,0,0,,separate_bundle,,,separate_bundle,,,separate_bundle,,,False,False,False,False
B000003000,인천삼목초등학교장봉분교장,옹진군,,별도 묶음,1,0.0,0,0,0,0,16196.8,창포공원,small_child_park,,,,no_official_park,공원 접근 결핍형,8330.3,13186.7,13186.7,0,0,0,,separate_bundle,,,separate_bundle,,,separate_bundle,,,False,False,False,False
B000003004,인천남부초등학교이작분교장,옹진군,,별도 묶음,1,0.0,0,0,0,0,18983.5,영종하늘도시 6호,neighborhood_park_scale,,,,no_official_park,공원 접근 결핍형,33813.9,39699.3,39699.3,0,0,0,,separate_bundle,,,separate_bundle,,,separate_bundle,,,False,False,False,False
B000003005,인천용현남초등학교자월분교장,옹진군,,별도 묶음,1,0.0,0,0,0,0,18983.5,영종하늘도시 6호,neighborhood_park_scale,,,,no_official_park,공원 접근 결핍형,24329.4,30493.1,30493.1,0,0,0,,separate_bundle,,,separate_bundle,,,separate_bundle,,,False,False,False,False
B000003006,인천부평서초등학교,부평구,2.0,접근 가능하나 녹지 부족,0,0.2912266991658678,1,1,0,0,304.0,서부동놀이공원,playground_like,862.8,부흥놀이공원,mid_activity_park,nominal_access_only,명목 접근성 착시형,202.8,814.6,814.6,1,0,0,2,case2_access_low_green,3.0,,,,,,,2,True,True,True,True
B000003007,인천부곡초등학교,부평구,2.0,접근 가능하나 녹지 부족,0,0.865276661289274,0,0,0,0,420.0,마장공원,neighborhood_park_scale,779.6,마장공원,neighborhood_park_scale,nominal_access_only,명목 접근성 착시형,317.8,317.8,317.8,0,0,0,2,case2_access_low_green,3.0,2,case2_access_low_green,3.0,2,case2_access_low_green,3.0,2,False,False,False,False
B000003008,인천마곡초등학교,부평구,3.0,"접근 가능, 중간 수준",0,1.5676121085960033,2,1,1,0,0.0,성벽어린이공원,small_child_park,1094.3,푸른내어린이공원,mid_activity_park,nominal_access_only,명목 접근성 착시형,66.8,345.7,66.8,2,1,0,3,case3_access_mid_green,2.0,2,case2_access_low_green,3.0,2,case2_access_low_green,3.0,3,True,True,True,True
B000003009,인천대정초등학교,부평구,2.0,접근 가능하나 녹지 부족,0,0.0,0,0,0,0,317.0,마장공원,neighborhood_park_scale,1287.1,마장공원,neighborhood_park_scale,nominal_access_only,명목 접근성 착시형,602.9,602.9,602.9,0,0,0,1,case1_access_deficit,4.0,1,case1_access_deficit,4.0,1,case1_access_deficit,4.0,2,True,False,True,False
B000003010,인천청천초등학교,부평구,4.0,접근 양호,0,5.0886733067130905,3,0,3,0,113.7,어울림어린이공원,mid_activity_park,113.7,어울림어린이공원,mid_activity_park,near_park_low_green_imbalance,근접 공원-녹지환경 불균형형,86.3,86.3,86.3,3,3,0,3,case3_access_mid_green,2.0,3,case3_access_mid_green,2.0,3,case3_access_mid_green,2.0,4,True,False,True,False
B000003011,인천갈산초등학교,부평구,3.0,"접근 가능, 중간 수준",0,4.009450590234919,1,0,0,1,212.0,상꾸지놀이공원,mid_activity_park,359.8,상꾸지놀이공원,mid_activity_park,near_park_low_green_imbalance,근접 공원-녹지환경 불균형형,124.6,318.8,124.6,1,1,1,3,case3_access_mid_green,2.0,3,case3_access_mid_green,2.0,3,case3_access_mid_green,2.0,3,False,False,False,False
B000003012,인천후정초등학교,부평구,3.0,"접근 가능, 중간 수준",0,1.7474424679514575,1,0,1,0,65.9,동화놀이공원,small_child_park,507.1,도드리놀이공원,mid_activity_park,nominal_access_only,명목 접근성 착시형,65.8,65.8,65.8,1,1,0,3,case3_access_mid_green,2.0,3,case3_access_mid_green,2.0,2,case2_access_low_green,3.0,3,False,False,True,True
B000003013,인천영선초등학교,부평구,3.0,"접근 가능, 중간 수준",0,1.762688543354465,0,0,0,0,145.9,햇살공원,mid_activity_park,145.9,햇살공원,mid_activity_park,near_park_low_green_imbalance,근접 공원-녹지환경 불균형형,150.8,150.8,150.8,0,0,0,3,case3_access_mid_green,2.0,3,case3_access_mid_green,2.0,2,case2_access_low_green,3.0,3,False,False,True,True
B000003014,인천진산초등학교,부평구,4.0,접근 양호,0,14.020999494165734,1,0,0,1,152.0,새싹공원,mid_activity_park,152.0,새싹공원,mid_activity_park,near_park_low_green_imbalance,근접 공원-녹지환경 불균형형,202.6,202.6,202.6,1,1,1,4,case4_good_access,1.0,4,case4_good_access,1.0,4,case4_good_access,1.0,4,False,False,False,False
B000003015,인천구산초등학교,부평구,4.0,접근 양호,0,6.00706905267396,1,0,1,0,105.0,부개공원,neighborhood_park_scale,182.6,부개공원,neighborhood_park_scale,functional_access_available,활동규모 공원 접근 가능형,152.7,152.7,152.7,1,1,0,4,case4_good_access,1.0,4,case4_good_access,1.0,3,case3_access_mid_green,2.0,4,False,False,True,True
B000003016,인천부일초등학교,부평구,3.0,"접근 가능, 중간 수준",0,4.687834898287536,0,0,0,0,0.0,동소정놀이공원,small_child_park,63.6,새말놀이공원,mid_activity_park,near_park_low_green_imbalance,근접 공원-녹지환경 불균형형,56.4,225.6,56.4,0,0,0,3,case3_access_mid_green,2.0,3,case3_access_mid_green,2.0,3,case3_access_mid_green,2.0,3,False,False,False,False
B000003017,인천부내초등학교,부평구,4.0,접근 양호,0,28.65007072493161,1,0,0,1,263.6,대촌공원,neighborhood_park_scale,263.6,대촌공원,neighborhood_park_scale,functional_access_with_barrier,보행부담 동반형,105.6,105.6,105.6,1,1,1,4,case4_good_access,1.0,4,case4_good_access,1.0,4,case4_good_access,1.0,4,False,False,False,False
B000003018,인천부개서초등학교,부평구,2.0,접근 가능하나 녹지 부족,0,0.5277954968138828,0,0,0,0,232.0,한가람공원,mid_activity_park,576.8,한가람공원,mid_activity_park,nominal_access_only,명목 접근성 착시형,131.5,131.5,131.5,0,0,0,2,case2_access_low_green,3.0,2,case2_access_low_green,3.0,2,case2_access_low_green,3.0,2,False,False,False,False
B000003019,인천부광초등학교,부평구,4.0,접근 양호,0,5.659629676069274,3,0,1,2,117.6,세영공원,neighborhood_park_scale,117.6,세영공원,neighborhood_park_scale,functional_access_available,활동규모 공원 접근 가능형,87.8,87.8,87.8,3,3,2,4,case4_good_access,1.0,4,case4_good_access,1.0,3,case3_access_mid_green,2.0,4,False,False,True,True
B000003020,인천일신초등학교,부평구,3.0,"접근 가능, 중간 수준",0,1.510163863251238,2,1,0,1,218.4,일신놀이공원,mid_activity_park,218.4,일신놀이공원,mid_activity_park,near_park_low_green_imbalance,근접 공원-녹지환경 불균형형,123.7,123.7,123.7,2,1,1,3,case3_access_mid_green,2.0,2,case2_access_low_green,3.0,2,case2_access_low_green,3.0,3,True,True,True,True
B000003021,인천금마초등학교,부평구,2.0,접근 가능하나 녹지 부족,0,0.0,0,0,0,0,477.0,일신놀이공원,mid_activity_park,835.7,일신놀이공원,mid_activity_park,nominal_access_only,명목 접근성 착시형,311.4,321.5,321.5,0,0,0,2,case2_access_low_green,3.0,2,case2_access_low_green,3.0,2,case2_access_low_green,3.0,2,False,False,False,False
B000003022,인천상정초등학교,부평구,3.0,"접근 가능, 중간 수준",0,2.085138946738022,0,0,0,0,300.0,한마음어린이공원,mid_activity_park,465.2,한마음어린이공원,mid_activity_park,near_park_low_green_imbalance,근접 공원-녹지환경 불균형형,310.2,310.2,310.2,0,0,0,3,case3_access_mid_green,2.0,3,case3_access_mid_green,2.0,3,case3_access_mid_green,2.0,3,False,False,False,False
B000003023,인천부평북초등학교,부평구,4.0,접근 양호,0,6.320530687825325,0,0,0,0,385.0,삼산어린이공원,small_child_park,843.0,햇살공원,mid_activity_park,nominal_access_only,명목 접근성 착시형,356.3,356.3,356.3,0,0,0,4,case4_good_access,1.0,4,case4_good_access,1.0,3,case3_access_mid_green,2.0,4,False,False,True,True
B000003024,인천갈월초등학교,부평구,4.0,접근 양호,0,15.16886709955408,4,0,1,3,257.9,굴포공원,neighborhood_park_scale,257.9,굴포공원,neighborhood_park_scale,functional_access_with_barrier,보행부담 동반형,134.2,143.0,134.2,4,4,3,4,case4_good_access,1.0,4,case4_good_access,1.0,4,case4_good_access,1.0,4,False,False,False,False
B000003025,인천부개초등학교,부평구,2.0,접근 가능하나 녹지 부족,0,0.4297674786891796,1,1,0,0,305.9,마분놀이공원,playground_like,592.2,일신놀이공원,mid_activity_park,nominal_access_only,명목 접근성 착시형,201.1,408.4,408.4,1,0,0,2,case2_access_low_green,3.0,2,case2_access_low_green,3.0,2,case2_access_low_green,3.0,2,False,False,False,False
B000003026,인천동수초등학교,부평구,3.0,"접근 가능, 중간 수준",0,1.3772133516183207,0,0,0,0,269.0,만월공원,mid_activity_park,536.8,만월공원,mid_activity_park,nominal_access_only,명목 접근성 착시형,242.7,242.7,242.7,0,0,0,3,case3_access_mid_green,2.0,2,case2_access_low_green,3.0,2,case2_access_low_green,3.0,3,True,True,True,True
B000003027,인천부원초등학교,부평구,1.0,공원 접근 결핍,0,0.0,0,0,0,0,752.2,신트리공원,neighborhood_park_scale,752.2,신트리공원,neighborhood_park_scale,no_official_park,공원 접근 결핍형,458.7,561.8,458.7,0,0,0,2,case2_access_low_green,3.0,2,case2_access_low_green,3.0,1,case1_access_deficit,4.0,1,True,False,False,True
B000003028,인천부흥초등학교,부평구,2.0,접근 가능하나 녹지 부족,0,0.8246578175469447,1,0,0,1,162.1,부흥놀이공원,mid_activity_park,162.1,부흥놀이공원,mid_activity_park,near_park_low_green_imbalance,근접 공원-녹지환경 불균형형,118.7,118.7,118.7,1,1,1,2,case2_access_low_green,3.0,2,case2_access_low_green,3.0,2,case2_access_low_green,3.0,2,False,False,False,False
B000003029,인천부평동초등학교,부평구,2.0,접근 가능하나 녹지 부족,0,0.5142,0,0,0,0,409.0,꿈나무공원,small_child_park,864.2,부흥놀이공원,mid_activity_park,nominal_access_only,명목 접근성 착시형,364.1,758.1,364.1,0,0,0,2,case2_access_low_green,3.0,2,case2_access_low_green,3.0,,,,2,False,False,True,True
B000003030,인천부평남초등학교,부평구,2.0,접근 가능하나 녹지 부족,0,0.5329166459152997,0,0,0,0,399.0,이야기꽃어린이공원,playground_like,853.7,부평공원,neighborhood_park_scale,nominal_access_only,명목 접근성 착시형,496.3,496.3,496.3,0,0,0,2,case2_access_low_green,3.0,2,case2_access_low_green,3.0,2,case2_access_low_green,3.0,2,False,False,False,False
B000003031,인천산곡북초등학교,부평구,3.0,"접근 가능, 중간 수준",0,1.1619185855194434,2,1,1,0,472.0,성벽어린이공원,small_child_park,850.4,다온어린이공원,mid_activity_park,nominal_access_only,명목 접근성 착시형,337.1,467.4,337.1,2,1,0,2,case2_access_low_green,3.0,2,case2_access_low_green,3.0,2,case2_access_low_green,3.0,3,True,False,True,False
B000003032,인천산곡초등학교,부평구,2.0,접근 가능하나 녹지 부족,0,0.0,0,0,0,0,200.0,산곡소공원,playground_like,961.7,산곡어린이공원,mid_activity_park,nominal_access_only,명목 접근성 착시형,263.0,382.2,382.2,0,0,0,2,case2_access_low_green,3.0,2,case2_access_low_green,3.0,2,case2_access_low_green,3.0,2,False,False,False,False
B000003033,인천부마초등학교,부평구,1.0,공원 접근 결핍,0,0.0,0,0,0,0,801.4,산곡소공원,playground_like,920.4,산곡어린이공원,mid_activity_park,no_official_park,공원 접근 결핍형,605.5,648.7,648.7,0,0,0,1,case1_access_deficit,4.0,1,case1_access_deficit,4.0,1,case1_access_deficit,4.0,1,False,False,False,False
B000003034,인천미산초등학교,부평구,1.0,공원 접근 결핍,0,0.0,0,0,0,0,1143.0,마장공원,neighborhood_park_scale,1143.0,마장공원,neighborhood_park_scale,no_official_park,공원 접근 결핍형,462.5,462.5,462.5,0,0,0,2,case2_access_low_green,3.0,2,case2_access_low_green,3.0,2,case2_access_low_green,3.0,1,True,False,True,False
B000003035,인천산곡남초등학교,부평구,2.0,접근 가능하나 녹지 부족,0,0.0,0,0,0,0,343.0,마장공원,neighborhood_park_scale,1002.6,마장공원,neighborhood_park_scale,nominal_access_only,명목 접근성 착시형,447.1,447.1,447.1,0,0,0,2,case2_access_low_green,3.0,2,case2_access_low_green,3.0,2,case2_access_low_green,3.0,2,False,False,False,False
B000003036,인천신촌초등학교,부평구,4.0,접근 양호,0,6.234053939941079,1,0,0,1,498.0,함봉공원(1단계),neighborhood_park_scale,389.6,함봉공원(1단계),neighborhood_park_scale,near_park_low_green_imbalance,근접 공원-녹지환경 불균형형,380.8,395.6,395.6,1,1,1,4,case4_good_access,1.0,4,case4_good_access,1.0,3,case3_access_mid_green,2.0,4,False,False,True,True
B000003037,인천하정초등학교,부평구,3.0,"접근 가능, 중간 수준",0,4.049777060156277,2,1,1,0,177.4,수정놀이공원,playground_like,399.6,한마음어린이공원,mid_activity_park,near_park_low_green_imbalance,근접 공원-녹지환경 불균형형,148.7,330.2,168.2,2,1,0,3,case3_access_mid_green,2.0,3,case3_access_mid_green,2.0,3,case3_access_mid_green,2.0,3,False,False,False,False
B000003038,인천십정초등학교,부평구,3.0,"접근 가능, 중간 수준",0,1.7703980668232946,4,3,1,0,304.9,하동놀이공원,playground_like,738.5,한마음어린이공원,mid_activity_park,nominal_access_only,명목 접근성 착시형,225.8,522.0,252.0,4,1,0,3,case3_access_mid_green,2.0,3,case3_access_mid_green,2.0,,,,3,False,False,True,True
B000003039,인천백운초등학교,부평구,4.0,접근 양호,0,88.17562877160037,0,0,0,0,322.0,십정공원,neighborhood_park_scale,303.2,십정공원,neighborhood_park_scale,functional_access_with_barrier,보행부담 동반형,126.6,126.6,126.6,0,0,0,4,case4_good_access,1.0,4,case4_good_access,1.0,4,case4_good_access,1.0,4,False,False,False,False
B000003040,인천동암초등학교,부평구,3.0,"접근 가능, 중간 수준",0,1.1440424106102876,3,1,2,0,152.1,약산놀이공원,small_child_park,685.2,석촌공원,neighborhood_park_scale,nominal_access_only,명목 접근성 착시형,161.1,319.8,161.1,3,2,0,2,case2_access_low_green,3.0,2,case2_access_low_green,3.0,2,case2_access_low_green,3.0,3,True,False,True,False
B000003041,인천용마초등학교,부평구,2.0,접근 가능하나 녹지 부족,0,0.0,0,0,0,0,408.0,다온어린이공원,mid_activity_park,1060.4,다온어린이공원,mid_activity_park,nominal_access_only,명목 접근성 착시형,339.5,339.5,339.5,0,0,0,2,case2_access_low_green,3.0,2,case2_access_low_green,3.0,2,case2_access_low_green,3.0,2,False,False,False,False
B000003042,인천마장초등학교,부평구,1.0,공원 접근 결핍,0,0.0,0,0,0,0,839.7,마장공원,neighborhood_park_scale,839.7,마장공원,neighborhood_park_scale,no_official_park,공원 접근 결핍형,618.1,618.1,618.1,0,0,0,1,case1_access_deficit,4.0,1,case1_access_deficit,4.0,1,case1_access_deficit,4.0,1,False,False,False,False
B000003043,인천개흥초등학교,부평구,3.0,"접근 가능, 중간 수준",0,2.937836028445912,2,0,2,0,220.0,신복공원,small_child_park,567.1,신트리공원,neighborhood_park_scale,nominal_access_only,명목 접근성 착시형,308.7,425.3,308.7,2,2,0,3,case3_access_mid_green,2.0,3,case3_access_mid_green,2.0,3,case3_access_mid_green,2.0,3,False,False,False,False
B000003044,인천삼산초등학교,부평구,4.0,접근 양호,0,5.41652525816313,3,0,1,2,337.0,사랑샘공원,mid_activity_park,337.0,사랑샘공원,mid_activity_park,near_park_low_green_imbalance,근접 공원-녹지환경 불균형형,215.5,215.5,215.5,3,3,2,4,case4_good_access,1.0,3,case3_access_mid_green,2.0,3,case3_access_mid_green,2.0,4,True,True,True,True
B000003045,인천한길초등학교,부평구,3.0,"접근 가능, 중간 수준",0,3.877070454940848,5,1,3,1,149.3,도드리놀이공원,mid_activity_park,149.3,도드리놀이공원,mid_activity_park,near_park_low_green_imbalance,근접 공원-녹지환경 불균형형,90.0,166.2,166.2,5,4,1,3,case3_access_mid_green,2.0,3,case3_access_mid_green,2.0,3,case3_access_mid_green,2.0,3,False,False,False,False
B000003046,인천굴포초등학교,부평구,4.0,접근 양호,0,5.171329043029595,0,0,0,0,342.5,무지개공원,mid_activity_park,342.5,무지개공원,mid_activity_park,near_park_low_green_imbalance,근접 공원-녹지환경 불균형형,152.5,152.5,152.5,0,0,0,3,case3_access_mid_green,2.0,3,case3_access_mid_green,2.0,3,case3_access_mid_green,2.0,4,True,False,True,False
B000003047,한일초등학교,부평구,2.0,접근 가능하나 녹지 부족,0,0.0,0,0,0,0,67.0,숲속어린이공원,small_child_park,980.3,산곡어린이공원,mid_activity_park,nominal_access_only,명목 접근성 착시형,148.0,476.4,148.0,0,0,0,2,case2_access_low_green,3.0,2,case2_access_low_green,3.0,2,case2_access_low_green,3.0,2,False,False,False,False
B000003048,인천명선초등학교,연수구,4.0,접근 양호,0,20.733643281479043,0,0,0,0,219.0,새아침공원,neighborhood_park_scale,917.9,새아침공원,neighborhood_park_scale,nominal_access_only,명목 접근성 착시형,331.6,752.2,331.6,0,0,0,4,case4_good_access,1.0,4,case4_good_access,1.0,,,,4,False,False,True,True
B000003049,인천축현초등학교,연수구,3.0,"접근 가능, 중간 수준",0,1.7923224406752654,2,2,0,0,295.5,청룡공원,mid_activity_park,295.5,청룡공원,mid_activity_park,near_park_low_green_imbalance,근접 공원-녹지환경 불균형형,230.8,344.3,344.3,2,0,0,3,case3_access_mid_green,2.0,3,case3_access_mid_green,2.0,2,case2_access_low_green,3.0,3,False,False,True,True
B000003050,인천송도초등학교,연수구,2.0,접근 가능하나 녹지 부족,0,0.2766896176428939,1,1,0,0,224.0,향나무공원,playground_like,611.7,청룡공원,mid_activity_park,nominal_access_only,명목 접근성 착시형,252.8,367.7,367.7,1,0,0,2,case2_access_low_green,3.0,2,case2_access_low_green,3.0,2,case2_access_low_green,3.0,2,False,False,False,False
B000003051,인천능허대초등학교,연수구,2.0,접근 가능하나 녹지 부족,0,0.9432306022962966,4,3,1,0,204.8,새싹공원,small_child_park,705.4,능허대공원,neighborhood_park_scale,nominal_access_only,명목 접근성 착시형,103.3,567.0,230.1,4,1,0,2,case2_access_low_green,3.0,2,case2_access_low_green,3.0,,,,2,False,False,True,True
B000003052,인천선학초등학교,연수구,3.0,"접근 가능, 중간 수준",0,3.80599365093397,0,0,0,0,271.0,선학공원,mid_activity_park,302.1,선학공원,mid_activity_park,near_park_low_green_imbalance,근접 공원-녹지환경 불균형형,121.8,121.8,121.8,0,0,0,3,case3_access_mid_green,2.0,3,case3_access_mid_green,2.0,3,case3_access_mid_green,2.0,3,False,False,False,False
B000003053,인천중앙초등학교,연수구,4.0,접근 양호,0,10.177503734857265,1,0,0,1,156.0,솔밭공원,neighborhood_park_scale,355.5,솔밭공원,neighborhood_park_scale,functional_access_available,활동규모 공원 접근 가능형,230.9,287.4,287.4,1,1,1,4,case4_good_access,1.0,4,case4_good_access,1.0,4,case4_good_access,1.0,4,False,False,False,False
B000003054,인천연화초등학교,연수구,3.0,"접근 가능, 중간 수준",0,4.546225604380401,3,0,2,1,198.0,샘말공원,small_child_park,556.4,양지공원,neighborhood_park_scale,near_park_low_green_imbalance,근접 공원-녹지환경 불균형형,149.7,149.7,149.7,3,3,1,3,case3_access_mid_green,2.0,3,case3_access_mid_green,2.0,3,case3_access_mid_green,2.0,3,False,False,False,False
B000003055,인천함박초등학교,연수구,4.0,접근 양호,0,86.17997786576106,2,0,0,2,271.8,장미공원,neighborhood_park_scale,271.8,장미공원,neighborhood_park_scale,functional_access_with_barrier,보행부담 동반형,268.1,268.1,268.1,2,2,2,4,case4_good_access,1.0,4,case4_good_access,1.0,4,case4_good_access,1.0,4,False,False,False,False
B000003056,인천청학초등학교,연수구,4.0,접근 양호,0,22.98339402757174,2,0,0,2,131.3,하나공원,mid_activity_park,131.3,하나공원,mid_activity_park,functional_access_with_barrier,보행부담 동반형,97.2,97.2,97.2,2,2,2,4,case4_good_access,1.0,4,case4_good_access,1.0,4,case4_good_access,1.0,4,False,False,False,False
B000003057,인천청량초등학교,연수구,3.0,"접근 가능, 중간 수준",0,3.23391646727188,2,0,0,2,94.0,청량공원,mid_activity_park,296.5,청량공원,mid_activity_park,near_park_low_green_imbalance,근접 공원-녹지환경 불균형형,121.8,121.8,121.8,2,2,2,3,case3_access_mid_green,2.0,3,case3_access_mid_green,2.0,3,case3_access_mid_green,2.0,3,False,False,False,False
B000003058,인천연성초등학교,연수구,4.0,접근 양호,0,8.884607052737847,0,0,0,0,238.2,부수지공원,neighborhood_park_scale,238.2,부수지공원,neighborhood_park_scale,near_park_low_green_imbalance,근접 공원-녹지환경 불균형형,140.6,140.6,140.6,0,0,0,4,case4_good_access,1.0,4,case4_good_access,1.0,4,case4_good_access,1.0,4,False,False,False,False
B000003059,인천동춘초등학교,연수구,4.0,접근 양호,0,38.08046723658413,1,0,0,1,133.0,동춘3공원,neighborhood_park_scale,388.2,동춘3공원,neighborhood_park_scale,functional_access_available,활동규모 공원 접근 가능형,166.6,166.6,166.6,1,1,1,4,case4_good_access,1.0,4,case4_good_access,1.0,4,case4_good_access,1.0,4,False,False,False,False
B000003060,인천동막초등학교,연수구,3.0,"접근 가능, 중간 수준",0,2.6499910528741064,1,0,0,1,178.0,동막공원,neighborhood_park_scale,360.8,동막공원,neighborhood_park_scale,near_park_low_green_imbalance,근접 공원-녹지환경 불균형형,90.9,90.9,90.9,1,1,1,3,case3_access_mid_green,2.0,3,case3_access_mid_green,2.0,3,case3_access_mid_green,2.0,3,False,False,False,False
B000003061,인천서면초등학교,연수구,3.0,"접근 가능, 중간 수준",0,3.1818761323599314,0,0,0,0,185.0,봉재공원,mid_activity_park,594.5,봉재공원,mid_activity_park,nominal_access_only,명목 접근성 착시형,178.7,178.7,178.7,0,0,0,3,case3_access_mid_green,2.0,3,case3_access_mid_green,2.0,3,case3_access_mid_green,2.0,3,False,False,False,False
B000003062,인천연수초등학교,연수구,2.0,접근 가능하나 녹지 부족,0,0.0,0,0,0,0,373.0,연일공원,mid_activity_park,714.9,연일공원,mid_activity_park,nominal_access_only,명목 접근성 착시형,201.9,278.1,201.9,0,0,0,2,case2_access_low_green,3.0,2,case2_access_low_green,3.0,2,case2_access_low_green,3.0,2,False,False,False,False
B000003063,인천문남초등학교,연수구,4.0,접근 양호,0,43.52993257675584,2,0,1,1,110.1,문남공원,neighborhood_park_scale,110.1,문남공원,neighborhood_park_scale,functional_access_with_barrier,보행부담 동반형,63.3,63.3,63.3,2,2,1,4,case4_good_access,1.0,4,case4_good_access,1.0,4,case4_good_access,1.0,4,False,False,False,False
B000003064,인천옥련초등학교,연수구,2.0,접근 가능하나 녹지 부족,0,0.5669310411225684,3,2,1,0,242.4,새싹공원,small_child_park,706.0,능허대공원,neighborhood_park_scale,nominal_access_only,명목 접근성 착시형,79.0,624.1,79.0,3,1,0,2,case2_access_low_green,3.0,2,case2_access_low_green,3.0,,,,2,False,False,True,True
B000003065,인천신정초등학교,연수구,2.0,접근 가능하나 녹지 부족,0,0.6696076274572196,0,0,0,0,270.5,송도  11호 어린이공원,small_child_park,1170.4,센트럴파크,neighborhood_park_scale,nominal_access_only,명목 접근성 착시형,332.5,776.9,332.5,0,0,0,2,case2_access_low_green,3.0,2,case2_access_low_green,3.0,,,,2,False,False,True,True
B000003066,인천해송초등학교,연수구,4.0,접근 양호,0,52.754840268395206,2,0,0,2,225.2,미추홀공원,neighborhood_park_scale,225.2,미추홀공원,neighborhood_park_scale,functional_access_available,활동규모 공원 접근 가능형,165.0,165.0,165.0,2,2,2,4,case4_good_access,1.0,4,case4_good_access,1.0,4,case4_good_access,1.0,4,False,False,False,False
B000003067,인천신송초등학교,연수구,4.0,접근 양호,0,78.1809201590326,0,0,0,0,0.0,신송공원,neighborhood_park_scale,0.0,신송공원,neighborhood_park_scale,functional_access_available,활동규모 공원 접근 가능형,59.8,59.8,59.8,0,0,0,4,case4_good_access,1.0,4,case4_good_access,1.0,4,case4_good_access,1.0,4,False,False,False,False
B000003068,인천먼우금초등학교,연수구,4.0,접근 양호,0,51.650100041733246,0,0,0,0,112.6,먼우금공원(송도1호),playground_like,675.9,달빛공원,neighborhood_park_scale,nominal_access_only,명목 접근성 착시형,112.6,357.3,357.3,0,0,0,4,case4_good_access,1.0,4,case4_good_access,1.0,4,case4_good_access,1.0,4,False,False,False,False
B000003069,인천박문초등학교,연수구,4.0,접근 양호,0,65.54677045166945,3,1,0,2,0.0,동춘5공원,playground_like,107.9,동춘4공원,neighborhood_park_scale,functional_access_available,활동규모 공원 접근 가능형,95.8,136.5,136.5,3,2,2,4,case4_good_access,1.0,4,case4_good_access,1.0,4,case4_good_access,1.0,4,False,False,False,False
B000003070,인천남촌초등학교,남동구,3.0,"접근 가능, 중간 수준",0,1.7200908008865228,2,1,0,1,148.9,소촌공원,playground_like,464.6,남촌공원,mid_activity_park,near_park_low_green_imbalance,근접 공원-녹지환경 불균형형,144.7,434.9,434.9,2,1,1,3,case3_access_mid_green,2.0,3,case3_access_mid_green,2.0,2,case2_access_low_green,3.0,3,False,False,True,True
B000003071,인천성리초등학교,남동구,3.0,"접근 가능, 중간 수준",0,1.4479825373316244,21,18,3,0,300.9,작은성말공원,small_child_park,748.6,아시아드선수촌공원,neighborhood_park_scale,nominal_access_only,명목 접근성 착시형,215.7,531.0,215.7,21,3,0,3,case3_access_mid_green,2.0,2,case2_access_low_green,3.0,,,,3,True,True,True,True
B000003073,인천정각초등학교,남동구,2.0,접근 가능하나 녹지 부족,0,0.0742395029758699,0,0,0,0,335.8,장다리공원,small_child_park,554.9,구월공원,mid_activity_park,nominal_access_only,명목 접근성 착시형,353.8,418.5,353.8,0,0,0,2,case2_access_low_green,3.0,2,case2_access_low_green,3.0,2,case2_access_low_green,3.0,2,False,False,False,False
B000003074,인천간석초등학교,남동구,3.0,"접근 가능, 중간 수준",0,1.1467647108099863,2,1,0,1,185.4,용광공원,playground_like,382.5,구월공원,mid_activity_park,near_park_low_green_imbalance,근접 공원-녹지환경 불균형형,191.5,258.0,258.0,2,1,1,2,case2_access_low_green,3.0,2,case2_access_low_green,3.0,2,case2_access_low_green,3.0,3,True,False,True,False
B000003075,인천구월서초등학교,남동구,4.0,접근 양호,0,10.099275952460111,4,2,1,1,225.2,석바위공원,neighborhood_park_scale,225.2,석바위공원,neighborhood_park_scale,functional_access_with_barrier,보행부담 동반형,127.8,182.3,182.3,4,2,1,4,case4_good_access,1.0,4,case4_good_access,1.0,4,case4_good_access,1.0,4,False,False,False,False
B000003076,인천상아초등학교,남동구,2.0,접근 가능하나 녹지 부족,0,0.0,0,0,0,0,434.0,용광공원,playground_like,859.1,구월공원,mid_activity_park,nominal_access_only,명목 접근성 착시형,175.1,573.9,175.1,0,0,0,2,case2_access_low_green,3.0,2,case2_access_low_green,3.0,1,case1_access_deficit,4.0,2,False,False,True,True
B000003077,상인천초등학교,남동구,3.0,"접근 가능, 중간 수준",0,1.9273,0,0,0,0,473.0,풀무골소공원,mid_activity_park,447.0,풀무골소공원,mid_activity_park,near_park_low_green_imbalance,근접 공원-녹지환경 불균형형,315.5,315.5,315.5,0,0,0,3,case3_access_mid_green,2.0,3,case3_access_mid_green,2.0,2,case2_access_low_green,3.0,3,False,False,True,True
B000003078,인천석정초등학교,남동구,3.0,"접근 가능, 중간 수준",0,1.7972298521420491,4,2,2,0,107.8,석정공원,small_child_park,1054.0,돌샘어린이공원,mid_activity_park,nominal_access_only,명목 접근성 착시형,157.8,812.8,157.8,4,2,0,3,case3_access_mid_green,2.0,3,case3_access_mid_green,2.0,,,,3,False,False,True,True
B000003079,인천만수북초등학교,남동구,2.0,접근 가능하나 녹지 부족,0,0.0,0,0,0,0,384.0,향촌소공원,playground_like,710.7,아단공원,mid_activity_park,nominal_access_only,명목 접근성 착시형,213.3,566.5,549.2,0,0,0,2,case2_access_low_green,3.0,1,case1_access_deficit,4.0,1,case1_access_deficit,4.0,2,True,True,True,True
B000003080,인천동부초등학교,남동구,2.0,접근 가능하나 녹지 부족,0,0.4456412561200761,5,5,0,0,147.6,화교공원,playground_like,768.1,새말소공원,mid_activity_park,nominal_access_only,명목 접근성 착시형,54.3,702.9,702.9,5,0,0,2,case2_access_low_green,3.0,,,,,,,2,True,True,True,True
B000003081,인천인수초등학교,남동구,3.0,"접근 가능, 중간 수준",0,2.5304146274303023,2,2,0,0,328.5,아단공원,mid_activity_park,328.5,아단공원,mid_activity_park,near_park_low_green_imbalance,근접 공원-녹지환경 불균형형,135.2,319.4,223.7,2,0,0,3,case3_access_mid_green,2.0,3,case3_access_mid_green,2.0,3,case3_access_mid_green,2.0,3,False,False,False,False
B000003082,인천만수초등학교,남동구,3.0,"접근 가능, 중간 수준",0,4.8396035122849925,5,1,3,1,132.2,창대공원,small_child_park,220.2,담방문화공원,mid_activity_park,near_park_low_green_imbalance,근접 공원-녹지환경 불균형형,162.3,162.9,162.3,5,4,1,3,case3_access_mid_green,2.0,3,case3_access_mid_green,2.0,3,case3_access_mid_green,2.0,3,False,False,False,False
B000003083,인천도림초등학교,남동구,4.0,접근 양호,0,7.856396191067942,2,1,0,1,40.0,오봉공원,neighborhood_park_scale,280.4,오봉공원,neighborhood_park_scale,functional_access_with_barrier,보행부담 동반형,78.5,78.5,78.5,2,1,1,4,case4_good_access,1.0,4,case4_good_access,1.0,4,case4_good_access,1.0,4,False,False,False,False
B000003084,인천은봉초등학교,남동구,4.0,접근 양호,0,15.89041235203141,2,0,1,1,372.2,논현중앙공원,neighborhood_park_scale,372.2,논현중앙공원,neighborhood_park_scale,functional_access_with_barrier,보행부담 동반형,179.2,179.2,179.2,2,2,1,4,case4_good_access,1.0,4,case4_good_access,1.0,4,case4_good_access,1.0,4,False,False,False,False
B000003085,인천장도초등학교,남동구,2.0,접근 가능하나 녹지 부족,0,0.7816450540145566,0,0,0,0,298.0,방죽공원,small_child_park,702.3,너른들공원,mid_activity_park,nominal_access_only,명목 접근성 착시형,174.4,430.3,174.4,0,0,0,2,case2_access_low_green,3.0,2,case2_access_low_green,3.0,2,case2_access_low_green,3.0,2,False,False,False,False
B000003086,인천동방초등학교,남동구,2.0,접근 가능하나 녹지 부족,0,0.8725500809282718,1,1,0,0,34.6,논현공원(논현2택지),small_child_park,477.1,호구포공원,neighborhood_park_scale,near_park_low_green_imbalance,근접 공원-녹지환경 불균형형,101.6,459.1,101.6,1,0,0,2,case2_access_low_green,3.0,2,case2_access_low_green,3.0,2,case2_access_low_green,3.0,2,False,False,False,False
B000003087,인천원동초등학교,남동구,3.0,"접근 가능, 중간 수준",0,1.1916602747715592,0,0,0,0,258.7,돌섬공원,mid_activity_park,258.7,돌섬공원,mid_activity_park,near_park_low_green_imbalance,근접 공원-녹지환경 불균형형,167.4,167.5,167.4,0,0,0,2,case2_access_low_green,3.0,2,case2_access_low_green,3.0,2,case2_access_low_green,3.0,3,True,False,True,False
B000003088,인천사리울초등학교,남동구,3.0,"접근 가능, 중간 수준",0,3.1165417476767607,0,0,0,0,137.0,해오름공원,neighborhood_park_scale,404.2,해오름공원,neighborhood_park_scale,near_park_low_green_imbalance,근접 공원-녹지환경 불균형형,334.3,334.3,334.3,0,0,0,3,case3_access_mid_green,2.0,3,case3_access_mid_green,2.0,3,case3_access_mid_green,2.0,3,False,False,False,False
B000003089,인천고잔초등학교,남동구,4.0,접근 양호,0,11.647163671421632,2,0,2,0,80.4,푸른공원,small_child_park,474.0,한아름공원,neighborhood_park_scale,functional_access_available,활동규모 공원 접근 가능형,112.5,314.3,112.5,2,2,0,4,case4_good_access,1.0,4,case4_good_access,1.0,4,case4_good_access,1.0,4,False,False,False,False
B000003090,인천약산초등학교,남동구,4.0,접근 양호,0,11.187478043134576,4,3,0,1,319.0,산밑말근린공원,neighborhood_park_scale,319.0,산밑말근린공원,neighborhood_park_scale,functional_access_with_barrier,보행부담 동반형,205.0,205.0,205.0,4,1,1,4,case4_good_access,1.0,4,case4_good_access,1.0,4,case4_good_access,1.0,4,False,False,False,False
B000003091,인천주원초등학교,남동구,2.0,접근 가능하나 녹지 부족,0,0.0,0,0,0,0,249.0,간석육교공원,playground_like,637.9,이화공원,mid_activity_park,nominal_access_only,명목 접근성 착시형,95.1,360.6,267.3,0,0,0,2,case2_access_low_green,3.0,2,case2_access_low_green,3.0,2,case2_access_low_green,3.0,2,False,False,False,False
B000003092,인천송천초등학교,남동구,4.0,접근 양호,0,71.48006980621331,4,1,2,1,180.7,고잔,small_child_park,270.6,바람공원,mid_activity_park,functional_access_with_barrier,보행부담 동반형,123.9,153.5,123.9,4,3,1,4,case4_good_access,1.0,4,case4_good_access,1.0,4,case4_good_access,1.0,4,False,False,False,False
B000003093,인천석천초등학교,남동구,2.0,접근 가능하나 녹지 부족,0,0.0,0,0,0,0,180.0,하늘공원,small_child_park,1493.6,이화공원,mid_activity_park,nominal_access_only,명목 접근성 착시형,178.5,905.2,178.5,0,0,0,2,case2_access_low_green,3.0,2,case2_access_low_green,3.0,1,case1_access_deficit,4.0,2,False,False,True,True
B000003094,인천신월초등학교,남동구,3.0,"접근 가능, 중간 수준",0,4.632029933248639,1,1,0,0,248.3,남동문화공원,neighborhood_park_scale,248.3,남동문화공원,neighborhood_park_scale,near_park_low_green_imbalance,근접 공원-녹지환경 불균형형,164.7,164.7,164.7,1,0,0,3,case3_access_mid_green,2.0,3,case3_access_mid_green,2.0,3,case3_access_mid_green,2.0,3,False,False,False,False
B000003095,인천구월초등학교,남동구,4.0,접근 양호,0,5.211073810229021,1,0,1,0,277.8,만월공원,small_child_park,1081.6,구월공원,mid_activity_park,nominal_access_only,명목 접근성 착시형,213.8,526.8,213.8,1,1,0,4,case4_good_access,1.0,3,case3_access_mid_green,2.0,,,,4,True,True,True,True
B000003096,인천소래초등학교,남동구,3.0,"접근 가능, 중간 수준",0,2.011603983849624,2,1,1,0,342.7,소래공원,playground_like,877.4,너른들공원,mid_activity_park,nominal_access_only,명목 접근성 착시형,123.9,454.1,123.9,2,1,0,3,case3_access_mid_green,2.0,3,case3_access_mid_green,2.0,3,case3_access_mid_green,2.0,3,False,False,False,False
B000003097,인천논현초등학교,남동구,3.0,"접근 가능, 중간 수준",0,1.292668978175278,1,1,0,0,0.0,아랫말공원,small_child_park,836.9,논현중앙공원,neighborhood_park_scale,nominal_access_only,명목 접근성 착시형,67.9,542.8,67.9,1,0,0,3,case3_access_mid_green,2.0,2,case2_access_low_green,3.0,,,,3,True,True,True,True
B000003098,인천논곡초등학교,남동구,4.0,접근 양호,0,28.73946185742727,0,0,0,0,343.5,논현포대공원,neighborhood_park_scale,343.5,논현포대공원,neighborhood_park_scale,functional_access_available,활동규모 공원 접근 가능형,179.4,327.3,179.4,0,0,0,4,case4_good_access,1.0,4,case4_good_access,1.0,4,case4_good_access,1.0,4,False,False,False,False
B000003099,인천새말초등학교,남동구,3.0,"접근 가능, 중간 수준",0,2.3576150291456424,2,1,1,0,140.8,향촌소공원,playground_like,460.0,만수공원,neighborhood_park_scale,near_park_low_green_imbalance,근접 공원-녹지환경 불균형형,192.7,312.0,192.7,2,1,0,3,case3_access_mid_green,2.0,3,case3_access_mid_green,2.0,3,case3_access_mid_green,2.0,3,False,False,False,False
B000003100,인천조동초등학교,남동구,4.0,접근 양호,0,7.572030095857415,1,0,1,0,287.3,돌골공원,small_child_park,423.2,만수공원,neighborhood_park_scale,functional_access_available,활동규모 공원 접근 가능형,322.5,434.0,322.5,1,1,0,4,case4_good_access,1.0,4,case4_good_access,1.0,4,case4_good_access,1.0,4,False,False,False,False
B000003101,인천인동초등학교,남동구,2.0,접근 가능하나 녹지 부족,0,0.7106818929291981,2,2,0,0,215.9,한울소공원,playground_like,509.3,새말소공원,mid_activity_park,nominal_access_only,명목 접근성 착시형,58.7,425.8,425.8,2,0,0,2,case2_access_low_green,3.0,2,case2_access_low_green,3.0,2,case2_access_low_green,3.0,2,False,False,False,False
B000003102,인천장수초등학교,남동구,3.0,"접근 가능, 중간 수준",0,2.2217,1,0,0,1,602.6,새골공원,mid_activity_park,602.6,새골공원,mid_activity_park,near_park_low_green_imbalance,근접 공원-녹지환경 불균형형,155.7,155.7,155.7,1,1,1,3,case3_access_mid_green,2.0,3,case3_access_mid_green,2.0,3,case3_access_mid_green,2.0,3,False,False,False,False
B000003103,인천담방초등학교,남동구,4.0,접근 양호,0,5.205870698831226,1,0,0,1,21.6,골마루공원,neighborhood_park_scale,21.6,골마루공원,neighborhood_park_scale,near_park_low_green_imbalance,근접 공원-녹지환경 불균형형,135.3,135.3,135.3,1,1,1,3,case3_access_mid_green,2.0,3,case3_access_mid_green,2.0,3,case3_access_mid_green,2.0,4,True,False,True,False
B000003104,인천남동초등학교,남동구,3.0,"접근 가능, 중간 수준",0,3.582388596428224,7,0,6,1,36.5,남동공원,small_child_park,470.3,담방문화공원,mid_activity_park,near_park_low_green_imbalance,근접 공원-녹지환경 불균형형,85.3,435.6,85.3,7,7,1,3,case3_access_mid_green,2.0,3,case3_access_mid_green,2.0,3,case3_access_mid_green,2.0,3,False,False,False,False
B000003105,인천서창초등학교,남동구,3.0,"접근 가능, 중간 수준",0,3.0334957987141355,2,0,2,0,278.9,선래공원,small_child_park,544.2,서창공원,neighborhood_park_scale,nominal_access_only,명목 접근성 착시형,299.4,299.4,299.4,2,2,0,3,case3_access_mid_green,2.0,3,case3_access_mid_green,2.0,3,case3_access_mid_green,2.0,3,False,False,False,False
B000003106,경인교육대학교부설초등학교,계양구,4.0,접근 양호,0,7.433702014238877,0,0,0,0,53.9,이촌공원,neighborhood_park_scale,53.9,이촌공원,neighborhood_park_scale,functional_access_available,활동규모 공원 접근 가능형,160.0,160.0,160.0,0,0,0,4,case4_good_access,1.0,4,case4_good_access,1.0,4,case4_good_access,1.0,4,False,False,False,False
B000003107,인천효성동초등학교,계양구,2.0,접근 가능하나 녹지 부족,0,0.0,0,0,0,0,280.0,꿈나무공원,mid_activity_park,691.3,꿈나무공원,mid_activity_park,nominal_access_only,명목 접근성 착시형,500.6,500.6,500.6,0,0,0,1,case1_access_deficit,4.0,1,case1_access_deficit,4.0,1,case1_access_deficit,4.0,2,True,False,True,False
B000003108,인천효성남초등학교,계양구,3.0,"접근 가능, 중간 수준",0,3.255774099313282,1,0,0,1,121.0,효성공원,neighborhood_park_scale,121.0,효성공원,neighborhood_park_scale,near_park_low_green_imbalance,근접 공원-녹지환경 불균형형,43.1,159.6,43.1,1,1,1,3,case3_access_mid_green,2.0,3,case3_access_mid_green,2.0,3,case3_access_mid_green,2.0,3,False,False,False,False
B000003109,인천효성초등학교,계양구,3.0,"접근 가능, 중간 수준",0,3.7960521423739664,0,0,0,0,76.0,이촌공원,neighborhood_park_scale,513.4,이촌공원,neighborhood_park_scale,nominal_access_only,명목 접근성 착시형,142.5,142.5,142.5,0,0,0,3,case3_access_mid_green,2.0,3,case3_access_mid_green,2.0,3,case3_access_mid_green,2.0,3,False,False,False,False
B000003110,인천해서초등학교,계양구,2.0,접근 가능하나 녹지 부족,0,0.582554971410877,1,1,0,0,268.2,고향골공원,playground_like,656.8,갈개공원,mid_activity_park,nominal_access_only,명목 접근성 착시형,165.4,566.9,566.9,1,0,0,2,case2_access_low_green,3.0,,,,,,,2,True,True,True,True
B000003111,인천안남초등학교,계양구,2.0,접근 가능하나 녹지 부족,0,0.2950106959454435,1,1,0,0,496.0,개나리공원,playground_like,860.1,오조산공원,neighborhood_park_scale,nominal_access_only,명목 접근성 착시형,299.6,563.7,379.5,1,0,0,2,case2_access_low_green,3.0,2,case2_access_low_green,3.0,,,,2,False,False,True,True
B000003112,인천성지초등학교,계양구,3.0,"접근 가능, 중간 수준",0,3.139698589376174,1,0,0,1,376.0,효성공원,neighborhood_park_scale,430.2,효성공원,neighborhood_park_scale,near_park_low_green_imbalance,근접 공원-녹지환경 불균형형,389.4,389.4,389.4,1,1,1,3,case3_access_mid_green,2.0,3,case3_access_mid_green,2.0,3,case3_access_mid_green,2.0,3,False,False,False,False
B000003113,인천화전초등학교,계양구,2.0,접근 가능하나 녹지 부족,0,0.0831746089557237,1,1,0,0,400.0,하마리공원,playground_like,740.2,된밭공원,neighborhood_park_scale,nominal_access_only,명목 접근성 착시형,251.8,575.0,575.0,1,0,0,2,case2_access_low_green,3.0,,,,,,,2,True,True,True,True
B000003114,인천서운초등학교,계양구,4.0,접근 양호,0,6.826309731451552,1,0,0,1,60.0,도두머리공원,neighborhood_park_scale,323.5,도두머리공원,neighborhood_park_scale,functional_access_with_barrier,보행부담 동반형,93.7,93.7,93.7,1,1,1,4,case4_good_access,1.0,4,case4_good_access,1.0,4,case4_good_access,1.0,4,False,False,False,False
B000003115,인천신대초등학교,계양구,4.0,접근 양호,0,7.370226657192775,1,0,1,0,148.0,은행공원,small_child_park,617.6,계양교통공원,neighborhood_park_scale,nominal_access_only,명목 접근성 착시형,179.7,247.1,247.1,1,1,0,4,case4_good_access,1.0,4,case4_good_access,1.0,4,case4_good_access,1.0,4,False,False,False,False
B000003116,인천길주초등학교,계양구,3.0,"접근 가능, 중간 수준",0,4.987013600442694,3,1,1,1,69.6,용종5공원,playground_like,349.1,학마을공원,mid_activity_park,near_park_low_green_imbalance,근접 공원-녹지환경 불균형형,98.7,245.7,149.1,3,2,1,3,case3_access_mid_green,2.0,3,case3_access_mid_green,2.0,3,case3_access_mid_green,2.0,3,False,False,False,False
B000003117,인천병방초등학교,계양구,2.0,접근 가능하나 녹지 부족,0,0.748796967467723,2,1,1,0,291.1,낙원공원,playground_like,610.7,학마을공원,mid_activity_park,nominal_access_only,명목 접근성 착시형,246.9,315.7,259.8,2,1,0,2,case2_access_low_green,3.0,2,case2_access_low_green,3.0,2,case2_access_low_green,3.0,2,False,False,False,False
B000003118,인천양촌초등학교,계양구,3.0,"접근 가능, 중간 수준",0,1.6276385136498277,2,0,1,1,216.0,양촌공원,mid_activity_park,400.2,양촌공원,mid_activity_park,near_park_low_green_imbalance,근접 공원-녹지환경 불균형형,246.7,246.7,246.7,2,2,1,3,case3_access_mid_green,2.0,3,case3_access_mid_green,2.0,2,case2_access_low_green,3.0,3,False,False,True,True
B000003119,인천소양초등학교,계양구,3.0,"접근 가능, 중간 수준",0,1.2742611600540128,1,0,1,0,244.0,소양공원,small_child_park,503.5,박촌공원,mid_activity_park,nominal_access_only,명목 접근성 착시형,230.3,457.2,230.3,1,1,0,3,case3_access_mid_green,2.0,2,case2_access_low_green,3.0,2,case2_access_low_green,3.0,3,True,True,True,True
B000003120,인천당산초등학교,계양구,3.0,"접근 가능, 중간 수준",0,2.422399914831304,1,0,1,0,433.0,동양택지2공원,small_child_park,614.6,동양공원,neighborhood_park_scale,nominal_access_only,명목 접근성 착시형,101.2,315.3,101.2,1,1,0,3,case3_access_mid_green,2.0,3,case3_access_mid_green,2.0,3,case3_access_mid_green,2.0,3,False,False,False,False
B000003121,인천귤현초등학교,계양구,3.0,"접근 가능, 중간 수준",0,3.376739745926305,5,1,4,0,134.7,귤현공원,playground_like,819.8,들놀이공원,mid_activity_park,nominal_access_only,명목 접근성 착시형,139.5,518.2,141.9,5,4,0,3,case3_access_mid_green,2.0,3,case3_access_mid_green,2.0,,,,3,False,False,True,True
B000003122,인천계양초등학교,계양구,3.0,"접근 가능, 중간 수준",0,2.0898944800438137,2,0,2,0,161.3,중앙공원,small_child_park,276.9,동산공원,mid_activity_park,near_park_low_green_imbalance,근접 공원-녹지환경 불균형형,190.2,266.9,190.2,2,2,0,3,case3_access_mid_green,2.0,3,case3_access_mid_green,2.0,3,case3_access_mid_green,2.0,3,False,False,False,False
B000003123,인천계산초등학교,계양구,3.0,"접근 가능, 중간 수준",0,2.7591,1,1,0,0,444.0,부일공원,playground_like,883.1,계양근린공원,neighborhood_park_scale,nominal_access_only,명목 접근성 착시형,420.1,721.7,721.7,1,0,0,3,case3_access_mid_green,2.0,,,,,,,3,True,True,True,True
B000003124,인천안산초등학교,계양구,2.0,접근 가능하나 녹지 부족,0,0.0,0,0,0,0,300.0,임학공원,mid_activity_park,722.9,임학공원,mid_activity_park,nominal_access_only,명목 접근성 착시형,498.7,498.7,498.7,0,0,0,2,case2_access_low_green,3.0,2,case2_access_low_green,3.0,2,case2_access_low_green,3.0,2,False,False,False,False
B000003125,인천부평초등학교,계양구,2.0,접근 가능하나 녹지 부족,0,0.6641030324558864,2,2,0,0,144.2,계산1호공원,playground_like,887.8,갈개공원,mid_activity_park,nominal_access_only,명목 접근성 착시형,96.7,762.3,762.3,2,0,0,2,case2_access_low_green,3.0,,,,,,,2,True,True,True,True
B000003126,인천부현초등학교,계양구,2.0,접근 가능하나 녹지 부족,0,0.894620059676037,2,1,1,0,327.0,계산4공원,small_child_park,846.3,된밭공원,neighborhood_park_scale,nominal_access_only,명목 접근성 착시형,215.2,487.1,215.2,2,1,0,2,case2_access_low_green,3.0,2,case2_access_low_green,3.0,2,case2_access_low_green,3.0,2,False,False,False,False
B000003127,인천부현동초등학교,계양구,4.0,접근 양호,0,7.178038737168505,0,0,0,0,285.4,계양교통공원,neighborhood_park_scale,285.4,계양교통공원,neighborhood_park_scale,functional_access_with_barrier,보행부담 동반형,296.0,296.0,296.0,0,0,0,4,case4_good_access,1.0,4,case4_good_access,1.0,4,case4_good_access,1.0,4,False,False,False,False
B000003128,인천작전초등학교,계양구,3.0,"접근 가능, 중간 수준",0,4.995964374419489,1,0,0,1,267.0,된밭공원,neighborhood_park_scale,420.7,된밭공원,neighborhood_park_scale,near_park_low_green_imbalance,근접 공원-녹지환경 불균형형,238.7,238.7,238.7,1,1,1,3,case3_access_mid_green,2.0,3,case3_access_mid_green,2.0,3,case3_access_mid_green,2.0,3,False,False,False,False
B000003129,인천작동초등학교,계양구,3.0,"접근 가능, 중간 수준",0,1.1565152742587337,1,0,0,1,437.0,도두리공원,mid_activity_park,353.7,도두리공원,mid_activity_park,near_park_low_green_imbalance,근접 공원-녹지환경 불균형형,319.8,319.8,319.8,1,1,1,2,case2_access_low_green,3.0,2,case2_access_low_green,3.0,2,case2_access_low_green,3.0,3,True,False,True,False
B000003130,인천명현초등학교,계양구,3.0,"접근 가능, 중간 수준",0,1.2821159931264754,1,0,0,1,343.0,꿈나무공원,mid_activity_park,368.6,꿈나무공원,mid_activity_park,near_park_low_green_imbalance,근접 공원-녹지환경 불균형형,258.3,258.3,258.3,1,1,1,3,case3_access_mid_green,2.0,2,case2_access_low_green,3.0,2,case2_access_low_green,3.0,3,True,True,True,True
B000003131,인천효성서초등학교,계양구,4.0,접근 양호,0,5.37441028141196,0,0,0,0,478.0,새벌공원,neighborhood_park_scale,705.2,새벌공원,neighborhood_park_scale,nominal_access_only,명목 접근성 착시형,248.8,248.8,248.8,0,0,0,4,case4_good_access,1.0,3,case3_access_mid_green,2.0,3,case3_access_mid_green,2.0,4,True,True,True,True
B000003132,인천계양초등학교상야분교장,계양구,3.0,"접근 가능, 중간 수준",0,1.0316507437115296,1,0,1,0,342.8,상야공원,small_child_park,3397.9,동양공원,neighborhood_park_scale,nominal_access_only,명목 접근성 착시형,208.5,2703.8,208.5,1,1,0,2,case2_access_low_green,3.0,2,case2_access_low_green,3.0,,,,3,True,False,True,True
B000003133,인천해원초등학교,서구,3.0,"접근 가능, 중간 수준",0,1.9742170462565392,2,0,1,1,117.1,흰여울공원,small_child_park,315.7,물고기자리공원,mid_activity_park,near_park_low_green_imbalance,근접 공원-녹지환경 불균형형,67.4,152.7,67.4,2,2,1,3,case3_access_mid_green,2.0,3,case3_access_mid_green,2.0,3,case3_access_mid_green,2.0,3,False,False,False,False
B000003134,인천경명초등학교,서구,2.0,접근 가능하나 녹지 부족,0,0.0,0,0,0,0,96.0,물병자리공원,neighborhood_park_scale,1119.2,물병자리공원,neighborhood_park_scale,nominal_access_only,명목 접근성 착시형,480.6,500.6,480.6,0,0,0,2,case2_access_low_green,3.0,2,case2_access_low_green,3.0,1,case1_access_deficit,4.0,2,False,False,True,True
B000003135,인천공촌초등학교,서구,4.0,접근 양호,0,20.31860888283999,3,0,3,0,248.8,서곶공원,neighborhood_park_scale,248.8,서곶공원,neighborhood_park_scale,functional_access_available,활동규모 공원 접근 가능형,259.6,259.6,259.6,3,3,0,4,case4_good_access,1.0,4,case4_good_access,1.0,4,case4_good_access,1.0,4,False,False,False,False
B000003137,인천간재울초등학교,서구,3.0,"접근 가능, 중간 수준",0,2.114707252764681,4,1,3,0,303.1,검암소공원,playground_like,575.9,빈정공원,mid_activity_park,nominal_access_only,명목 접근성 착시형,289.2,509.3,315.6,4,3,0,3,case3_access_mid_green,2.0,3,case3_access_mid_green,2.0,,,,3,False,False,True,True
B000003138,인천경서초등학교,서구,3.0,"접근 가능, 중간 수준",0,2.606688160613723,1,0,0,1,140.0,쑥공원(경서3호),mid_activity_park,421.2,쑥공원(경서3호),mid_activity_park,near_park_low_green_imbalance,근접 공원-녹지환경 불균형형,244.3,244.3,244.3,1,1,1,3,case3_access_mid_green,2.0,3,case3_access_mid_green,2.0,3,case3_access_mid_green,2.0,3,False,False,False,False
B000003139,인천청라초등학교,서구,4.0,접근 양호,0,16.652778675800267,0,0,0,0,146.0,연일공원,neighborhood_park_scale,371.4,연일공원,neighborhood_park_scale,functional_access_with_barrier,보행부담 동반형,75.2,75.2,75.2,0,0,0,4,case4_good_access,1.0,4,case4_good_access,1.0,4,case4_good_access,1.0,4,False,False,False,False
B000003140,인천초은초등학교,서구,3.0,"접근 가능, 중간 수준",0,1.7626402402574368,0,0,0,0,96.3,거울어린이공원,mid_activity_park,96.3,거울어린이공원,mid_activity_park,near_park_low_green_imbalance,근접 공원-녹지환경 불균형형,88.4,88.4,88.4,0,0,0,3,case3_access_mid_green,2.0,3,case3_access_mid_green,2.0,2,case2_access_low_green,3.0,3,False,False,True,True
B000003141,인천양지초등학교,서구,4.0,접근 양호,0,11.866152313362068,3,1,1,1,230.3,용두공원,playground_like,270.9,샘내공원,mid_activity_park,functional_access_available,활동규모 공원 접근 가능형,145.4,197.0,197.0,3,2,1,4,case4_good_access,1.0,4,case4_good_access,1.0,4,case4_good_access,1.0,4,False,False,False,False
B000003142,인천심곡초등학교,서구,4.0,접근 양호,0,14.353840249786591,4,0,3,1,163.0,절골공원,small_child_park,363.1,모통공원,mid_activity_park,functional_access_with_barrier,보행부담 동반형,98.5,364.3,98.5,4,4,1,4,case4_good_access,1.0,4,case4_good_access,1.0,4,case4_good_access,1.0,4,False,False,False,False
B000003143,인천신석초등학교,서구,4.0,접근 양호,0,7.3447,0,0,0,0,120.0,석남도시숲,,664.8,원신공원,neighborhood_park_scale,nominal_access_only,명목 접근성 착시형,572.2,572.2,572.2,0,0,0,,,,,,,,,,4,True,False,True,False
B000003144,인천석남초등학교,서구,2.0,접근 가능하나 녹지 부족,0,0.4263408185968763,0,0,0,0,444.0,석남공원,small_child_park,1264.3,신촌공원,mid_activity_park,nominal_access_only,명목 접근성 착시형,467.5,490.8,490.8,0,0,0,2,case2_access_low_green,3.0,2,case2_access_low_green,3.0,2,case2_access_low_green,3.0,2,False,False,False,False
B000003145,인천천마초등학교,서구,2.0,접근 가능하나 녹지 부족,0,0.4263408185968763,0,0,0,0,435.0,석남공원,small_child_park,1405.9,신촌공원,mid_activity_park,nominal_access_only,명목 접근성 착시형,458.2,771.8,458.2,0,0,0,2,case2_access_low_green,3.0,2,case2_access_low_green,3.0,,,,2,False,False,True,True
B000003146,인천봉수초등학교,서구,2.0,접근 가능하나 녹지 부족,0,0.0,1,1,0,0,65.0,가경공원,playground_like,946.2,가정공원,mid_activity_park,nominal_access_only,명목 접근성 착시형,404.5,719.5,719.5,1,0,0,2,case2_access_low_green,3.0,1,case1_access_deficit,4.0,1,case1_access_deficit,4.0,2,True,True,True,True
B000003147,인천신현북초등학교,서구,2.0,접근 가능하나 녹지 부족,0,0.0,0,0,0,0,212.0,원신공원,neighborhood_park_scale,512.9,원신공원,neighborhood_park_scale,nominal_access_only,명목 접근성 착시형,431.6,431.6,431.6,0,0,0,2,case2_access_low_green,3.0,2,case2_access_low_green,3.0,2,case2_access_low_green,3.0,2,False,False,False,False
B000003148,인천가림초등학교,서구,3.0,"접근 가능, 중간 수준",0,2.679236836345154,1,0,0,1,15.0,가좌공원,mid_activity_park,414.7,가좌공원,mid_activity_park,near_park_low_green_imbalance,근접 공원-녹지환경 불균형형,217.5,217.5,217.5,1,1,1,3,case3_access_mid_green,2.0,3,case3_access_mid_green,2.0,3,case3_access_mid_green,2.0,3,False,False,False,False
B000003149,인천봉화초등학교,서구,1.0,공원 접근 결핍,0,0.0,0,0,0,0,608.2,감중공원,mid_activity_park,608.2,감중공원,mid_activity_park,no_official_park,공원 접근 결핍형,391.0,391.0,391.0,0,0,0,2,case2_access_low_green,3.0,2,case2_access_low_green,3.0,2,case2_access_low_green,3.0,1,True,False,True,False
B000003150,인천건지초등학교,서구,3.0,"접근 가능, 중간 수준",0,2.572535581541845,1,0,0,1,129.0,건지공원,mid_activity_park,358.0,건지공원,mid_activity_park,near_park_low_green_imbalance,근접 공원-녹지환경 불균형형,236.7,236.7,236.7,1,1,1,3,case3_access_mid_green,2.0,3,case3_access_mid_green,2.0,3,case3_access_mid_green,2.0,3,False,False,False,False
B000003151,인천능내초등학교,서구,4.0,접근 양호,0,21.723928355878165,2,0,0,2,204.8,검단2지구 2호근린공원,neighborhood_park_scale,204.8,검단2지구 2호근린공원,neighborhood_park_scale,functional_access_available,활동규모 공원 접근 가능형,125.5,125.5,125.5,2,2,2,4,case4_good_access,1.0,4,case4_good_access,1.0,4,case4_good_access,1.0,4,False,False,False,False
B000003152,인천검단초등학교,서구,2.0,접근 가능하나 녹지 부족,0,0.0952727367354588,0,0,0,0,90.0,마전지구2호 어린이공원,mid_activity_park,544.3,마전지구2호 어린이공원,mid_activity_park,nominal_access_only,명목 접근성 착시형,483.2,483.2,483.2,0,0,0,2,case2_access_low_green,3.0,2,case2_access_low_green,3.0,2,case2_access_low_green,3.0,2,False,False,False,False
B000003153,인천완정초등학교,서구,4.0,접근 양호,0,5.4674324961136085,0,0,0,0,453.0,능내공원,neighborhood_park_scale,379.2,능내공원,neighborhood_park_scale,functional_access_available,활동규모 공원 접근 가능형,343.8,343.8,343.8,0,0,0,4,case4_good_access,1.0,3,case3_access_mid_green,2.0,3,case3_access_mid_green,2.0,4,True,True,True,True
B000003154,인천불로초등학교,서구,3.0,"접근 가능, 중간 수준",0,1.3698215161240537,1,1,0,0,65.0,불로지구5호 어린이공원,small_child_park,2615.4,마전지구2호 어린이공원,mid_activity_park,nominal_access_only,명목 접근성 착시형,168.5,2018.8,186.9,1,0,0,3,case3_access_mid_green,2.0,2,case2_access_low_green,3.0,,,,3,True,True,True,True
B000003155,인천목향초등학교,서구,2.0,접근 가능하나 녹지 부족,0,0.0,0,0,0,0,235.0,불로5호소공원,playground_like,2434.1,원당지구 3호공원,neighborhood_park_scale,nominal_access_only,명목 접근성 착시형,634.3,1841.4,634.3,0,0,0,1,case1_access_deficit,4.0,1,case1_access_deficit,4.0,1,case1_access_deficit,4.0,2,True,False,True,False
B000003156,인천왕길초등학교,서구,3.0,"접근 가능, 중간 수준",0,3.5128189699437247,2,0,0,2,0.0,왕길새싹공원,mid_activity_park,0.0,왕길새싹공원,mid_activity_park,near_park_low_green_imbalance,근접 공원-녹지환경 불균형형,58.9,58.9,58.9,2,2,2,3,case3_access_mid_green,2.0,3,case3_access_mid_green,2.0,3,case3_access_mid_green,2.0,3,False,False,False,False
B000003157,인천단봉초등학교,서구,3.0,"접근 가능, 중간 수준",0,3.3232738250753693,3,0,2,1,106.1,봉화공원,small_child_park,129.4,금호공원(오류지구 어린이공원),mid_activity_park,near_park_low_green_imbalance,근접 공원-녹지환경 불균형형,102.6,102.6,102.6,3,3,1,3,case3_access_mid_green,2.0,3,case3_access_mid_green,2.0,3,case3_access_mid_green,2.0,3,False,False,False,False
B000003158,인천원당초등학교,서구,3.0,"접근 가능, 중간 수준",0,2.5919,0,0,0,0,320.0,원당지구 1호공원,neighborhood_park_scale,316.6,원당지구 1호공원,neighborhood_park_scale,near_park_low_green_imbalance,근접 공원-녹지환경 불균형형,288.1,288.1,288.1,0,0,0,3,case3_access_mid_green,2.0,3,case3_access_mid_green,2.0,3,case3_access_mid_green,2.0,3,False,False,False,False
B000003159,인천발산초등학교,서구,4.0,접근 양호,0,15.183599418976796,1,0,1,0,203.0,원당지구 5호 어린이공원,small_child_park,352.0,맑은물빛공원,neighborhood_park_scale,functional_access_with_barrier,보행부담 동반형,157.9,202.1,157.9,1,1,0,4,case4_good_access,1.0,4,case4_good_access,1.0,4,case4_good_access,1.0,4,False,False,False,False
B000003160,인천창신초등학교,서구,3.0,"접근 가능, 중간 수준",0,1.4302776006196425,1,0,1,0,290.8,원당지구 4호 어린이공원,small_child_park,537.2,원당지구 3호공원,neighborhood_park_scale,nominal_access_only,명목 접근성 착시형,46.7,370.5,46.7,1,1,0,3,case3_access_mid_green,2.0,2,case2_access_low_green,3.0,2,case2_access_low_green,3.0,3,True,True,True,True
B000003161,인천금곡초등학교,서구,3.0,"접근 가능, 중간 수준",0,2.4685781177655026,1,0,0,1,325.0,왕길새싹공원,mid_activity_park,414.5,왕길새싹공원,mid_activity_park,near_park_low_green_imbalance,근접 공원-녹지환경 불균형형,330.9,330.9,330.9,1,1,1,3,case3_access_mid_green,2.0,3,case3_access_mid_green,2.0,3,case3_access_mid_green,2.0,3,False,False,False,False
B000003162,인천가석초등학교,서구,1.0,공원 접근 결핍,0,0.0,0,0,0,0,1323.0,서인공원,neighborhood_park_scale,1323.0,서인공원,neighborhood_park_scale,no_official_park,공원 접근 결핍형,601.5,601.5,601.5,0,0,0,1,case1_access_deficit,4.0,1,case1_access_deficit,4.0,1,case1_access_deficit,4.0,1,False,False,False,False
B000003163,인천가좌초등학교,서구,3.0,"접근 가능, 중간 수준",0,4.702034607118687,5,1,2,2,192.3,가좌공원,mid_activity_park,192.3,가좌공원,mid_activity_park,near_park_low_green_imbalance,근접 공원-녹지환경 불균형형,172.9,254.0,172.9,5,4,2,3,case3_access_mid_green,2.0,3,case3_access_mid_green,2.0,3,case3_access_mid_green,2.0,3,False,False,False,False
B000003164,인천가정초등학교,서구,1.0,공원 접근 결핍,0,0.0,0,0,0,0,663.1,장고개근린공원,neighborhood_park_scale,663.1,장고개근린공원,neighborhood_park_scale,no_official_park,공원 접근 결핍형,164.5,164.5,164.5,0,0,0,2,case2_access_low_green,3.0,2,case2_access_low_green,3.0,2,case2_access_low_green,3.0,1,True,False,True,False
B000003165,인천당하초등학교,서구,3.0,"접근 가능, 중간 수준",0,3.5740656827376927,1,0,1,0,169.4,당하지구3호 어린이공원,small_child_park,437.0,당하지구 1호공원,neighborhood_park_scale,near_park_low_green_imbalance,근접 공원-녹지환경 불균형형,99.4,373.1,99.4,1,1,0,3,case3_access_mid_green,2.0,3,case3_access_mid_green,2.0,3,case3_access_mid_green,2.0,3,False,False,False,False
B000003166,인천마전초등학교,서구,3.0,"접근 가능, 중간 수준",0,1.4380349794089298,1,0,1,0,384.0,검단2지구 3호 어린이공원,small_child_park,591.8,검단2지구 2호 어린이공원,mid_activity_park,nominal_access_only,명목 접근성 착시형,59.8,253.1,59.8,1,1,0,3,case3_access_mid_green,2.0,2,case2_access_low_green,3.0,2,case2_access_low_green,3.0,3,True,True,True,True
B000003167,인천석남서초등학교,서구,2.0,접근 가능하나 녹지 부족,0,0.0,0,0,0,0,270.0,신촌공원,mid_activity_park,863.9,신촌공원,mid_activity_park,nominal_access_only,명목 접근성 착시형,675.6,831.5,675.6,0,0,0,1,case1_access_deficit,4.0,1,case1_access_deficit,4.0,1,case1_access_deficit,4.0,2,True,False,True,False
B000003168,인천가현초등학교,서구,2.0,접근 가능하나 녹지 부족,0,0.1245507481503297,1,1,0,0,240.0,수차공원,playground_like,669.2,가정공원,mid_activity_park,nominal_access_only,명목 접근성 착시형,140.7,532.4,532.4,1,0,0,2,case2_access_low_green,3.0,,,,,,,2,True,True,True,True
B000003169,인천신현초등학교,서구,2.0,접근 가능하나 녹지 부족,0,0.1957398874817257,0,0,0,0,602.1,원신공원,neighborhood_park_scale,602.1,원신공원,neighborhood_park_scale,no_official_park,공원 접근 결핍형,600.4,600.4,600.4,0,0,0,,,,,,,,,,2,True,False,True,False
B000003170,인천서곶초등학교,서구,4.0,접근 양호,0,17.10876015583821,0,0,0,0,45.0,경명공원,neighborhood_park_scale,477.6,경명공원,neighborhood_park_scale,functional_access_available,활동규모 공원 접근 가능형,183.6,183.6,183.6,0,0,0,4,case4_good_access,1.0,4,case4_good_access,1.0,4,case4_good_access,1.0,4,False,False,False,False
B000003171,인천검암초등학교,서구,4.0,접근 양호,0,5.685083237800615,1,0,1,0,150.6,상동공원,neighborhood_park_scale,150.6,상동공원,neighborhood_park_scale,near_park_low_green_imbalance,근접 공원-녹지환경 불균형형,194.0,194.0,194.0,1,1,0,4,case4_good_access,1.0,4,case4_good_access,1.0,3,case3_access_mid_green,2.0,4,False,False,True,True
B000003172,인천은지초등학교,서구,2.0,접근 가능하나 녹지 부족,0,0.8481252905733841,1,0,1,0,316.8,허암공원,small_child_park,760.7,상동공원,neighborhood_park_scale,nominal_access_only,명목 접근성 착시형,122.0,647.1,122.0,1,1,0,2,case2_access_low_green,3.0,2,case2_access_low_green,3.0,,,,2,False,False,True,True
B000003173,길상초등학교,강화군,,별도 묶음,1,0.0,0,0,0,0,4242.4,백석공원(마),neighborhood_park_scale,4242.4,백석공원(마),neighborhood_park_scale,no_official_park,공원 접근 결핍형,11063.3,11063.3,11063.3,0,0,0,,separate_bundle,,,separate_bundle,,,separate_bundle,,,False,False,False,False
B000003174,양도초등학교,강화군,,별도 묶음,1,0.0,0,0,0,0,4242.4,백석공원(마),neighborhood_park_scale,4242.4,백석공원(마),neighborhood_park_scale,no_official_park,공원 접근 결핍형,7972.1,7972.1,7972.1,0,0,0,,separate_bundle,,,separate_bundle,,,separate_bundle,,,False,False,False,False
B000003175,조산초등학교,강화군,,별도 묶음,1,0.0,0,0,0,0,4242.4,백석공원(마),neighborhood_park_scale,4242.4,백석공원(마),neighborhood_park_scale,no_official_park,공원 접근 결핍형,10513.8,10513.8,10513.8,0,0,0,,separate_bundle,,,separate_bundle,,,separate_bundle,,,False,False,False,False
B000003176,화도초등학교,강화군,,별도 묶음,1,18.932822258639675,1,0,0,1,385.5,미단시티 13호,neighborhood_park_scale,385.5,미단시티 13호,neighborhood_park_scale,functional_access_available,활동규모 공원 접근 가능형,13372.9,13372.9,13372.9,1,1,1,,separate_bundle,,,separate_bundle,,,separate_bundle,,,False,False,False,False
B000003177,대월초등학교,강화군,,별도 묶음,1,0.0,0,0,0,0,4687.0,불로지구1호 어린이공원,small_child_park,0.0,갑룡공원,neighborhood_park_scale,no_official_park,공원 접근 결핍형,1311.1,1311.1,1311.1,0,0,0,,separate_bundle,,,separate_bundle,,,separate_bundle,,,False,False,False,False
B000003178,갑룡초등학교,강화군,,별도 묶음,1,0.0,0,0,0,0,285.0,불로지구1호 어린이공원,small_child_park,0.0,갑룡공원,neighborhood_park_scale,near_park_low_green_imbalance,근접 공원-녹지환경 불균형형,92.6,92.6,92.6,0,0,0,,separate_bundle,,,separate_bundle,,,separate_bundle,,,False,False,False,False
B000003179,강화초등학교,강화군,,별도 묶음,1,2.2819298612292127,1,1,0,0,0.0,남산근린공원,neighborhood_park_scale,0.0,남산근린공원,neighborhood_park_scale,near_park_low_green_imbalance,근접 공원-녹지환경 불균형형,258.9,569.9,569.9,1,0,0,,separate_bundle,,,separate_bundle,,,separate_bundle,,,False,False,False,False
B000003180,합일초등학교,강화군,,별도 묶음,1,12.97285249833488,1,0,0,1,0.0,남산근린공원,neighborhood_park_scale,0.0,남산근린공원,neighborhood_park_scale,functional_access_available,활동규모 공원 접근 가능형,331.3,331.3,331.3,1,1,1,,separate_bundle,,,separate_bundle,,,separate_bundle,,,False,False,False,False
B000003181,송해초등학교,강화군,,별도 묶음,1,0.0,0,0,0,0,0.0,남산근린공원,neighborhood_park_scale,0.0,남산근린공원,neighborhood_park_scale,near_park_low_green_imbalance,근접 공원-녹지환경 불균형형,3242.6,3493.3,3493.3,0,0,0,,separate_bundle,,,separate_bundle,,,separate_bundle,,,False,False,False,False
B000003182,선원초등학교,강화군,,별도 묶음,1,0.0,0,0,0,0,3971.9,백석공원(마),neighborhood_park_scale,3971.9,백석공원(마),neighborhood_park_scale,no_official_park,공원 접근 결핍형,2988.6,2988.6,2988.6,0,0,0,,separate_bundle,,,separate_bundle,,,separate_bundle,,,False,False,False,False
B000003183,불은초등학교,강화군,,별도 묶음,1,0.0,0,0,0,0,4242.4,백석공원(마),neighborhood_park_scale,4242.4,백석공원(마),neighborhood_park_scale,no_official_park,공원 접근 결핍형,6506.1,6506.1,6506.1,0,0,0,,separate_bundle,,,separate_bundle,,,separate_bundle,,,False,False,False,False
B000003184,삼성초등학교,강화군,,별도 묶음,1,0.0,0,0,0,0,4242.4,백석공원(마),neighborhood_park_scale,4242.4,백석공원(마),neighborhood_park_scale,no_official_park,공원 접근 결핍형,4685.6,4685.6,4685.6,0,0,0,,separate_bundle,,,separate_bundle,,,separate_bundle,,,False,False,False,False
B000003185,하점초등학교,강화군,,별도 묶음,1,0.0,0,0,0,0,4242.4,백석공원(마),neighborhood_park_scale,4242.4,백석공원(마),neighborhood_park_scale,no_official_park,공원 접근 결핍형,6813.5,6813.5,6813.5,0,0,0,,separate_bundle,,,separate_bundle,,,separate_bundle,,,False,False,False,False
B000003186,명신초등학교,강화군,,별도 묶음,1,0.0,0,0,0,0,4242.4,백석공원(마),neighborhood_park_scale,4242.4,백석공원(마),neighborhood_park_scale,no_official_park,공원 접근 결핍형,7924.9,7924.9,7924.9,0,0,0,,separate_bundle,,,separate_bundle,,,separate_bundle,,,False,False,False,False
B000003187,양사초등학교,강화군,,별도 묶음,1,0.0,0,0,0,0,0.0,남산근린공원,neighborhood_park_scale,0.0,남산근린공원,neighborhood_park_scale,near_park_low_green_imbalance,근접 공원-녹지환경 불균형형,8349.4,8540.7,8540.7,0,0,0,,separate_bundle,,,separate_bundle,,,separate_bundle,,,False,False,False,False
B000003188,내가초등학교,강화군,,별도 묶음,1,0.0,0,0,0,0,4242.4,백석공원(마),neighborhood_park_scale,4242.4,백석공원(마),neighborhood_park_scale,no_official_park,공원 접근 결핍형,8173.3,8173.3,8173.3,0,0,0,,separate_bundle,,,separate_bundle,,,separate_bundle,,,False,False,False,False
B000003189,해명초등학교,강화군,,별도 묶음,1,18.932822258639675,1,0,0,1,385.5,미단시티 13호,neighborhood_park_scale,385.5,미단시티 13호,neighborhood_park_scale,functional_access_available,활동규모 공원 접근 가능형,13183.5,13183.5,13183.5,1,1,1,,separate_bundle,,,separate_bundle,,,separate_bundle,,,False,False,False,False
B000003190,삼산초등학교,강화군,,별도 묶음,1,0.0,0,0,0,0,10012.9,창포공원,small_child_park,,,,no_official_park,공원 접근 결핍형,14648.1,14648.1,14648.1,0,0,0,,separate_bundle,,,separate_bundle,,,separate_bundle,,,False,False,False,False
B000003192,교동초등학교,강화군,,별도 묶음,1,0.0,0,0,0,0,4242.4,백석공원(마),neighborhood_park_scale,4242.4,백석공원(마),neighborhood_park_scale,no_official_park,공원 접근 결핍형,18152.5,18152.5,18152.5,0,0,0,,separate_bundle,,,separate_bundle,,,separate_bundle,,,False,False,False,False
B000003194,서도초등학교,강화군,,별도 묶음,1,0.0,0,0,0,0,16196.8,창포공원,small_child_park,,,,no_official_park,공원 접근 결핍형,22640.5,22640.5,22640.5,0,0,0,,separate_bundle,,,separate_bundle,,,separate_bundle,,,False,False,False,False
B000022832,인천한빛초등학교,남동구,4.0,접근 양호,0,20.554514823797074,1,0,0,1,116.7,누리공원,small_child_park,269.7,갯골3호수변공원,neighborhood_park_scale,functional_access_with_barrier,보행부담 동반형,85.5,85.5,85.5,1,1,1,4,case4_good_access,1.0,4,case4_good_access,1.0,4,case4_good_access,1.0,4,False,False,False,False
B000022834,인천청람초등학교,서구,4.0,접근 양호,0,23.88276343548551,0,0,0,0,305.4,물병자리공원,neighborhood_park_scale,305.4,물병자리공원,neighborhood_park_scale,functional_access_with_barrier,보행부담 동반형,232.5,232.5,232.5,0,0,0,4,case4_good_access,1.0,4,case4_good_access,1.0,4,case4_good_access,1.0,4,False,False,False,False
B000022839,인천청일초등학교,서구,4.0,접근 양호,0,80.5480107037384,0,0,0,0,140.0,포리공원,neighborhood_park_scale,596.1,포리공원,neighborhood_park_scale,nominal_access_only,명목 접근성 착시형,177.5,177.5,177.5,0,0,0,4,case4_good_access,1.0,4,case4_good_access,1.0,4,case4_good_access,1.0,4,False,False,False,False
B000024924,인천하늘초등학교,중구,4.0,접근 양호,0,51.5643785527667,1,1,0,0,124.0,박석공원,neighborhood_park_scale,412.9,박석공원,neighborhood_park_scale,functional_access_available,활동규모 공원 접근 가능형,2.1,408.4,408.4,1,0,0,4,case4_good_access,1.0,4,case4_good_access,1.0,4,case4_good_access,1.0,4,False,False,False,False
B000025189,인천송명초등학교,연수구,4.0,접근 양호,0,27.8507,0,0,0,0,95.0,첨단산업클러스터2호어린이공원,mid_activity_park,0.0,첨단산업클러스터2호어린이공원,mid_activity_park,functional_access_available,활동규모 공원 접근 가능형,103.4,103.4,103.4,0,0,0,4,case4_good_access,1.0,4,case4_good_access,1.0,4,case4_good_access,1.0,4,False,False,False,False
B000025193,인천만월초등학교,남동구,4.0,접근 양호,0,7.250148614940412,0,0,0,0,310.1,찬우물공원,neighborhood_park_scale,310.1,찬우물공원,neighborhood_park_scale,functional_access_available,활동규모 공원 접근 가능형,200.9,200.9,200.9,0,0,0,4,case4_good_access,1.0,4,case4_good_access,1.0,4,case4_good_access,1.0,4,False,False,False,False
B000025196,인천장서초등학교,남동구,4.0,접근 양호,0,6.964241177787035,0,0,0,0,0.0,흰여울공원,small_child_park,361.4,어울공원,neighborhood_park_scale,near_park_low_green_imbalance,근접 공원-녹지환경 불균형형,132.8,193.1,132.8,0,0,0,4,case4_good_access,1.0,4,case4_good_access,1.0,4,case4_good_access,1.0,4,False,False,False,False
B000025202,인천장아초등학교,남동구,4.0,접근 양호,0,78.56843296320991,1,0,1,0,0.0,장아산공원,neighborhood_park_scale,0.0,장아산공원,neighborhood_park_scale,functional_access_available,활동규모 공원 접근 가능형,37.8,37.8,37.8,1,1,0,4,case4_good_access,1.0,4,case4_good_access,1.0,4,case4_good_access,1.0,4,False,False,False,False
B000025206,인천새봄초등학교,연수구,4.0,접근 양호,0,9.878500436426854,0,0,0,0,50.0,새아침공원,neighborhood_park_scale,1812.1,새아침공원,neighborhood_park_scale,nominal_access_only,명목 접근성 착시형,684.8,684.8,684.8,0,0,0,,,,,,,,,,4,True,False,True,False
B000025210,인천연송초등학교,연수구,2.0,접근 가능하나 녹지 부족,0,0.3124795125145969,0,0,0,0,219.8,송도  12호 어린이공원,small_child_park,1203.9,센트럴파크,neighborhood_park_scale,nominal_access_only,명목 접근성 착시형,249.6,874.5,249.6,0,0,0,2,case2_access_low_green,3.0,2,case2_access_low_green,3.0,,,,2,False,False,True,True
B000025222,인천현송초등학교,연수구,2.0,접근 가능하나 녹지 부족,0,0.0,0,0,0,0,122.0,랜드마크시티 3호 근린공원,neighborhood_park_scale,2024.0,랜드마크시티 3호 근린공원,neighborhood_park_scale,nominal_access_only,명목 접근성 착시형,492.1,492.1,492.1,0,0,0,2,case2_access_low_green,3.0,2,case2_access_low_green,3.0,2,case2_access_low_green,3.0,2,False,False,False,False
B000025225,인천송빛초등학교,연수구,1.0,공원 접근 결핍,0,0.0,0,0,0,0,716.0,랜드마크시티 3호 수변공원,neighborhood_park_scale,1276.8,랜드마크시티 3호 수변공원,neighborhood_park_scale,no_official_park,공원 접근 결핍형,537.0,537.0,537.0,0,0,0,1,case1_access_deficit,4.0,1,case1_access_deficit,4.0,1,case1_access_deficit,4.0,1,False,False,False,False
B000025226,인천송일초등학교,연수구,4.0,접근 양호,0,41.21488089796534,0,0,0,0,114.0,송도  16호 어린이공원,playground_like,824.7,소리공원(송도26호공원),neighborhood_park_scale,nominal_access_only,명목 접근성 착시형,390.2,592.2,526.1,0,0,0,4,case4_good_access,1.0,,,,,,,4,True,True,True,True
B000025228,인천예송초등학교,연수구,2.0,접근 가능하나 녹지 부족,0,0.3306521723889056,0,0,0,0,0.0,송도  14호 어린이공원,small_child_park,1113.5,센트럴파크,neighborhood_park_scale,nominal_access_only,명목 접근성 착시형,110.3,754.7,110.3,0,0,0,2,case2_access_low_green,3.0,2,case2_access_low_green,3.0,,,,2,False,False,True,True
B000025236,인천첨단초등학교,연수구,4.0,접근 양호,0,19.3502,0,0,0,0,100.0,첨단산업클러스터2호어린이공원,mid_activity_park,117.0,첨단산업클러스터2호어린이공원,mid_activity_park,functional_access_available,활동규모 공원 접근 가능형,96.5,96.5,96.5,0,0,0,4,case4_good_access,1.0,4,case4_good_access,1.0,4,case4_good_access,1.0,4,False,False,False,False
B000025246,인천미송초등학교,연수구,4.0,접근 양호,0,6.7263,0,0,0,0,489.0,랜드마크시티 1호 수변공원,neighborhood_park_scale,84.2,랜드마크시티 1호 수변공원,neighborhood_park_scale,functional_access_available,활동규모 공원 접근 가능형,396.5,396.5,396.5,0,0,0,4,case4_good_access,1.0,4,case4_good_access,1.0,4,case4_good_access,1.0,4,False,False,False,False
B000025248,인천은송초등학교,연수구,1.0,공원 접근 결핍,0,0.0,0,0,0,0,1575.0,랜드마크시티 3호 근린공원,neighborhood_park_scale,1575.0,랜드마크시티 3호 근린공원,neighborhood_park_scale,no_official_park,공원 접근 결핍형,1002.9,1002.9,1002.9,0,0,0,1,case1_access_deficit,4.0,1,case1_access_deficit,4.0,1,case1_access_deficit,4.0,1,False,False,False,False
B000025256,인천송원초등학교,연수구,4.0,접근 양호,0,20.73364328147904,1,0,0,1,219.0,국제화복합단지 1호 근린공원,neighborhood_park_scale,219.0,국제화복합단지 1호 근린공원,neighborhood_park_scale,functional_access_available,활동규모 공원 접근 가능형,267.4,267.4,267.4,1,1,1,4,case4_good_access,1.0,4,case4_good_access,1.0,4,case4_good_access,1.0,4,False,False,False,False
B000025512,인천용학초등학교,미추홀구,2.0,접근 가능하나 녹지 부족,0,0.0,0,0,0,0,0.0,도담어린이공원,mid_activity_park,0.0,도담어린이공원,mid_activity_park,near_park_low_green_imbalance,근접 공원-녹지환경 불균형형,57.8,57.8,57.8,0,0,0,2,case2_access_low_green,3.0,2,case2_access_low_green,3.0,2,case2_access_low_green,3.0,2,False,False,False,False
B000025677,인천주안초등학교,미추홀구,3.0,"접근 가능, 중간 수준",0,1.8002097779108457,0,0,0,0,64.8,승기어린이공원,mid_activity_park,64.8,승기어린이공원,mid_activity_park,near_park_low_green_imbalance,근접 공원-녹지환경 불균형형,121.8,121.8,121.8,0,0,0,3,case3_access_mid_green,2.0,3,case3_access_mid_green,2.0,2,case2_access_low_green,3.0,3,False,False,True,True
B000025690,인천별빛초등학교,중구,4.0,접근 양호,0,5.969080528100306,1,0,0,1,544.0,영종하늘도시 29호,neighborhood_park_scale,457.0,영종하늘도시 29호,neighborhood_park_scale,near_park_low_green_imbalance,근접 공원-녹지환경 불균형형,199.9,357.1,357.1,1,1,1,4,case4_good_access,1.0,4,case4_good_access,1.0,3,case3_access_mid_green,2.0,4,False,False,True,True
B000025751,인천경연초등학교,서구,3.0,"접근 가능, 중간 수준",0,3.181439301862633,3,1,2,0,153.7,황소자리공원,mid_activity_park,153.7,황소자리공원,mid_activity_park,near_park_low_green_imbalance,근접 공원-녹지환경 불균형형,40.0,136.0,136.0,3,2,0,3,case3_access_mid_green,2.0,3,case3_access_mid_green,2.0,3,case3_access_mid_green,2.0,3,False,False,False,False
B000025752,인천도담초등학교,서구,4.0,접근 양호,0,10.134123259597953,1,0,0,1,215.1,포리공원,neighborhood_park_scale,215.1,포리공원,neighborhood_park_scale,functional_access_with_barrier,보행부담 동반형,105.3,105.3,105.3,1,1,1,4,case4_good_access,1.0,4,case4_good_access,1.0,4,case4_good_access,1.0,4,False,False,False,False
B000025756,인천청호초등학교,서구,4.0,접근 양호,0,27.81240531508432,0,0,0,0,156.0,물병자리공원,neighborhood_park_scale,366.2,물병자리공원,neighborhood_park_scale,functional_access_with_barrier,보행부담 동반형,110.5,110.5,110.5,0,0,0,4,case4_good_access,1.0,4,case4_good_access,1.0,4,case4_good_access,1.0,4,False,False,False,False
B000026155,인천한들초등학교,서구,2.0,접근 가능하나 녹지 부족,0,0.0,0,0,0,0,91.0,당하어린이공원,small_child_park,1678.5,당하지구 1호공원,neighborhood_park_scale,nominal_access_only,명목 접근성 착시형,755.1,1355.9,755.1,0,0,0,1,case1_access_deficit,4.0,1,case1_access_deficit,4.0,1,case1_access_deficit,4.0,2,True,False,True,False
B000026332,인천백석초등학교,서구,4.0,접근 양호,0,7.640385724662288,1,0,1,0,159.3,당하지구7호 어린이공원,small_child_park,407.8,당하지구 1호공원,neighborhood_park_scale,functional_access_with_barrier,보행부담 동반형,125.3,311.3,125.3,1,1,0,4,case4_good_access,1.0,4,case4_good_access,1.0,4,case4_good_access,1.0,4,False,False,False,False
B000026333,인천가원초등학교,서구,2.0,접근 가능하나 녹지 부족,0,0.0,0,0,0,0,98.0,가경공원,playground_like,1047.5,거울어린이공원,mid_activity_park,nominal_access_only,명목 접근성 착시형,482.5,788.9,788.9,0,0,0,2,case2_access_low_green,3.0,1,case1_access_deficit,4.0,1,case1_access_deficit,4.0,2,True,True,True,True
B000026466,인천아라초등학교,서구,4.0,접근 양호,0,16.492091629952778,0,0,0,0,166.0,아라노을공원,neighborhood_park_scale,255.8,아라노을공원,neighborhood_park_scale,functional_access_with_barrier,보행부담 동반형,156.4,156.4,156.4,0,0,0,4,case4_good_access,1.0,4,case4_good_access,1.0,4,case4_good_access,1.0,4,False,False,False,False
B000026467,인천해든초등학교,서구,3.0,"접근 가능, 중간 수준",0,1.7363552753817364,0,0,0,0,175.0,해든공원,mid_activity_park,276.7,해든공원,mid_activity_park,near_park_low_green_imbalance,근접 공원-녹지환경 불균형형,94.2,94.2,94.2,0,0,0,3,case3_access_mid_green,2.0,3,case3_access_mid_green,2.0,2,case2_access_low_green,3.0,3,False,False,True,True
B000026468,인천아람초등학교,서구,2.0,접근 가능하나 녹지 부족,0,0.3536564936832223,0,0,0,0,78.9,동글동글나이테공원,small_child_park,591.0,바래미공원,mid_activity_park,nominal_access_only,명목 접근성 착시형,80.2,399.6,80.2,0,0,0,2,case2_access_low_green,3.0,2,case2_access_low_green,3.0,2,case2_access_low_green,3.0,2,False,False,False,False
B000026469,인천한별초등학교,서구,4.0,접근 양호,0,13.585837863351928,0,0,0,0,213.0,도담공원,neighborhood_park_scale,473.5,도담공원,neighborhood_park_scale,functional_access_available,활동규모 공원 접근 가능형,89.2,89.2,89.2,0,0,0,4,case4_good_access,1.0,4,case4_good_access,1.0,4,case4_good_access,1.0,4,False,False,False,False
B000026470,인천이음초등학교,서구,2.0,접근 가능하나 녹지 부족,0,0.0,0,0,0,0,190.0,아랫목어린이공원,small_child_park,652.7,도담공원,neighborhood_park_scale,nominal_access_only,명목 접근성 착시형,172.6,172.6,172.6,0,0,0,2,case2_access_low_green,3.0,2,case2_access_low_green,3.0,2,case2_access_low_green,3.0,2,False,False,False,False
B000026471,인천신검단초등학교,서구,2.0,접근 가능하나 녹지 부족,0,0.0,0,0,0,0,95.0,원당지구 4호 어린이공원,small_child_park,1630.9,원당지구 3호공원,neighborhood_park_scale,nominal_access_only,명목 접근성 착시형,886.3,886.3,886.3,0,0,0,1,case1_access_deficit,4.0,1,case1_access_deficit,4.0,1,case1_access_deficit,4.0,2,True,False,True,False
B000026504,인천송담초등학교,연수구,4.0,접근 양호,0,20.733643281479043,0,0,0,0,59.0,랜드마크시티 1호 수변공원,neighborhood_park_scale,746.1,랜드마크시티 1호 수변공원,neighborhood_park_scale,nominal_access_only,명목 접근성 착시형,486.2,486.2,486.2,0,0,0,4,case4_good_access,1.0,4,case4_good_access,1.0,4,case4_good_access,1.0,4,False,False,False,False
B000027505,인천중산초등학교,중구,4.0,접근 양호,0,95.91580703521188,1,1,0,0,55.7,박석공원,neighborhood_park_scale,55.7,박석공원,neighborhood_park_scale,functional_access_available,활동규모 공원 접근 가능형,142.4,142.4,142.4,1,0,0,4,case4_good_access,1.0,4,case4_good_access,1.0,4,case4_good_access,1.0,4,False,False,False,False
