"LBRRY_NM","CTPRVN_NM","SIGNGU_NM","LBRRY_SE","CLOSE_DAY","WEEKDAY_OPER_OPEN_HHMM","WEEKDAY_OPER_COLSE_HHMM","SAT_OPER_OPER_OPEN_HHMM","SAT_OPER_CLOSE_HHMM","HOLIDAY_OPER_OPEN_HHMM","HOLIDAY_CLOSE_OPEN_HHMM","SEAT_CO","BOOK_CO","PBLICTN_CO","NONE_BOOK_CO","LON_CO","LON_DAYCNT","RDNMADR","OPER_INSTITUTION_NM","PHONE_NUMBER","PLOT_AR","BULD_AR","HOMEPAGE_URL","LATITUDE","LONGITUDE","REFERENCE_DATE","INSTT_CODE","INSTT_NM"
"지혜의숲도서관","인천광역시","강화군","공공도서관","금","09:00","22:00","09:00","22:00","09:00","22:00","82","22025","29","0","5","14","인천광역시 강화군 선원면 대문고개로 131","인천광역시 강화군청","032-934-8273","1995","1189","https://lib.ganghwa.go.kr","37.72281752","126.4830801","2026-04-30","3570000","인천광역시 강화군"
"강화도서관","인천광역시","강화군","공공도서관","월","09:00","22:00","09:00","22:00","09:00","22:00","241","85849","47","3584","5","14","인천광역시 강화군 강화읍 북문길9번길 18","인천광역시 강화군청","032-932-8264","1528","2190","https://lib.ganghwa.go.kr","37.7488047","126.4831601","2026-04-30","3570000","인천광역시 강화군"
"내가도서관","인천광역시","강화군","공공도서관","금","09:00","18:00","09:00","18:00","09:00","18:00","60","17837","2","0","5","14","인천광역시 강화군 내가면 강화서로 249","인천광역시 강화군청","032-934-1528","179","378","https://lib.ganghwa.go.kr","37.7193494","126.3898462","2026-04-30","3570000","인천광역시 강화군"
"별똥별어린이도서관","인천광역시","계양구","공공도서관","금","09:00","22:00","09:00","22:00","09:00","18:00","48","15093","12","5542","10","14","인천광역시 계양구 봉오대로 510","(재)인천광역시 계양구 인재양성장학교육재단","032-553-4683","1017","385.84","http://www.gygl.go.kr","37.529267","126.705760","2026-05-19","3550000","인천광역시 계양구"
"임학도서관","인천광역시","계양구","공공도서관","금","06:00","22:00","06:00","22:00","06:00","22:00","109","20884","15","5542","10","14","인천광역시 계양구 임학동로 26-1","(재)인천광역시 계양구 인재양성장학교육재단","032-551-9701","330","727","http://www.gygl.go.kr","37.544347","126.736191","2026-05-19","3550000","인천광역시 계양구"
"동양도서관","인천광역시","계양구","공공도서관","월","06:00","22:00","06:00","22:00","06:00","22:00","393","50477","21","5542","10","14","인천광역시 계양구 당미길 31","(재)인천광역시 계양구 인재양성장학교육재단","032-541-1800","1650","1601","http://www.gygl.go.kr","37.561924","126.757834","2026-05-19","3550000","인천광역시 계양구"
"서운도서관","인천광역시","계양구","공공도서관","월","06:00","22:00","06:00","22:00","06:00","22:00","174","43297","19","5542","10","14","인천광역시 계양구 아나지로 457번길 16","(재)인천광역시 계양구 인재양성장학교육재단","032-556-8597","1598","1051","http://www.gygl.go.kr","37.526429","126.743024","2026-05-19","3550000","인천광역시 계양구"
"효성도서관","인천광역시","계양구","공공도서관","월","06:00","22:00","06:00","22:00","06:00","22:00","281","51383","14","5542","10","14","인천광역시 계양구 봉오대로 600번길 14","(재)인천광역시 계양구 인재양성장학교육재단","032-547-3862","2149","1454","http://www.gygl.go.kr","37.529137","126.715058","2026-05-19","3550000","인천광역시 계양구"
"작전도서관","인천광역시","계양구","공공도서관","금","06:00","22:00","06:00","22:00","06:00","22:00","374","45734","18","5542","10","14","인천광역시 계양구 오조산로 21번길 4","(재)인천광역시 계양구 인재양성장학교육재단","032-555-9734","17043","1684","http://www.gygl.go.kr","37.533007","126.737729","2026-05-19","3550000","인천광역시 계양구"
"송도5동작은도서관","인천광역시","연수구","작은도서관","월+일+국가지정공휴일","10:00","18:00","10:00","18:00","00:00","00:00","34","11787","0","0","5","15","인천광역시 연수구 인천타워대로 501","인천광역시 연수구청","032-721-6330","4000","486","http://www.yspubliclib.go.kr","37.413912","126.623216","2026-04-30","3520000","인천광역시 연수구"
"누리공원작은도서관","인천광역시","연수구","작은도서관","월+일+국가지정공휴일","10:00","18:00","10:00","18:00","00:00","00:00","28","10517","0","0","5","15","인천광역시 연수구 송도문화로 20","인천광역시 연수구청","032-812-7658","176.4","176.4","http://www.yspubliclib.go.kr","37.37861056","126.6555701","2026-04-30","3520000","인천광역시 연수구"
"해찬솔공원작은도서관","인천광역시","연수구","작은도서관","월+일+국가지정공휴일","10:00","18:00","10:00","18:00","00:00","00:00","33","12771","0","0","5","15","인천광역시 연수구 송도과학로 27번길 74","인천광역시 연수구청","032-818-6313","214.59","214.59","http://www.yspubliclib.go.kr","37.38816269","126.6680769","2026-04-30","3520000","인천광역시 연수구"
"솔안공원작은도서관","인천광역시","연수구","작은도서관","월+일+국가지정공휴일","10:00","18:00","10:00","18:00","00:00","00:00","32","11532","0","0","5","15","인천광역시 연수구 원인재로 170","인천광역시 연수구청","032-719-7210","210","259.85","http://www.yspubliclib.go.kr","37.41231176","126.6828579","2026-04-30","3520000","인천광역시 연수구"
"문화공원작은도서관","인천광역시","연수구","작은도서관","월+일+국가지정공휴일","10:00","18:00","10:00","18:00","00:00","00:00","40","3505","0","0","5","15","인천광역시 연수구 새말로 120","인천광역시 연수구청","032-821-0890","77.57","68.77","http://www.yspubliclib.go.kr","37.41812199","126.6823541","2026-04-30","3520000","인천광역시 연수구"
"송도3동작은도서관","인천광역시","연수구","작은도서관","토+일+국가지정공휴일","10:00","18:00","00:00","00:00","00:00","00:00","20","18057","0","0","5","15","인천광역시 연수구 송도교육로 63","인천광역시 연수구청","032-749-6797","797.87","4724.63","http://www.yspubliclib.go.kr","37.37148829","126.6601719","2026-04-30","3520000","인천광역시 연수구"
"송도2동작은도서관","인천광역시","연수구","작은도서관","토+일+국가지정공휴일","10:00","18:00","00:00","00:00","00:00","00:00","20","18709","0","0","5","15","인천광역시 연수구 신송로 248","인천광역시 연수구청","032-749-6595","170.5","4130.87","http://www.yspubliclib.go.kr","37.40321868","126.6416744","2026-04-30","3520000","인천광역시 연수구"
"연수1동작은도서관","인천광역시","연수구","작은도서관","토+일+국가지정공휴일","10:00","18:00","00:00","00:00","00:00","00:00","20","13590","0","0","5","15","인천광역시 연수구 함박뫼로 127","인천광역시 연수구청","032-749-6151","643.27","4102.26","http://www.yspubliclib.go.kr","37.42225406","126.6810562","2026-04-30","3520000","인천광역시 연수구"
"옥련2동작은도서관","인천광역시","연수구","작은도서관","토+일+국가지정공휴일","10:00","18:00","00:00","00:00","00:00","00:00","20","22831","0","0","5","15","인천광역시 연수구 옥련로 82","인천광역시 연수구청","032-749-6084","500.59","3696.82","http://www.yspubliclib.go.kr","37.42619045","126.6482901","2026-04-30","3520000","인천광역시 연수구"
"옥련1동작은도서관","인천광역시","연수구","작은도서관","토+일+국가지정공휴일","10:00","18:00","00:00","00:00","00:00","00:00","34","17134","0","0","5","15","인천광역시 연수구 비류대로 186번길 14","인천광역시 연수구청","032-749-6026","349.04","1647.44","http://www.yspubliclib.go.kr","37.42733824","126.6550908","2026-04-30","3520000","인천광역시 연수구"
"함박비류도서관","인천광역시","연수구","공공도서관","월+일+국가지정공휴일","09:00","18:00","09:00","18:00","00:00","00:00","142","39127","57","2447","5","15","인천광역시 연수구 함박안로 218","인천광역시 연수구청","032-749-6970","7039.1","1019.09","http://www.yspubliclib.go.kr","37.42570148","126.686803","2026-04-30","3520000","인천광역시 연수구"
"동춘나래도서관","인천광역시","연수구","공공도서관","월+일+국가지정공휴일","09:00","18:00","09:00","18:00","00:00","00:00","154","40410","38","1562","5","15","인천광역시 연수구 봉재산로54번길 30","인천광역시 연수구청","032-749-8240","2876","1147","http://www.yspubliclib.go.kr","37.40769326","126.6641127","2026-04-30","3520000","인천광역시 연수구"
"선학별빛도서관","인천광역시","연수구","공공도서관","월+일+국가지정공휴일","09:00","22:00","09:00","18:00","00:00","00:00","247","63215","79","3012","5","15","인천광역시 연수구 넘말로30","인천광역시 연수구청","032-749-6710","437","1772.58","http://www.yspubliclib.go.kr","37.42984697","126.6978867","2026-04-30","3520000","인천광역시 연수구"
"해돋이도서관","인천광역시","연수구","공공도서관","월+일+국가지정공휴일","09:00","22:00","09:00","18:00","00:00","00:00","165","70313","41","2459","5","15","인천광역시 연수구 해돋이로 7","인천광역시 연수구청","032-749-6950","836.66","1490.82","http://www.yspubliclib.go.kr","37.38582193","126.6590477","2026-04-30","3520000","인천광역시 연수구"
"송도국제어린이도서관","인천광역시","연수구","어린이도서관","월+일+국가지정공휴일","09:00","18:00","09:00","18:00","00:00","00:00","104","69243","25","28854","5","15","인천광역시 연수구 컨벤시아대로 43","인천광역시 연수구청","032-749-8220","908","1702.61","http://www.yspubliclib.go.kr","37.39798351","126.6536818","2026-04-30","3520000","인천광역시 연수구"
"연수꿈담도서관","인천광역시","연수구","공공도서관","월+일+국가지정공휴일","09:00","22:00","09:00","18:00","00:00","00:00","220","48752","58","8008","5","15","인천광역시 연수구 먼우금로 164","인천광역시 연수구청","032-749-8200","1334.6","1775","http://www.yspubliclib.go.kr","37.41232194","126.6747371","2026-04-30","3520000","인천광역시 연수구"
"연수청학도서관","인천광역시","연수구","공공도서관","월+일+국가지정공휴일","09:00","22:00","09:00","18:00","00:00","00:00","400","82028","75","4389","5","15","인천광역시 연수구 솔샘로 146","인천광역시 연수구청","032-749-6640","1298.2","2598","http://www.yspubliclib.go.kr","37.42559122","126.6609778","2026-04-30","3520000","인천광역시 연수구"
"송도국제도서관","인천광역시","연수구","공공도서관","월+일+국가지정공휴일","09:00","21:00","09:00","18:00","00:00","00:00","49","49339","82","21","5","15","인천광역시 연수구 아카데미로 166 (송도동)","인천광역시 연수구청","032-749-8270","9427.4","8179","http://www.yspubliclib.go.kr","37.3806385","126.6318499","2026-04-30","3520000","인천광역시 연수구"
"만수2동어린이도서관","인천광역시","남동구","공공도서관","월+국가지정 공휴일","09:00","18:00","09:00","17:00","09:00","17:00","65","35390","9","0","5","15","인천광역시 남동구 만수서로 46(만수동)","인천광역시 남동구청","032-453-5741","1400","472","www.namdonglib.go.kr","37.4613894","126.7311617","2026-03-16","3530000","인천광역시 남동구"
"간석3동어린이도서관","인천광역시","남동구","공공도서관","월+국가지정 공휴일","09:00","18:00","09:00","17:00","09:00","17:00","80","39881","9","0","5","15","인천광역시 남동구 용천로 186(간석동)","인천광역시 남동구청","032-453-5927","1342","469","www.namdonglib.go.kr","37.46611169","126.714682","2026-03-16","3530000","인천광역시 남동구"
"서창도서관","인천광역시","남동구","공공도서관","월+국가지정 공휴일","08:00","22:00","08:00","22:00","08:00","22:00","183","89858","17","2702","5","15","인천광역시 남동구 독곡로16번길 15(서창동)","인천광역시 남동구청","032-453-5950","17518.9","518","www.namdonglib.go.kr","37.4363253","126.7462252","2026-03-16","3530000","인천광역시 남동구"
"소래도서관","인천광역시","남동구","공공도서관","월+국가지정 공휴일","08:00","22:00","08:00","22:00","08:00","22:00","150","118513","20","4603","5","15","인천광역시 남동구 앵고개로 793(논현동)","인천광역시 남동구청","032-453-5940","1929","586","www.namdonglib.go.kr","37.39318223","126.7231934","2026-03-16","3530000","인천광역시 남동구"
"남동논현도서관","인천광역시","남동구","공공도서관","금+국가지정 공휴일","08:00","22:00","08:00","22:00","08:00","22:00","333","54860","17","1536","5","15","인천광역시 남동구 청능대로 611번길 15","인천광역시 남동구청","032-453-6430","41789","1411","www.namdonglib.go.kr","37.40243916","126.7264659","2026-03-16","3530000","인천광역시 남동구"
"자월도서관","인천광역시","옹진군","공공도서관","매주월요일+법정공휴일","09:00","18:00","09:00","18:00","00:00","00:00","50","1572","0","0","2","14","인천광역시 옹진군 자월면 자원리 1116-2, 2층","","","","","","","","2026-02-09","6280000","인천광역시"
"연평도서관","인천광역시","옹진군","공공도서관","매주월요일+법정공휴일","09:00","21:00","09:00","18:00","00:00","00:00","59","6953","0","0","2","14","인천광역시 옹진군 연평면 연평로 184","","","","","","","","2026-02-09","6280000","인천광역시"
"영흥도서관","인천광역시","옹진군","공공도서관","매주월요일+법정공휴일","10:00","21:00","10:00","17:00","00:00","00:00","92","35274","0","0","2","14","인천광역시 옹진군 영흥면 영흥로 283-31","","","","","","","","2026-02-09","6280000","인천광역시"
"대청도서관","인천광역시","옹진군","공공도서관","주말+법정공휴일","09:00","18:00","00:00","00:00","00:00","00:00","51","19312","0","0","2","14","인천광역시 옹진군 대청면 대청리 750","","","","","","","","2026-02-09","6280000","인천광역시"
"백령도서관","인천광역시","옹진군","공공도서관","매주월요일+법정공휴일","09:00","21:00","09:00","18:00","00:00","00:00","38","25395","0","0","2","14","인천광역시 옹진군 백령면 백령로260","","","","","","","","2026-02-09","6280000","인천광역시"
"지혜의숲도서관","인천광역시","깅화군","공공도서관","매주금요일+법정공휴일","09:00","22:00","09:00","22:00","00:00","00:00","154","21697","0","0","5","15","인천광역시 강화군 선원면 대문고개로 131","","","","","","","","2026-02-09","6280000","인천광역시"
"내가도서관","인천광역시","강화군","공공도서관","매주금요일+법정공휴일","09:00","18:00","09:00","18:00","00:00","00:00","44","17148","0","0","5","15","인천광역시 강화군 내가면 강화서로249","","","","","","","","2026-02-09","6280000","인천광역시"
"강화도서관","인천광역시","강화군","공공도서관","매주월요일+법정공휴일","09:00","22:00","09:00","22:00","00:00","00:00","401","82669","441","0","5","15","인천광역시 강화군 강화읍 북문길 9번길 18","","","","","","","","2026-02-09","6280000","인천광역시"
"단봉늘봄도서관","인천광역시","서구","공공도서관","매주월요일+법정공휴일","09:00","22:00","09:00","18:00","00:00","00:00","193","41393","35","0","10","14","인천광역시 서구 오동로 25","","","","","","","","2026-02-09","6280000","인천광역시"
"마전도서관","인천광역시","서구","공공도서관","매주금요일+법정공휴일","09:00","22:00","09:00","18:00","00:00","00:00","490","72144","50","664","5","14","인천광역시 서구 원당대로 563","","","","","","","","2026-02-09","6280000","인천광역시"
"검암도서관","인천광역시","서구","공공도서관","매주월요일+법정공휴일","09:00","22:00","09:00","18:00","00:00","00:00","210","50296","38","10336","5","14","인천광역시 서구 검암로 20번길 20","","","","","","","","2026-02-09","6280000","인천광역시"
"청라호수도서관","인천광역시","서구","공공도서관","매주금요일+법정공휴일","09:00","22:00","09:00","18:00","00:00","00:00","633","130869","63","2682","5","14","인천광역시 서구 크리스탈로 59","","","","","","","","2026-02-09","6280000","인천광역시"
"청라국제도서관","인천광역시","서구","공공도서관","매주월요일+법정공휴일","09:00","22:00","09:00","18:00","00:00","00:00","220","108933","49","0","5","14","인천광역시 서구 담지로 24","","","","","","","","2026-02-09","6280000","인천광역시"
"신석도서관","인천광역시","서구","공공도서관","매주월요일+법정공휴일","09:00","22:00","09:00","18:00","00:00","00:00","350","70636","27","10336","5","14","인천광역시 서구 염곡로 299","","","","","","","","2026-02-09","6280000","인천광역시"
"석남도서관","인천광역시","서구","공공도서관","매주월요일+법정공휴일","09:00","22:00","09:00","18:00","00:00","00:00","283","62921","40","10336","5","14","인천광역시 서구 서달로 137번길6-12","","","","","","","","2026-02-09","6280000","인천광역시"
"검단도서관","인천광역시","서구","공공도서관","매주월요일+법정공휴일","09:00","22:00","09:00","18:00","00:00","00:00","350","86072","37","10336","5","14","인천광역시 서구 완정로 92번길 18","","","","","","","","2026-02-09","6280000","인천광역시"
"심곡도서관","인천광역시","서구","공공도서관","매주월요일+법정공휴일","09:00","22:00","09:00","18:00","00:00","00:00","212","77652","41","10336","5","14","인천광역시 서구 심곡로 31","","","","","","","","2026-02-09","6280000","인천광역시"
"가재울꿈어린이도서관","인천광역시","서구","공공도서관","매주금요일+법정공휴일","09:00","18:00","09:00","17:00","00:00","00:00","485","263047","103","13959","10","15","인천광역시 서구 건지로334번길 45","","","","","","","","2026-02-09","6280000","인천광역시"
"서구도서관","인천광역시","서구","공공도서관","매주금요일+법정공휴일","06:00","22:00","06:00","22:00","00:00","00:00","480","253958","103","12218","10","15","인천광역시 서구 건지로334번길 45","","","","","","","","2026-02-09","6280000","인천광역시"
"별똥별어린이도서관","인천광역시","계양구","공공도서관","매주금요일","09:00","18:00","09:00","18:00","00:00","00:00","48","14400","0","0","10","15","인천광역시 계양구 봉오대로 510","","","","","","","","2026-02-09","6280000","인천광역시"
"임학도서관","인천광역시","계양구","공공도서관","매주수요일+법정공휴일","09:00","22:00","09:00","18:00","00:00","00:00","44","20177","10","0","10","15","인천광역시 계양구 임학동로 26-1","","","","","","","","2026-02-09","6280000","인천광역시"
"동양도서관","인천광역시","계양구","공공도서관","매주월요일+법정공휴일","09:00","22:00","09:00","18:00","00:00","00:00","142","49556","24","0","10","15","인천광역시 계양구 당미길 31","","","","","","","","2026-02-09","6280000","인천광역시"
"서운도서관","인천광역시","계양구","공공도서관","매주목요일+법정공휴일","09:00","22:00","09:00","18:00","00:00","00:00","105","42149","11","0","10","15","인천광역시 계양구 아나지로457번길 16","","","","","","","","2026-02-09","6280000","인천광역시"
"효성도서관","인천광역시","계양구","공공도서관","매주수요일+법정공휴일","09:00","22:00","09:00","18:00","00:00","00:00","117","49947","8","0","10","15","인천광역시 계양구 봉오대로600번길 14","","","","","","","","2026-02-09","6280000","인천광역시"
"작전도서관","인천광역시","계양구","공공도서관","매주금요일+법정공휴일","09:00","22:00","09:00","18:00","00:00","00:00","185","44572","10","4615","10","15","인천광역시 계양구 오조산로21번길 4","","","","","","","","2026-02-09","6280000","인천광역시"
"계양도서관","인천광역시","계양구","공공도서관","매주화요일+법정공휴일","06:00","22:00","06:00","22:00","00:00","00:00","606","211481","101","27626","10","15","인천광역시 계양구 계양산로134번길 18","","","","","","","","2026-02-09","6280000","인천광역시"
"청천도서관","인천광역시","부평구","공공도서관","매주월요일+법정공휴일","09:00","22:00","09:00","18:00","00:00","00:00","149","61007","25","1627","5","14","인천광역시 부평구 원길로 23","","","","","","","","2026-02-09","6280000","인천광역시"
"부개어린이도서관","인천광역시","부평구","공공도서관","매주월요일+법정공휴일","09:00","18:00","09:00","18:00","00:00","00:00","70","22831","9","279","5","14","인천광역시 부평구 동수로 166","","","","","","","","2026-02-09","6280000","인천광역시"
"삼산도서관","인천광역시","부평구","공공도서관","매주월요일+법정공휴일","09:00","22:00","09:00","18:00","00:00","00:00","204","69595","23","2009","5","14","인천광역시 부평구 부평북로 445","","","","","","","","2026-02-09","6280000","인천광역시"
"갈산도서관","인천광역시","부평구","공공도서관","매주월요일+법정공휴일","09:00","18:00","09:00","18:00","00:00","00:00","92","28287","18","0","5","14","인천광역시 부평구 주부토로 254","","","","","","","","2026-02-09","6280000","인천광역시"
"부개도서관","인천광역시","부평구","공공도서관","매주월요일+법정공휴일","09:00","22:00","09:00","18:00","00:00","00:00","227","65303","266","5123","5","14","인천광역시 부평구 부일로83번길 46","","","","","","","","2026-02-09","6280000","인천광역시"
"부평기적의도서관","인천광역시","부평구","공공도서관","매주월요일+법정공휴일","09:00","18:00","09:00","18:00","00:00","00:00","120","53484","15","975","5","14","인천광역시 부평구 길주남로 166","","","","","","","","2026-02-09","6280000","인천광역시"
"신트리도서관","인천광역시","부평구","공공도서관","매주월요일+법정공휴일","06:00","22:00","06:00","22:00","00:00","00:00","1220","297481","126","66557","10","15","인천광역시 부평구 신트리로 21","","","","","","","","2026-02-09","6280000","인천광역시"
"부평도서관","인천광역시","부평구","공공도서관","매주목요일+법정공휴일","06:00","22:00","06:00","22:00","00:00","00:00","1051","198134","97","14531","10","15","인천광역시 부평구 경원대로 1191","","","","","","","","2026-02-09","6280000","인천광역시"
"논현도서관","인천광역시","남동구","공공도서관","매주금요일+법정공휴일","08:00","22:00","08:00","22:00","00:00","00:00","36","46716","314","1479","5","15","인천광역시 남동구 청능대로 611번길 15","","","","","","","","2026-02-09","6280000","인천광역시"
"만수2동어린이도서관","인천광역시","남동구","공공도서관","매주월요일+법정공휴일","09:00","18:00","09:00","17:00","00:00","00:00","0","35425","116","0","5","15","인천광역시 남동구 만수서로46(2층)","","","","","","","","2026-02-09","6280000","인천광역시"
"소래도서관","인천광역시","남동구","공공도서관","매주월요일+법정공휴일","06:00","22:00","06:00","22:00","00:00","00:00","74","114986","260","5062","5","15","인천광역시 남동구 앵고개로 793","","","","","","","","2026-02-09","6280000","인천광역시"
"서창도서관","인천광역시","남동구","공공도서관","매주월요일+법정공휴일","06:00","22:00","06:00","22:00","00:00","00:00","42","95836","210","2314","5","15","인천광역시 남동구 독곡로 16번길 15","","","","","","","","2026-02-09","6280000","인천광역시"
"간석3동어린이도서관","인천광역시","남동구","공공도서관","매주월요일+법정공휴일","09:00","18:00","09:00","17:00","00:00","00:00","0","41464","140","0","5","15","인천광역시 남동구 용천로 186(3층)","","","","","","","","2026-02-09","6280000","인천광역시"
"중앙도서관","인천광역시","남동구","공공도서관","매주월요일+법정공휴일","06:00","22:00","06:00","22:00","00:00","00:00","888","304597","114","11450","10","15","인천광역시 남동구 정각로9 (인천광역시교육청)","","","","","","","","2026-02-09","6280000","인천광역시"
"인천도서관","인천광역시","남동구","공공도서관","매주금요일+법정공휴일","09:00","22:00","09:00","18:00","00:00","00:00","1169","727364","525","89130","5","14","인천광역시 남동구 인주대로 776번길 53","","","","","","","","2026-02-09","6280000","인천광역시"
"송도국제도서관","인천광역시","연수구","공공도서관","매주월요일+법정공휴일","09:00","21:00","09:00","18:00","00:00","00:00","493","47565","80","0","5","15","인천광역시 연수구 아카데미로 166","","","","","","","","2026-02-09","6280000","인천광역시"
"함박비류도서관","인천광역시","연수구","공공도서관","매주월요일+법정공휴일","09:00","18:00","09:00","18:00","00:00","00:00","142","29925","59","2507","5","14","인천광역시 연수구 함박안로 217","","","","","","","","2026-02-09","6280000","인천광역시"
"동춘나래도서관","인천광역시","연수구","공공도서관","매주월요일+법정공휴일","09:00","18:00","09:00","18:00","00:00","00:00","176","41689","39","1544","5","14","인천광역시 연수구 봉재산로54번길 30","","","","","","","","2026-02-09","6280000","인천광역시"
"선학별빛도서관","인천광역시","연수구","공공도서관","매주월요일+법정공휴일","09:00","22:00","09:00","18:00","00:00","00:00","169","63197","78","2981","5","14","인천광역시 연수구 넘말로30","","","","","","","","2026-02-09","6280000","인천광역시"
"해돋이도서관","인천광역시","연수구","공공도서관","매주월요일+법정공휴일","09:00","22:00","09:00","18:00","00:00","00:00","200","73984","67","2490","5","14","인천광역시 연수구 해돋이로 51","","","","","","","","2026-02-09","6280000","인천광역시"
"송도국제기구도서관","인천광역시","연수구","공공도서관","주말+법정공휴일","09:00","18:00","00:00","00:00","00:00","00:00","76","27237","21","39","5","14","인천광역시 연수구 아트센터대로 175, 2층","","","","","","","","2026-02-09","6280000","인천광역시"
"연수청학도서관","인천광역시","연수구","공공도서관","매주월요일+법정공휴일","07:00","22:00","07:00","22:00","00:00","00:00","400","85347","94","4496","5","14","인천광역시 연수구 솔샘로 146","","","","","","","","2026-02-09","6280000","인천광역시"
"송도국제어린이도서관","인천광역시","연수구","공공도서관","매주월요일+법정공휴일","10:00","18:00","10:00","18:00","00:00","00:00","141","73819","21","29174","5","14","인천광역시 연수구 컨벤시아대로 43","","","","","","","","2026-02-09","6280000","인천광역시"
"연수꿈담도서관","인천광역시","연수구","공공도서관","매주월요일+법정공휴일","09:00","22:00","09:00","18:00","00:00","00:00","300","52490","85","7981","5","14","인천광역시 연수구 먼우금로 164","","","","","","","","2026-02-09","6280000","인천광역시"
"연수도서관","인천광역시","연수구","공공도서관","매주수요일+법정공휴일","06:00","22:00","06:00","22:00","00:00","00:00","484","237870","118","30084","10","15","인천광역시 연수구 함박뫼로 152번길 96","","","","","","","","2026-02-09","6280000","인천광역시"
"용비도서관","인천광역시","미추홀구","공공도서관","매주월요일+법정공휴일","10:00","22:00","10:00","18:00","00:00","00:00","96","37980","551","1173","5","15","인천광역시 미추홀구 토금남로 82","","","","","","","","2026-02-09","6280000","인천광역시"
"학나래도서관","인천광역시","미추홀구","공공도서관","매주월요일+법정공휴일","10:00","22:00","10:00","18:00","00:00","00:00","115","52675","1529","2563","5","15","인천광역시 미추홀구 한나루로 444","","","","","","","","2026-02-09","6280000","인천광역시"
"수봉도서관","인천광역시","미추홀구","공공도서관","매주월요일+법정공휴일","09:00","22:00","09:00","18:00","00:00","00:00","463","113854","133","7037","5","14","인천광역시 미추홀구 경인로 218","","","","","","","","2026-02-09","6280000","인천광역시"
"주안도서관","인천광역시","미추홀구","공공도서관","매주목요일+법정공휴일","06:00","22:00","06:00","22:00","00:00","00:00","835","247131","27","17912","10","15","인천광역시 미추홀구 구월남로 27","","","","","","","","2026-02-09","6280000","인천광역시"
"꿈드림어린이영어도서관","인천광역시","동구","공공도서관","매주금요일+법정공휴일+임시휴관일","09:00","18:00","09:00","17:00","00:00","00:00","0","23731","25","448","5","14","인천광역시 동구 새천년로 93","","","","","","","","2026-02-09","6280000","인천광역시"
"이룸청소년도서관","인천광역시","동구","공공도서관","매주월요일+법정공휴일","10:00","19:00","10:00","19:00","00:00","00:00","85","4990","16","0","5","14","인천광역시 동구 샛골로 144(청봄이룸터)","","","","","","","","2026-02-09","6280000","인천광역시"
"송림도서관","인천광역시","동구","공공도서관","매주월요일+법정공휴일","06:00","22:00","06:00","22:00","00:00","00:00","450","87504","77","5263","5","14","인천광역시 동구 새천년로 72","","","","","","","","2026-02-09","6280000","인천광역시"
"화도진도서관","인천광역시","동구","공공도서관","매주수요일+법정공휴일","06:00","22:00","06:00","22:00","00:00","00:00","662","180271","101","16936","10","15","인천광역시 동구 화도진로 122","","","","","","","","2026-02-09","6280000","인천광역시"
"영종국제도서관","인천광역시","중구","공공도서관","매주월요일+법정공휴일","09:00","22:00","09:00","18:00","00:00","00:00","138","12994","45","0","5","14","인천광역시 중구 찬들로 151","","","","","","","","2026-02-09","6280000","인천광역시"
"영종하늘도서관","인천광역시","중구","공공도서관","매주금요일+법정공휴일","09:00","22:00","09:00","18:00","00:00","00:00","442","106945","60","1595","5","14","인천광역시 중구 하늘중앙로 132","","","","","","","","2026-02-09","6280000","인천광역시"
"꿈벗도서관","인천광역시","중구","공공도서관","매주월요일+법정공휴일","09:00","18:00","09:00","18:00","00:00","00:00","85","44916","30","1847","5","14","인천광역시 중구 홍예문로 32","","","","","","","","2026-02-09","6280000","인천광역시"
"영종도서관","인천광역시","중구","공공도서관","매주월요일+법정공휴일","09:00","22:00","09:00","18:00","00:00","00:00","311","115680","128","6528","5","14","인천광역시 중구 영종대로 85","","","","","","","","2026-02-09","6280000","인천광역시"
"율목도서관","인천광역시","중구","공공도서관","매주월요일+법정공휴일","09:00","22:00","09:00","18:00","00:00","00:00","265","89599","123","4803","5","14","인천광역시 중구 답동로24번길 17","","","","","","","","2026-02-09","6280000","인천광역시"
"은하수도서관","인천광역시","중구","작은도서관","국가지정공휴일","09:00","18:00","09:00","18:00","09:00","18:00","136","1259","0","0","0","0","인천광역시 중구 은하수로 306","","032-751-9317","","","","37.497299725","126.5564281634","2025-12-28","3491000","인천광역시 영종구"
"영종KCC스위첸 라이브러리","인천광역시","중구","작은도서관","국가지정공휴일","09:00","18:00","09:00","18:00","09:00","18:00","108","10200","0","0","0","0","인천광역시 중구 은하수로 380","","032-751-9115","","","","37.49259029","126.5527811","2025-12-28","3491000","인천광역시 영종구"
"코너스톤작은도서관","인천광역시","중구","작은도서관","국가지정공휴일","09:00","18:00","09:00","18:00","09:00","18:00","30","4000","0","0","0","0","인천광역시 중구 하늘달빛로94, 10층","","032-751-3927","","","","37.48729929","126.557473","2025-12-28","3491000","인천광역시 영종구"
"하늘기쁨작은도서관","인천광역시","중구","작은도서관","국가지정공휴일","09:00","18:00","09:00","18:00","09:00","18:00","20","1200","0","0","3","7","인천광역시 중구 월촌길 52","","032-751-9190","","","","37.49687946","126.5664265","2025-12-28","3491000","인천광역시 영종구"
"영종1단지LH아파트작은도서관","인천광역시","중구","작은도서관","국가지정공휴일","09:00","18:00","09:00","18:00","09:00","18:00","25","1064","0","0","3","7","인천광역시 중구 영종대로278번길 50","","032-746-9029","","","","37.484635","126.499290","2025-12-28","3491000","인천광역시 영종구"
"하늘꿈 도서관","인천광역시","중구","작은도서관","화+목+토+일+국가지정공휴일","10:00","16:00","00:00","00:00","00:00","00:00","22","2000","0","0","0","0","인천광역시 중구 은하수로 465","","","","","","37.48434213","126.551630","2025-12-28","3491000","인천광역시 영종구"
"개항장 마을문고 한중도서관","인천광역시","중구","작은도서관","일+국가지정공휴일","09:30","18:00","09:00","18:00","00:00","00:00","30","5450","0","0","0","0","인천광역시 중구 신포로23번길 80, 2층","","032-777-6578","","","","37.47318745","126.6213227","2025-12-28","3491000","인천광역시 영종구"
"희망을주는도서관","인천광역시","중구","작은도서관","일+월+국가지정공휴일","10:00","17:00","10:00","17:00","00:00","00:00","27","2500","0","0","0","0","인천광역시 중구 매소홀로 7","","032-884-9901","","","","37.45380528","126.6283648","2025-12-28","3491000","인천광역시 영종구"
"용유동작은도서관","인천광역시","중구","작은도서관","토+일+국가지정공휴일","09:00","18:00","00:00","00:00","00:00","00:00","6","4032","0","0","3","7","인천광역시 중구 남북로 16","","032-760-6283","","","","37.44264659","126.4063961","2025-12-28","3491000","인천광역시 영종구"
"동인천동작은도서관","인천광역시","중구","작은도서관","토+일+국가지정공휴일","09:00","18:00","00:00","00:00","00:00","00:00","12","3359","0","0","3","14","인천광역시 중구 참외전로72번길 25","","032-760-6205","","","","37.47682521","126.6289482","2025-12-28","3491000","인천광역시 영종구"
"글마루작은도서관","인천광역시","중구","작은도서관","월+법정공휴일","13:00","18:00","13:00","18:00","13:00","18:00","50","2100","0","32","0","0","인천광역시 중구 참외전로244번길 7","","032-882-1955","","","","37.4683075","126.6408148","2025-12-28","3491000","인천광역시 영종구"
"휘란작은도서관","인천광역시","중구","작은도서관","토+일+국가지정공휴일","09:00","18:00","00:00","00:00","00:00","00:00","60","6400","4","0","0","7","인천광역시 중구 제물량로206번길 21","","","","","","37.4723559","126.6221028","2025-12-28","3491000","인천광역시 영종구"
"단비도서관","인천광역시","중구","작은도서관","국가지정공휴일","09:00","18:00","09:00","18:00","09:00","18:00","28","5158","3","0","5","10","인천광역시 중구 서해대로449번길 28-7","","032-777-3025","","","","37.46706668","126.633158","2025-12-28","3491000","인천광역시 영종구"
"꿈나래어린이도서관","인천광역시","중구","작은도서관","월+국가지정공휴일","11:00","18:00","11:00","18:00","11:00","18:00","60","11378","32","619","3","7","인천광역시 중구 인중로26번길 41","","032-880-5271","","","","37.4649185","126.6410493","2025-12-28","3491000","인천광역시 영종구"
"꿈벗도서관","인천광역시","중구","공공도서관","월+국가지정공휴일","09:00","18:00","09:00","18:00","09:00","18:00","86","29725","60","1034","5","14","인천광역시 중구 홍예문로 32","","032-764-6111","","","","37.47314771","126.6249926","2025-12-28","3491000","인천광역시 영종구"
"성산 꿈 작은도서관","인천광역시","중구","작은도서관","월+화+수+목+금","00:00","00:00","09:00","17:30","09:00","17:30","20","1096","0","0","0","0","인천광역시 중구 답동로24번길 7","","032-763-1201","","","","37.470168","126.632126","2025-12-28","3491000","인천광역시 영종구"
"그림책도서관 잇:다","인천광역시","중구","작은도서관","일+월+국가지정공휴일","10:00","17:00","10:00","17:00","00:00","00:00","42","1061","0","0","0","0","인천광역시 중구 운중로71번길 20","","","","","","37.49437217","126.541931","2025-12-28","3491000","인천광역시 영종구"
"별빛그림작은도서관","인천광역시","중구","작은도서관","토+일+국가지정공휴일","10:00","17:00","00:00","00:00","00:00","00:00","18","1450","0","0","0","0","인천광역시 중구 은하수로 160","","032-746-9002","","","","37.49928685","126.568724","2025-12-28","3491000","인천광역시 영종구"
"운서 SK뷰 스카이시티II 작은도서관","인천광역시","중구","작은도서관","국가지정공휴일","09:00","18:00","09:00","18:00","09:00","18:00","0","1017","0","0","0","0","인천광역시 중구 흰바위로 249","","032-752-9051","","","","37.48053842","126.5036191","2025-12-28","3491000","인천광역시 영종구"
"경성작은도서관","인천광역시","중구","작은도서관","토+일+국가지정공휴일","09:00","16:00","00:00","00:00","00:00","00:00","0","1175","0","0","0","0","인천광역시 중구 운중로 22","","","","","","37.49332092","126.535512","2025-12-28","3491000","인천광역시 영종구"
"Sk뷰 꿈꾸는 도서관","인천광역시","중구","작은도서관","국가지정공휴일","09:00","18:00","09:00","18:00","09:00","18:00","0","1003","0","0","3","7","인천광역시 중구 흰바위로 203","","032-752-3227","","","","37.4825925","126.5010433","2025-12-28","3491000","인천광역시 영종구"
"옹달샘작은도서관","인천광역시","중구","작은도서관","국가지정공휴일","09:00","18:00","09:00","18:00","09:00","18:00","0","1000","0","0","0","0","인천광역시 중구 신포로 27번길 98","","032-764-1388","","","","37.47395069","126.6204797","2025-12-28","3491000","인천광역시 영종구"
"운서역 푸르지오 푸른도서관","인천광역시","중구","작은도서관","일+국가지정공휴일","10:30","18:00","10:30","14:30","00:00","00:00","30","2050","0","0","0","0","인천광역시 중구 흰바위로 277","","032-747-1446","","","","37.48036009","126.5059562","2025-12-28","3491000","인천광역시 영종구"
"오션하임 작은도서관","인천광역시","중구","작은도서관","국가지정공휴일","09:00","18:00","09:00","18:00","09:00","18:00","25","2500","0","0","0","0","인천광역시 중구 두미포로 112","","032-746-3727","","","","37.49426601","126.5665962","2025-12-28","3491000","인천광역시 영종구"
"용비도서관","인천광역시","미추홀구","공공도서관","매주월요일+법정공휴일","10:00","22:00","10:00","18:00","10:00","18:00","98","43584","10","1173","5","15","인천광역시 미추홀구 토금남로 82","인천광역시 미추홀구청","032-881-2416","29552","1840","http://hnrl.michu.incheon.kr","37.44931994","126.6404994","2024-10-31","3510500","인천광역시 미추홀구"
"제물포도서관","인천광역시","미추홀구","공공도서관","매주월요일+법정공휴일","10:00","18:00","10:00","18:00","10:00","18:00","35","19907","5","0","5","15","인천광역시 미추홀구 수봉로 22-1","인천광역시 미추홀구청","032-887-8836","810","479","http://hnrl.michu.incheon.kr","37.46412824","126.6560197","2024-10-31","3510500","인천광역시 미추홀구"
"이랑도서관","인천광역시","미추홀구","공공도서관","매주월요일+법정공휴일","10:00","18:00","10:00","18:00","10:00","18:00","32","22881","4","0","5","15","인천광역시 미추홀구 미추홀대로578번길 7","인천광역시 미추홀구청","032-427-2283","1347","533.2","http://hnrl.michu.incheon.kr","37.44923613","126.6803368","2024-10-31","3510500","인천광역시 미추홀구"
"장사래어린이도서관","인천광역시","미추홀구","어린이도서관","매주월요일+법정공휴일","10:00","18:00","10:00","18:00","10:00","18:00","50","21512","4","0","5","15","인천광역시 미추홀구 경인로34번길 22","인천광역시 미추홀구청","032-886-5055","1158","292.2","http://hnrl.michu.incheon.kr","37.4627916","126.6473658","2024-10-31","3510500","인천광역시 미추홀구"
"소금꽃어린이도서관","인천광역시","미추홀구","어린이도서관","매주월요일+법정공휴일","10:00","18:00","10:00","18:00","10:00","18:00","52","27041","5","0","5","15","인천광역시 미추홀구 석정로 462","인천광역시 미추홀구청","032-872-0731","1989","349.5","http://hnrl.michu.incheon.kr","37.46591921","126.6870517","2024-10-31","3510500","인천광역시 미추홀구"
"한우리어린이도서관","인천광역시","미추홀구","어린이도서관","매주월요일+법정공휴일","10:00","18:00","10:00","18:00","10:00","18:00","18","23044","5","0","5","15","인천광역시 미추홀구 주안서로53번길 22","인천광역시 미추홀구청","032-872-0814","876","356.2","http://hnrl.michu.incheon.kr","37.4637642","126.6765574","2024-10-31","3510500","인천광역시 미추홀구"
"쑥골어린이도서관","인천광역시","미추홀구","어린이도서관","매주월요일+법정공휴일","10:00","18:00","10:00","18:00","10:00","18:00","88","23743","5","0","5","15","인천광역시 미추홀구 염전로202번길 49","인천광역시 미추홀구청","032-872-8630","1144","404.2","http://hnrl.michu.incheon.kr","37.4755613","126.6612852","2024-10-31","3510500","인천광역시 미추홀구"
"관교어린이도서관","인천광역시","미추홀구","어린이도서관","매주월요일+법정공휴일","10:00","22:00","10:00","18:00","10:00","18:00","73","29031","5","0","5","15","인천광역시 미추홀구 인하로 452","인천광역시 미추홀구청","032-421-8630","992","392.3","http://hnrl.michu.incheon.kr","37.4441559","126.696806","2024-10-31","3510500","인천광역시 미추홀구"
"석바위어린이도서관","인천광역시","미추홀구","어린이도서관","매주월요일+법정공휴일","10:00","22:00","10:00","18:00","10:00","18:00","35","25120","5","0","5","15","인천광역시 미추홀구 경원대로864번길 59","인천광역시 미추홀구청","032-422-0651","680","337.9","http://hnrl.michu.incheon.kr","37.46127661","126.6923112","2024-10-31","3510500","인천광역시 미추홀구"
"독정골어린이도서관","인천광역시","미추홀구","어린이도서관","매주월요일+법정공휴일","10:00","18:00","10:00","18:00","10:00","18:00","62","19829","3","0","5","15","인천광역시 미추홀구 인주대로171번길 1","인천광역시 미추홀구청","032-872-0043","480","199.8","http://hnrl.michu.incheon.kr","37.456027","126.6563009","2024-10-31","3510500","인천광역시 미추홀구"
"학나래도서관","인천광역시","미추홀구","공공도서관","매주월요일+법정공휴일","10:00","22:00","10:00","18:00","10:00","18:00","115","54668","10","2579","5","15","인천광역시 미추홀구 한나루로 444","인천광역시 미추홀구청","032-728-6820","1053","627","http://hnrl.michu.incheon.kr","37.44658054","126.6674754","2024-10-31","3510500","인천광역시 미추홀구"
"꿈드림어린이영어도서관","인천광역시","동구","공공도서관","금+공휴일","09:00","18:00","09:00","17:00","00:00","00:00","100","23227","25","413","5","14","인천광역시 동구 새천년로 93","꿈드림어린이영어도서관","032-770-5983","748","574","https://lib.icdonggu.go.kr/dream/","37.47645272","126.6481858","2025-12-04","3501000","인천광역시 제물포구"
"이룸청소년도서관","인천광역시","동구","공공도서관","월+공휴일","10:00","21:00","10:00","18:00","00:00","00:00","50","7127","18","0","5","14","인천광역시 동구 샛골로 144","이룸청소년도서관","032-770-6197","469","369.44","https://lib.icdonggu.go.kr/erum/","37.47520498","126.6446852","2025-12-04","3501000","인천광역시 제물포구"
"송림도서관","인천광역시","동구","공공도서관","월+공휴일","06:00","22:00","06:00","22:00","00:00","00:00","465","98787","90","6974","5","14","인천광역시 동구 새천년로 72","송림도서관","032-770-6776","1200","1982","https://lib.icdonggu.go.kr/songlim/","37.47472957","126.6488089","2025-12-04","3501000","인천광역시 제물포구"
"인천광역시교육청화도진도서관","인천광역시","동구","공공도서관","매주수요일+국가지정공휴일","09:00","20:00","09:00","17:00","00:00","00:00","662","176709","99","16906","10","14","인천광역시 동구 화도진로 122","인천광역시교육청","032-760-4100","2012","3604.9","https://lib.ice.go.kr/hwadojin/index.do","37.48184083","126.6283577","2025-08-06","7310228","인천광역시교육청 인천광역시화도진도서관"
"인천광역시교육청신트리도서관","인천광역시","부평구","공공도서관","매주 월요일","09:00","20:00","09:00","17:00","09:00","17:00","500","310119","89","64819","10","22","인천광역시 부평구 신트리로 21","인천광역시교육청신트리도서관","032-363-5000","9362","8098","https://lib.ice.go.kr/shintree","37.50658091","126.7236393","2025-08-11","7310637","인천광역시교육청 인천광역시교육청신트리도서관"
"인천광역시교육청계양도서관","인천광역시","계양구","공공도서관","화+국가지정공휴일","06:00","22:00","06:00","22:00","06:00","22:00","606","205385","90","27536","10","15","인천광역시 계양구 계양산로134번길 18 (계산동)","인천광역시교육청","032-540-4400","5500","6059","https://lib.ice.go.kr/gyeyang/index.do","37.54600361","126.7301101","2025-08-07","7310508","인천광역시교육청 인천광역시교육청계양도서관"
"엘림 작은도서관","인천광역시","서구","작은도서관","토+일+법정공휴일","10:00","18:00","00:00","00:00","00:00","00:00","22","1758","0","0","0","0","인천광역시 서구 장고개로 275번길 3-1, 1층","","032-000-0000","","","","37.48890469","126.6819914","2025-11-14","3561000","인천광역시 서해구"
"솔라북 도서관","인천광역시","서구","작은도서관","토+일+법정공휴일","10:00","18:00","00:00","00:00","00:00","00:00","30","4087","0","0","0","0","인천광역시 서구 검단로 609번길 1, 2층","","032-567-2001","","","","37.60933965","126.6693411","2025-11-14","3561000","인천광역시 서해구"
"아라이음 작은도서관","인천광역시","서구","작은도서관","토+일+법정공휴일","10:00","18:00","00:00","00:00","00:00","00:00","36","1036","0","0","0","0","인천광역시 서구 이음3로 220, 인천검단LH20단지아파트","","032-561-6481","","","","37.58850941","126.7170892","2025-11-14","3561000","인천광역시 서해구"
"e편한세상 검단어반센트로 작은도서관","인천광역시","서구","작은도서관","토+일+법정공휴일","10:00","18:00","00:00","00:00","00:00","00:00","40","1000","0","0","0","0","인천광역시 서구 이음3로 101, e편한세상 검단어반센트로","","032-000-0000","","","","37.58908783","126.7028069","2025-11-14","3561000","인천광역시 서해구"
"가정 행복 작은도서관","인천광역시","서구","작은도서관","토+일+법정공휴일","10:00","18:00","00:00","00:00","00:00","00:00","20","1011","0","0","0","0","인천광역시 서구 행복2로 40, 가정2지구1단지 행복주택","","032-000-0000","","","","","","2025-11-14","3561000","인천광역시 서해구"
"청라 자이도서관","인천광역시","서구","작은도서관","토+일+법정공휴일","10:00","18:00","00:00","00:00","00:00","00:00","93","1396","0","0","0","0","인천광역시 서구 청라에메랄드로 30","","032-569-7874","","","","37.52767404","126.6570669","2025-11-14","3561000","인천광역시 서해구"
"루원시티2차SK리더스뷰 작은도서관","인천광역시","서구","작은도서관","토+일+법정공휴일","10:00","18:00","00:00","00:00","00:00","00:00","28","5029","0","0","0","0","인천광역시 서구 봉오대로 270, 루원시티2차SK리더스뷰","","032-574-4083","","","","37.52195565","126.6765082","2025-11-14","3561000","인천광역시 서해구"
"한신 작은도서관","인천광역시","서구","작은도서관","토+일+법정공휴일","10:00","18:00","00:00","00:00","00:00","00:00","50","1366","0","0","0","0","인천광역시 서구 서곶로255번길 14-4","","032-565-8322","","","","37.54029753","126.6751939","2025-11-14","3561000","인천광역시 서해구"
"소담터 불로작은도서관","인천광역시","서구","작은도서관","월+법정공휴일","09:00","18:00","09:00","18:00","00:00","00:00","45","3251","0","0","5","14","인천광역시 서구 용해로 17, 3~4층","","032-568-3203","","","","","","2025-11-14","3561000","인천광역시 서해구"
"검단금호어울림센트럴 작은도서관","인천광역시","서구","작은도서관","토+일+법정공휴일","10:00","18:00","00:00","00:00","00:00","00:00","40","5594","0","0","0","0","인천광역시 서구 이음5로 65, 검단금호어울림센트럴","","032-562-1205","","","","37.59624887","126.7143568","2025-11-14","3561000","인천광역시 서해구"
"덕적작은도서관","인천광역시","옹진군","작은도서관","공휴일","09:00","15:00","09:00","15:00","00:00","00:00","25","1987","10","10","3","14","인천광역시 옹진군 덕적면 덕적남로 7 (2층)","인천광역시 옹진군 덕적면사무소","032-899-3712","2471","800.53","","37.22648044","126.1467783","2025-07-03","3580000","인천광역시 옹진군"
"연평도서관","인천광역시","옹진군","공공도서관","매주월요일","09:00","21:00","09:00","18:00","09:00","18:00","59","7164","10","10","3","14","인천광역시 옹진군 연평면 연평로 184","인천광역시 옹진군 연평면사무소","032-832-1940","1417.06","358.45","","37.66251644","125.7048912","2025-07-03","3580000","인천광역시 옹진군"
"영흥도서관","인천광역시","옹진군","공공도서관","매주월요일","09:00","21:00","09:00","18:00","09:00","18:00","92","37021","10","416","3","14","인천광역시 옹진군 영흥면 영흥로251번길 90","인천광역시 옹진군 영흥면사무소","032-886-7710","985.74","496.63","","37.25609956","126.4833427","2025-07-03","3580000","인천광역시 옹진군"
"대청도서관","인천광역시","옹진군","공공도서관","매주월요일","09:00","18:00","09:00","18:00","09:00","18:00","51","18526","10","10","5","14","인천광역시 옹진군 대청면 대청로244번길 116-22","인천광역시 옹진군 대청면사무소","032-836-9500","999.42","381.6","","37.832716","124.6955698","2025-07-03","3580000","인천광역시 옹진군"
"백령도서관","인천광역시","옹진군","공공도서관","매주월요일","09:00","21:00","09:00","21:00","09:00","18:00","38","29065","10","52","3","7","인천광역시 옹진군 백령면 백령로 260","인천광역시 옹진군 백령면사무소","032-899-3086","923.4","352.16","","37.97038803","124.7196892","2025-07-03","3580000","인천광역시 옹진군"
"인천광역시교육청서구도서관","인천광역시","서구","공공도서관","매주금요일+일요일을제외한법정공휴일","06:00","22:00","06:00","22:00","06:00","22:00","965","262532","87","12195","10","15","인천광역시 서구 건지로334번길 45","인천광역시교육청서구도서관","032-585-7100","6609","7757.11","https://lib.ice.go.kr/seogu/","37.49436027","126.6796281","2025-07-02","7310507","인천광역시교육청 인천광역시교육청서구도서관"
"초록필그림도서관","인천광역시","부평구","작은도서관","일+월+법정공휴일","10:00","14:00","10:00","14:00","00:00","00:00","42","1000","0","0","0","0","인천광역시 부평구 일신로14번길 5(일신동)","꿈넘어우리교회","","","141.12","","37.483670","126.7450353942","2025-10-31","3540000","인천광역시 부평구"
"부평마을작은도서관","인천광역시","부평구","작은도서관","일+법정공휴일","06:00","17:00","06:00","17:00","00:00","00:00","30","1476","0","0","0","0","인천광역시 부평구 부흥북로 35(부평동)","부평마을교회","032-522-2023","","59.06","","37.501560","126.7258697892","2025-10-31","3540000","인천광역시 부평구"
"홀리스디어린이도서관","인천광역시","부평구","작은도서관","일+월+법정공휴일","13:00","17:00","13:00","17:00","00:00","00:00","30","1585","0","0","0","0","인천광역시 부평구 장제로340번길 26-13(삼산동)","세계로선민교회","032-682-3774","","88.42","","37.515060","126.733600","2025-10-31","3540000","인천광역시 부평구"
"산곡글향기도서관","인천광역시","부평구","작은도서관","일+월+법정공휴일","10:00","18:00","10:00","10:00","00:00","00:00","16","8720","0","0","0","0","인천광역시 부평구 원적로 289(산곡동)","산곡교회","070-4119-4556","","49.92","","37.505040","126.698600","2025-10-31","3540000","인천광역시 부평구"
"부평현대1단지아파트작은도서관","인천광역시","부평구","작은도서관","일+법정공휴일","09:00","18:00","09:00","18:00","00:00","00:00","60","1291","0","0","0","0","인천광역시 부평구 경원대로 1269(산곡동)","부평현대1단지아파트","032-267-1473","","117","","37.490572","126.7064071","2025-10-31","3540000","인천광역시 부평구"
"한신더휴어반파크 작은도서관","인천광역시","서구","작은도서관","토+일+법정공휴일","10:00","18:00","00:00","00:00","00:00","00:00","60","1003","0","0","0","0","인천광역시 서구 매밭로 130, 검단한신더휴어반파크","","032-569-7967","","","","37.58727269","126.7082031","2025-11-14","3561000","인천광역시 서해구"
"포레나루원시티 작은도서관","인천광역시","서구","작은도서관","토+일+법정공휴일","10:00","18:00","00:00","00:00","00:00","00:00","64","1009","0","0","0","0","인천광역시 서구 서곶로 120, 포레나루원시티 아파트","","032-569-6337","","","","37.52195565","126.6765082","2025-11-14","3561000","인천광역시 서해구"
"당하마루 작은도서관","인천광역시","서구","작은도서관","토+일+법정공휴일","10:00","18:00","00:00","00:00","00:00","00:00","30","1007","0","0","0","0","인천광역시 서구 독정로 111, 인천검단LH36단지 아파트","","032-568-9270","","","","","","2025-11-14","3561000","인천광역시 서해구"
"마음이음 작은도서관","인천광역시","서구","작은도서관","토+일+법정공휴일","10:00","18:00","00:00","00:00","00:00","00:00","20","1018","0","0","0","0","인천광역시 서구 원창로 159, 3층","","032-000-0000","","","","37.51792192","126.6670859","2025-11-14","3561000","인천광역시 서해구"
"청라시티프라디움 작은도서관","인천광역시","서구","작은도서관","토+일+법정공휴일","10:00","18:00","00:00","00:00","00:00","00:00","10","1011","0","0","0","0","인천광역시 서구 청라한내로 131, 청라시티프라디움","","032-562-5683","","","","37.53684033","126.6267297","2025-11-14","3561000","인천광역시 서해구"
"검단신안인스빌어반퍼스트 작은도서관","인천광역시","서구","작은도서관","토+일+법정공휴일","10:00","18:00","00:00","00:00","00:00","00:00","32","1500","0","0","0","0","인천광역시 서구 이음1로 173, 검단신안인스빌어반퍼스트","","032-561-1992","","","","37.58189046","126.7125394","2025-11-14","3561000","인천광역시 서해구"
"디에트르 더힐 작은도서관","인천광역시","서구","작은도서관","법정공휴일","09:00","20:00","09:00","20:00","00:00","00:00","63","3000","0","0","0","0","인천광역시 서구 서로3로 255 (원당동, 검단신도시 디에트르 더 힐)","","032-568-9740","","","","37.6022774","126.708984","2025-11-14","3561000","인천광역시 서해구"
"검단LH13단지 아라작은도서관","인천광역시","서구","작은도서관","토+일+법정공휴일","10:00","17:00","00:00","00:00","00:00","00:00","18","1020","0","0","2","7","인천광역시 서구 서로3로 49 (당하동, 인천검단 엘에이치 13단지)","","032-567-9907","","","","37.58421986","126.7052687","2025-11-14","3561000","인천광역시 서해구"
"로이 작은도서관","인천광역시","서구","작은도서관","휴관","00:00","00:00","00:00","00:00","00:00","00:00","12","1027","0","0","0","0","인천광역시 서구 염곡로 344-1 (신현동)","","032-000-0000","","","","37.51542354","126.6689779","2025-11-14","3561000","인천광역시 서해구"
"루원더퍼스트 작은도서관","인천광역시","서구","작은도서관","일+법정공휴일","13:00","18:00","13:00","18:00","00:00","00:00","30","5000","0","0","0","0","인천광역시 서구 봉오재2로 13 (가정동, 루원더퍼스트)","","032-569-6013","","","","37.53346514","126.6651474","2025-11-14","3561000","인천광역시 서해구"
"SK리더스뷰 작은도서관","인천광역시","서구","작은도서관","금+일+법정공휴일","10:00","18:00","10:00","18:00","00:00","00:00","44","2500","0","0","0","0","인천광역시 서구 가정로 437 (가정동, 루원시티 SK Leaderss VIEW)","","032-713-9974","","","","37.52195565","126.6765082","2025-11-14","3561000","인천광역시 서해구"
"키다리아저씨","인천광역시","서구","작은도서관","법정공휴일","10:00","17:00","10:00","17:00","00:00","00:00","30","2200","0","0","2","7","인천광역시 서구 완정로 31 (마전동)","","032-562-9179","","","","37.59541612","126.6704982","2025-11-14","3561000","인천광역시 서해구"
"선한사랑 어린이도서관","인천광역시","서구","작은도서관","일+법정공휴일","10:00","17:00","10:00","17:00","00:00","00:00","33","1304","0","0","2","7","인천광역시 서구 승학로483번길 2 (검암동)","","032-566-0696","","","","37.56515844","126.6735443","2025-11-14","3561000","인천광역시 서해구"
"위즈덤 작은도서관","인천광역시","서구","작은도서관","휴관","00:00","00:00","00:00","00:00","00:00","00:00","30","2794","0","0","0","0","인천광역시 서구 청라한내로161번길 3-9 (청라동)","","032-000-0000","","","","37.5391649","126.6276727","2025-11-14","3561000","인천광역시 서해구"
"가정LH3단지 작은도서관","인천광역시","서구","작은도서관","일+법정공휴일","09:00","17:00","10:00","17:00","00:00","00:00","24","3000","0","0","2","7","인천광역시 서구 봉오재3로 14 (가정동, 가정엘에이치3단지)","","032-569-5661","","","","37.53233704","126.6645242","2025-11-14","3561000","인천광역시 서해구"
"빛과진리 작은도서관","인천광역시","서구","작은도서관","토+일+법정공휴일","10:00","18:00","00:00","00:00","00:00","00:00","20","4338","0","0","2","7","인천광역시 서구 염곡로220번길 7-1 (석남동)","","032-578-8291","","","","37.50434469","126.6691833","2025-11-14","3561000","인천광역시 서해구"
"루에블리 작은도서관","인천광역시","서구","작은도서관","토+일+법정공휴일","10:00","17:00","00:00","00:00","00:00","00:00","15","3313","0","0","0","0","인천광역시 서구 봉오재1로 49 (신현동, 루원시티루에블리)","","032-575-3900","","","","37.52394782","126.6670938","2025-11-14","3561000","인천광역시 서해구"
"빛난이슬 작은도서관","인천광역시","서구","작은도서관","일+법정공휴일","09:00","17:00","09:00","17:00","00:00","00:00","56","2100","0","0","2","7","인천광역시 서구 청라에메랄드로 84 (청라동)","","032-299-9100","","","","37.53260237","126.656837","2025-11-14","3561000","인천광역시 서해구"
"불로 작은도서관","인천광역시","서구","작은도서관","월+법정공휴일","09:30","17:00","09:30","15:00","00:00","00:00","24","5450","2","0","2","7","인천광역시 서구 검단로 765 (불로동)","","023-565-9500","","","","37.61386507","126.6850796","2025-11-14","3561000","인천광역시 서해구"
"꿈땅 작은도서관","인천광역시","서구","작은도서관","월+법정공휴일","10:00","17:00","10:00","15:00","00:00","00:00","24","4750","0","0","2","7","인천광역시 서구 검암로30번길 21 (검암동)","","032-563-0019","","","","37.56719611","126.6826249","2025-11-14","3561000","인천광역시 서해구"
"S.F 영어 작은도서관","인천광역시","서구","작은도서관","토+일+법정공휴일","10:00","18:00","00:00","00:00","00:00","00:00","20","2300","0","0","2","7","인천광역시 서구 심곡로 17-1 (심곡동)","","032-563-0602","","","","37.54244373","126.6716546","2025-11-14","3561000","인천광역시 서해구"
"신현어린이도서관","인천광역시","서구","작은도서관","월~목+법정공휴일","18:00","20:00","13:00","18:00","00:00","00:00","30","1556","0","0","2","7","인천광역시 서구 새오개로111번안길 19 (신현동)","","032-000-0000","","","","37.52221027","126.6632878","2025-11-14","3561000","인천광역시 서해구"
"이든샘 작은도서관","인천광역시","서구","작은도서관","일+월+법정공휴일","10:00","18:00","10:00","18:00","00:00","00:00","36","2726","0","0","2","7","인천광역시 서구 봉화로69번길 3 (오류동)","","032-000-0000","","","","37.59946756","126.6374502","2025-11-14","3561000","인천광역시 서해구"
"루원시티센트럴타운 작은도서관","인천광역시","서구","작은도서관","토+일+법정공휴일","10:00","18:00","00:00","00:00","00:00","00:00","14","1048","0","0","0","0","인천광역시 서구 봉오재1로 36 (신현동, 루원시티센트럴타운)","","032-572-8561","","","","37.520482","126.6668257","2025-11-14","3561000","인천광역시 서해구"
"아라꿈 도서관","인천광역시","서구","작은도서관","법정공휴일","09:00","18:00","09:00","18:00","00:00","00:00","26","1350","0","0","0","0","인천광역시 서구 정서진로 651 (시천동)","","032-569-6671","","","","37.57093944","126.6730774","2025-11-14","3561000","인천광역시 서해구"
"동행 작은도서관","인천광역시","서구","작은도서관","일+월+법정공휴일","11:00","15:00","11:00","15:00","00:00","00:00","22","1138","0","0","0","0","인천광역시 서구 고래울로 6-1 (가좌동)","","032-258-1062","","","","37.48846687","126.6837645","2025-11-14","3561000","인천광역시 서해구"
"꿈을 굽는 작은도서관","인천광역시","서구","작은도서관","금+일+법정공휴일","14:00","18:00","14:00","18:00","00:00","00:00","16","6482","0","0","2","7","인천광역시 서구 원당대로 860 (당하동)","","032-000-0000","","","","37.59328217","126.6968709","2025-11-14","3561000","인천광역시 서해구"
"하늘샘 도서관","인천광역시","서구","작은도서관","휴관","00:00","00:00","00:00","00:00","00:00","00:00","20","3000","0","0","0","0","인천광역시 서구 완정로34번길 55 (마전동)","","032-562-5292","","","","37.59780318","126.674779","2025-11-14","3561000","인천광역시 서해구"
"글잎새 작은도서관","인천광역시","서구","작은도서관","휴관","00:00","00:00","00:00","00:00","00:00","00:00","15","1290","0","0","0","0","인천광역시 서구 승학로495번길 4-14 (검암동)","","032-000-0000","","","","37.56574195","126.6761717","2025-11-14","3561000","인천광역시 서해구"
"The Way 작은도서관","인천광역시","서구","작은도서관","일+월+법정공휴일","10:00","18:00","10:00","18:00","00:00","00:00","15","5521","0","0","2","7","인천광역시 서구 서곶로 341 (연희동)","","032-577-6350","","","","37.54822157","126.6766898","2025-11-14","3561000","인천광역시 서해구"
"북구도서관","인천광역시","부평구","공공도서관","매주 월요일","09:00","20:00","09:00","17:00","09:00","17:00","500","308092","88","59748","10","22","인천광역시 부평구 신트리로 21","인천광역시교육청북구도서관","032-363-5000","9362","8098","https://lib.ice.go.kr/bukgu","37.50658091","126.7236393","2024-08-09","7310237","인천광역시교육청 인천광역시북구도서관"
"불로문화체육센터 작은도서관","인천광역시","서구","작은도서관","일+법정공휴일","07:00","20:00","07:00","17:00","00:00","00:00","54","1220","0","0","0","0","인천광역시 서구 검단로768번1길 3 (불로동)","","032-561-5670","","","","37.61299724","126.6858828","2025-11-14","3561000","인천광역시 서해구"
"책향 북카페","인천광역시","서구","작은도서관","토+일+법정공휴일","10:00","17:00","00:00","00:00","00:00","00:00","14","1302","0","0","0","0","인천광역시 서구 가정로406번길 25 (가정동)","","032-718-3720","","","","37.52195565","126.6765082","2025-11-14","3561000","인천광역시 서해구"
"다독다독 북카페","인천광역시","서구","작은도서관","토+일+법정공휴일","10:00","17:00","00:00","00:00","00:00","00:00","35","1605","0","0","0","0","인천광역시 서구 봉화로 42 (왕길동)","","032-718-5440","","","","37.59701626","126.6376311","2025-11-14","3561000","인천광역시 서해구"
"청호초중학교 작은도서관","인천광역시","서구","작은도서관","토+일+법정공휴일","09:00","17:00","00:00","00:00","00:00","00:00","60","5661","0","0","2","14","인천광역시 서구 청라한울로 44 (청라동)","","032-456-9126","","","","37.53864489","126.6415165","2025-11-14","3561000","인천광역시 서해구"
"검단행복 북카페","인천광역시","서구","작은도서관","토+일+법정공휴일","09:00","18:00","00:00","00:00","00:00","00:00","40","1965","0","0","0","0","인천광역시 서구 검단로529번길 14 (마전동)","","032-560-3256","","","","37.60508641","126.6618003","2025-11-14","3561000","인천광역시 서해구"
"나비사랑 작은도서관","인천광역시","서구","작은도서관","월","10:00","18:00","10:00","18:00","09:00","18:00","32","1460","0","0","0","0","인천광역시 서구 담지로 58, 1층","","032-519-8293","","","","37.53493817","126.660403","2025-11-14","3561000","인천광역시 서해구"
"맑은내 작은도서관","인천광역시","서구","작은도서관","일+법정공휴일","10:30","18:00","10:30","18:30","00:00","00:00","25","3000","5","0","0","0","인천광역시 서구 여우재로 99, 지하1층","","032-000-0000","","","","37.48699602","126.6872148","2025-11-14","3561000","인천광역시 서해구"
"비전 작은도서관","인천광역시","서구","작은도서관","법정공휴일","09:00","17:00","09:00","15:00","09:00","15:00","20","1546","6","22","0","0","인천광역시 서구 건지로334번길 41, 3층","","032-000-0000","","","","37.49445846","126.6786235","2025-11-14","3561000","인천광역시 서해구"
"사랑방 작은도서관","인천광역시","서구","작은도서관","월","10:00","17:00","10:00","17:00","13:00","17:00","50","2300","3","0","0","0","인천광역시 서구 원당대로839번안길 20, 한우리교회","","032-569-0691","","","","37.59533187","126.6927384","2025-11-14","3561000","인천광역시 서해구"
"서로사랑하는도서관","인천광역시","서구","작은도서관","법정공휴일","10:00","19:00","10:00","17:00","10:00","13:00","20","3000","5","1100","0","0","인천광역시 서구 완정로10번길 8, 3층","","070-4246-5061","","","","37.59504508","126.673142","2025-11-14","3561000","인천광역시 서해구"
"웰카 작은도서관","인천광역시","서구","작은도서관","화+목+토+일+법정공휴일","14:00","17:00","00:00","00:00","00:00","00:00","24","8000","0","0","0","0","인천광역시 서구 청라에메랄드로 156","","032-561-1012","","","","37.53871528","126.6579901","2025-11-14","3561000","인천광역시 서해구"
"푸른꿈 작은도서관","인천광역시","서구","작은도서관","토+일+법정공휴일","19:00","21:00","00:00","00:00","00:00","00:00","30","4858","2","0","0","0","인천광역시 서구 청라라임로 131","","032-000-0000","","","","37.53870993","126.6526687","2025-11-14","3561000","인천광역시 서해구"
"베르힐도서관","인천광역시","서구","작은도서관","법정공휴일","09:00","22:00","09:00","22:00","00:00","00:00","28","1428","0","0","0","0","인천광역시 서구 봉오재1로 15","","032-584-7505","","","","37.52442845","126.6653226","2025-11-14","3561000","인천광역시 서해구"
"블루힐도서관","인천광역시","서구","작은도서관","법정공휴일","10:00","18:00","10:00","18:00","00:00","00:00","30","1043","0","0","0","0","인천광역시 서구 봉오재2로 37","","032-569-6791","","","","37.53463287","126.6664964","2025-11-14","3561000","인천광역시 서해구"
"5B2F(빠삐뚜엡) 작은도서관","인천광역시","서구","작은도서관","월+토+일+법정공휴일","12:30","17:00","00:00","00:00","00:00","00:00","34","3004","0","0","0","0","인천광역시 서구 청마로134번길 14","","032-564-0693","","","","37.5894066","126.6790581","2025-11-14","3561000","인천광역시 서해구"
"푸른길 작은도서관","인천광역시","서구","작은도서관","월+일+법정공휴일","11:00","17:00","13:00","17:00","00:00","00:00","119","2700","0","0","0","0","인천광역시 서구 검단로744번4길 17, 포근한교회","","032-562-0697","","","","37.61233136","126.6867536","2025-11-14","3561000","인천광역시 서해구"
"청초랑 북카페","인천광역시","서구","작은도서관","토+일+법정공휴일","10:00","18:00","00:00","00:00","00:00","00:00","50","3650","0","0","0","0","인천광역시 서구 청라라임로 58, (연희동) 지하1층","","032-560-3442","","","","37.53266259","126.6537321","2025-11-14","3561000","인천광역시 서해구"
"물푸레 작은도서관","인천광역시","서구","작은도서관","일+법정공휴일","10:00","18:00","11:00","14:00","00:00","00:00","18","19229","0","2","2","7","인천광역시 서구 원당대로840번길 21, 풍림아이원아파트 관리동 3층","","032-563-1739","","","","37.59234272","126.6949518","2025-11-14","3561000","인천광역시 서해구"
"드림하이 작은도서관","인천광역시","서구","작은도서관","월+법정공휴일","11:00","17:00","11:00","15:00","00:00","00:00","26","3385","0","80","2","7","인천광역시 서구 완정로64번길 64, 3층","","070-4217-1005","","","","37.596244","126.673545","2025-11-14","3561000","인천광역시 서해구"
"드림파크 어울림 1단지 문고","인천광역시","서구","작은도서관","월+수+목+토+일+법정공휴일","14:00","18:00","00:00","00:00","00:00","00:00","15","4000","0","2","2","7","인천광역시 서구 봉화로 18, 드림파크어울림1단지 내 작은도서관","","032-561-3807","","","","37.59565987","126.6392635","2025-11-14","3561000","인천광역시 서해구"
"느티나무 도서관","인천광역시","서구","작은도서관","법정공휴일","10:00","20:00","10:00","20:00","00:00","00:00","24","6900","0","2","2","7","인천광역시 서구 건지로348번길 18","","032-581-4048","","","","37.49602907","126.680365","2025-11-14","3561000","인천광역시 서해구"
"꿈사랑 작은도서관","인천광역시","서구","작은도서관","토+일+법정공휴일","14:00","18:00","00:00","00:00","00:00","00:00","40","9896","0","33","2","7","인천광역시 서구 검단로 446, 검단e편한세상아파트 내","","032-204-3305","","","","37.6006953","126.6576523","2025-11-14","3561000","인천광역시 서해구"
"꿈빛도서관","인천광역시","서구","작은도서관","일+법정공휴일","13:00","18:00","13:00","15:00","00:00","00:00","20","2000","0","10","2","7","인천광역시 서구 건지로 370, 302호","","032-574-0052","","","","37.49663164","126.6826083","2025-11-14","3561000","인천광역시 서해구"
"꿈마을 작은도서관","인천광역시","서구","작은도서관","일+법정공휴일","13:00","18:00","10:00","14:00","00:00","00:00","15","1620","0","30","2","7","인천광역시 서구 승학로 566, 3층","","032-561-1154","","","","37.566352","126.6825031","2025-11-14","3561000","인천광역시 서해구"
"꿈나무 작은도서관","인천광역시","서구","작은도서관","토+일+법정공휴일","09:00","18:00","00:00","00:00","00:00","00:00","25","11761","0","2","2","7","인천광역시 서구 가정로112번길 10","","032-560-3188","","","","37.494311","126.672569","2025-11-14","3561000","인천광역시 서해구"
"꿈꾸는 작은도서관","인천광역시","서구","작은도서관","화+수+금+토+일+법정공휴일","15:00","18:00","00:00","00:00","00:00","00:00","8","4876","0","2","2","7","인천광역시 서구 건지로 402, 가좌한신휴플러스 아파트 내","","032-578-7721","","","","37.49526648","126.6844068","2025-11-14","3561000","인천광역시 서해구"
"꿈꾸는 나무 도서관","인천광역시","서구","작은도서관","토+일+법정공휴일","14:30","17:00","00:00","00:00","00:00","00:00","30","5944","0","0","0","0","인천광역시 서구 청라에메랄드로 134","","032-569-7521","","","","37.53671329","126.6570027","2025-11-14","3561000","인천광역시 서해구"
"금곡하나아파트 문고","인천광역시","서구","작은도서관","일+법정공휴일","09:00","17:30","09:00","12:00","00:00","00:00","12","4745","0","2","2","7","인천광역시 서구 완정로216번길 5","","032-564-3588","","","","37.60378972","126.6527762","2025-11-14","3561000","인천광역시 서해구"
"으뜸골 작은도서관","인천광역시","서구","작은도서관","토+일+법정공휴일","10:30","18:00","00:00","00:00","00:00","00:00","50","12719","0","0","0","0","인천광역시 서구 고산로 24","","032-561-3460","","","","37.59508098","126.7017075","2025-11-14","3561000","인천광역시 서해구"
"당하동 책이있는쉼터","인천광역시","서구","작은도서관","토+일+법정공휴일","10:00","16:00","00:00","00:00","00:00","00:00","80","10128","0","0","0","0","인천광역시 서구 청마로167번길 19","","032-564-4617","","","","37.59210105","126.6746306","2025-11-14","3561000","인천광역시 서해구"
"거북골 작은도서관","인천광역시","서구","작은도서관","토+일+법정공휴일","09:00","17:00","00:00","00:00","00:00","00:00","6","13705","0","2","2","7","인천광역시 서구 거북로 116","","032-201-9811","","","","37.5025911","126.6746007","2025-11-14","3561000","인천광역시 서해구"
"가정동 작은도서관","인천광역시","서구","작은도서관","월+법정공휴일","11:00","17:00","11:00","17:00","00:00","00:00","24","5000","0","20","2","7","인천광역시 서구 가정로394번길 6, 사도들교회 1층","","032-543-8833","","","","37.51981713","126.6736892","2025-11-14","3561000","인천광역시 서해구"
"인천광역시교육청 인천광역시교육청부평도서관","인천광역시","부평구","공공도서관","매주 월요일+국가지정공휴일","06:00","20:00","06:00","17:00","00:00","00:00","574","192571","92","14449","10","15","인천광역시 부평구 경원대로1191","인천광역시교육청","032-510-7300","5663","3374","https://lib.ice.go.kr/bupyeong/index.do","37.48499649","126.7045861","2025-08-19","7310504","인천광역시교육청 인천광역시교육청부평도서관"
"인천광역시교육청연수도서관","인천광역시","연수구","공공도서관","수+법정공휴일","06:00","22:00","06:00","22:00","06:00","22:00","743","247697","81","30049","10","15","인천광역시 연수구 함박뫼로 152번길 96(연수동)","인천광역시교육청","032-899-7500","6354","5343","https://lib.ice.go.kr/yeonsu","37.41791595","126.6853266","2025-08-04","7310509","인천광역시교육청 인천광역시교육청연수도서관"
"인천광역시교육청 주안도서관","인천광역시","미추홀구","공공도서관","매주목요일","06:00","22:00","06:00","22:00","06:00","22:00","835","250447","88","17871","10","15","인천광역시 미추홀구 구월남로 27","인천광역시교육청 주안도서관","032-450-9100","6611","4996","https://lib.ice.go.kr/juan","37.45550009","126.6928788","2025-08-04","7310505","인천광역시교육청 인천광역시교육청주안도서관"
"인천광역시교육청 인천광역시교육청중앙도서관","인천광역시","남동구","공공도서관","매주 월요일+국가지정공휴일","09:00","20:00","09:00","17:00","00:00","00:00","360","303482","90","11475","10","15","인천광역시 남동구 정각로9","인천광역시교육청","032-421-1152","1281.34","1281.34","https://lib.ice.go.kr/jungang/index.do","37.455674","126.702493","2025-08-04","7310503","인천광역시교육청 인천광역시교육청중앙도서관"
"희망천작은도서관","인천광역시","부평구","작은도서관","토+일+법정공휴일","10:00","18:00","00:00","00:00","00:00","00:00","26","13667","0","0","5","14","인천광역시 부평구 경인로834번길 8(부평동)","인천광역시 부평구 부평2동행정복지센터","032-509-8623","","133.92","http://www.bppl.or.kr","37.482228","126.7145029","2025-10-31","3540000","인천광역시 부평구"
"샘터도서관","인천광역시","부평구","작은도서관","토+일+법정공휴일","10:00","18:00","00:00","00:00","00:00","00:00","9","7687","0","0","5","14","인천광역시 부평구 동암산로33번길 6-7(십정동)","인천광역시 부평구 십정2동행정복지센터","032-509-8620","","164.46","http://www.bppl.or.kr","37.473805","126.707884","2025-10-31","3540000","인천광역시 부평구"
"꿈나무작은도서관","인천광역시","부평구","작은도서관","토+일+법정공휴일","10:00","18:00","00:00","00:00","00:00","00:00","42","11034","0","0","5","14","인천광역시 부평구 부흥로173번길 68(산곡동)","인천광역시 부평구 산곡4동행정복지센터","032-509-8393","","164.52","http://www.bppl.or.kr","37.50174046","126.711437","2025-10-31","3540000","인천광역시 부평구"
"부개어린이도서관","인천광역시","부평구","공공도서관","일+월+법정공휴일","09:00","18:00","09:00","18:00","00:00","00:00","70","24895","10","0","5","14","인천광역시 부평구 동수로 166(부개동)","(재)인천광역시부평구문화재단","032-505-1131","319.4","365.36","https://www.bppl.or.kr","37.48552079","126.737024","2025-10-31","3540000","인천광역시 부평구"
"갈산도서관","인천광역시","부평구","공공도서관","일+월+법정공휴일","09:00","18:00","09:00","18:00","00:00","00:00","92","30708","20","0","5","14","인천광역시 부평구 주부토로 254(갈산동)","(재)인천광역시부평구문화재단","032-362-0261","1530","475.2","https://www.bppl.or.kr","37.517563","126.7271369","2025-10-31","3540000","인천광역시 부평구"
"청천도서관","인천광역시","부평구","공공도서관","일+월+법정공휴일","09:00","22:00","09:00","18:00","00:00","00:00","149","68573","27","1773","5","14","인천광역시 부평구 원길로 23(청천동)","(재)인천광역시부평구문화재단","032-330-9171","760","1083.02","https://www.bppl.or.kr","37.5058741","126.714391","2025-10-31","3540000","인천광역시 부평구"
"부평기적의도서관","인천광역시","부평구","공공도서관","일+월+법정공휴일","09:00","18:00","09:00","18:00","00:00","00:00","120","55857","17","1113","5","14","인천광역시 부평구 길주남로 166(부개동)","(재)인천광역시부평구문화재단","032-505-0612","1300.1","926.21","https://www.bppl.or.kr","37.50344695","126.7401943","2025-10-31","3540000","인천광역시 부평구"
"삼산도서관","인천광역시","부평구","공공도서관","일+월+법정공휴일","09:00","22:00","09:00","18:00","00:00","00:00","204","81156","54","2323","5","14","인천광역시 부평구 부평북로 445(삼산동)","(재)인천광역시부평구문화재단","032-330-7012","1048.4","1592.1","https://www.bppl.or.kr","37.522166","126.743035","2025-10-31","3540000","인천광역시 부평구"
"부개도서관","인천광역시","부평구","공공도서관","일+월+법정공휴일","09:00","22:00","09:00","18:00","00:00","00:00","227","77534","37","6217","5","14","인천광역시 부평구 부일로83번길 46(부개동)","(재)인천광역시부평구문화재단","032-505-0062","3130.4","1450.47","https://www.bppl.or.kr","37.491051","126.7395091","2025-10-31","3540000","인천광역시 부평구"
"청소년인문학도서관 두잉","인천광역시","부평구","작은도서관","월+일+법정공휴일","13:00","21:00","10:00","18:00","00:00","00:00","50","5420","8","164","5","14","인천광역시 부평구 마장로 35(십정동)","사단법인 청소년인권복지센터 내일","070-4202-3669","","122.66","","37.48207762","126.7088104","2025-10-31","3540000","인천광역시 부평구"
"꿈땅도서관","인천광역시","부평구","작은도서관","일+월+법정공휴일","09:30","17:30","09:30","15:00","00:00","00:00","70","12482","7","445","5","14","인천광역시 부평구 경인로 996(부평동)","동수감리교회","070-7878-6026","","152","","37.48684648","126.7303786","2025-10-31","3540000","인천광역시 부평구"
"옹달샘도서관","인천광역시","부평구","작은도서관","토+일+법정공휴일","14:00","18:00","00:00","00:00","00:00","00:00","45","10025","5","70","5","14","인천광역시 부평구 일신로 120(구산동)","구산동 부평자이아파트","032-277-2262","","63","","37.47772017","126.7496127","2025-10-31","3540000","인천광역시 부평구"
"동그라미도서관","인천광역시","부평구","작은도서관","토+일+법정공휴일","15:00","18:00","00:00","00:00","00:00","00:00","40","2000","0","0","5","14","인천광역시 부평구 이규보로 79(십정동)","십정동 주공뜨란채아파트","032-330-0532","","45","","37.47967346","126.7029085","2025-10-31","3540000","인천광역시 부평구"
"춤추는달팽이도서관","인천광역시","부평구","작은도서관","토+일+법정공휴일","09:00","18:00","00:00","00:00","00:00","00:00","50","7681","3","200","5","14","인천광역시 부평구 경인로 749(십정동)","춤추는달팽이도서관","032-526-5204","","117","","37.47695911","126.708486","2025-10-31","3540000","인천광역시 부평구"
"신나는여성주의도서관 랄라","인천광역시","부평구","작은도서관","토+일+월+법정공휴일","10:00","18:00","00:00","00:00","00:00","00:00","80","8273","5","0","5","14","인천광역시 부평구 후정동로 60(삼산동)","인천여성회 부평지부","032-521-3763","","137.28","","37.522677","126.7385122","2025-10-31","3540000","인천광역시 부평구"
"청개구리어린이도서관","인천광역시","부평구","작은도서관","토+일+월+법정공휴일","10:00","18:00","00:00","00:00","00:00","00:00","50","8979","7","0","5","14","인천광역시 부평구 화랑북로 15-3(산곡동)","청개구리어린이도서관","032-521-2040","","100","","37.49579548","126.7048289","2025-10-31","3540000","인천광역시 부평구"
"민들레작은도서관","인천광역시","부평구","작은도서관","토+일+법정공휴일","10:00","18:00","00:00","00:00","00:00","00:00","30","11041","0","0","5","14","인천광역시 부평구 길주남로 143(부개동)","부평구 부개주공1단지","070-4129-1739","","172.07","","37.50525856","126.738012","2025-10-31","3540000","인천광역시 부평구"
"동수작은도서관","인천광역시","부평구","작은도서관","토+일+법정공휴일","10:00","19:00","00:00","00:00","00:00","00:00","33","10340","0","92","5","14","인천광역시 부평구 동수북로166번길 20(부평동)","인천광역시 부평구 부평6동행정복지센터","032-509-8355","","109.62","http://www.bppl.or.kr","37.4880013","126.724491","2025-10-31","3540000","인천광역시 부평구"
"글마루도서관","인천광역시","부평구","작은도서관","토+일+법정공휴일","10:00","18:00","00:00","00:00","00:00","00:00","60","13041","5","23","5","14","인천광역시 부평구 부평문화로37번길 1(부평동)","인천광역시 부평구 부평1동행정복지센터","032-509-8628","","198","http://www.bppl.or.kr","37.494259","126.7200663","2025-10-31","3540000","인천광역시 부평구"
"갈산밀알도서관","인천광역시","부평구","작은도서관","토+일+법정공휴일","10:00","16:00","00:00","00:00","00:00","00:00","30","9459","0","0","5","14","인천광역시 부평구 주부토로 173(갈산동)","인천광역시 부평구 갈산2동행정복지센터","032-509-8434","","75.03","http://www.bppl.or.kr","37.51074117","126.7257141","2025-10-31","3540000","인천광역시 부평구"
"선일비전영어작은도서관","인천광역시","부평구","작은도서관","토+일+법정공휴일","13:00","18:00","00:00","00:00","00:00","00:00","16","3600","1","0","0","0","인천광역시 부평구 세월천로25번길 44(청천동)","선일교회","032-513-6546","","44.55","","37.510818","126.706111","2025-10-31","3540000","인천광역시 부평구"
"하하작은도서관","인천광역시","부평구","작은도서관","월+일+법정공휴일","10:00","18:00","10:00","17:00","00:00","00:00","30","4237","5","40","5","14","인천광역시 부평구 동수북로50번길 13-1(부평동)","부평시민교회","032-528-6581","","34.5","","37.486154","126.7129067","2025-10-31","3540000","인천광역시 부평구"
"마을도서관","인천광역시","부평구","작은도서관","토+일+법정공휴일","09:00","18:00","00:00","00:00","00:00","00:00","30","3000","1","0","5","14","인천광역시 부평구 영성동로18번길 19(삼산동)","부평구 삼산휴먼시아1단지","032-515-0063","","117.9","","37.51992711","126.748044","2025-10-31","3540000","인천광역시 부평구"
"해오름작은도서관","인천광역시","부평구","작은도서관","일+월+법정공휴일","09:00","18:00","09:00","18:00","00:00","00:00","12","5481","7","15","5","14","인천광역시 부평구 세월천로 21(청천동)","서현교회","032-207-5395","","38.01","","37.512637","126.707052","2025-10-31","3540000","인천광역시 부평구"
"늘푸른도서관","인천광역시","부평구","작은도서관","일+월+법정공휴일","13:00","18:00","13:00","18:00","00:00","00:00","30","2508","5","0","5","14","인천광역시 부평구 경원대로1418번길 13(부평동)","부평중부종합사회복지관","032-528-4020","","68.8","http://bjsocial.co.kr","37.490433","126.726575","2025-10-31","3540000","인천광역시 부평구"
"엘림작은도서관","인천광역시","부평구","작은도서관","일+월+수+목+금+법정공휴일","13:00","17:00","13:00","14:00","00:00","00:00","40","7417","1","65","5","14","인천광역시 부평구 항동로46번길 54(일신동)","대한예수교장로회 엘림교회","032-513-9191","","46.4","http://cafe.daum.net/elimlibrary","37.48154749","126.7411791","2025-10-31","3540000","인천광역시 부평구"
"호별 작은도서관","인천광역시","부평구","작은도서관","화+토+일+법정공휴일","12:00","18:00","00:00","00:00","00:00","00:00","6","1300","0","0","0","0","인천광역시 부평구 원적로 471번길 34(부평동)","호별 작은도서관","","","37.5","","37.50464773","126.7198167","2025-10-31","3540000","인천광역시 부평구"
"여울도서관","인천광역시","부평구","작은도서관","토+일+법정공휴일","09:00","18:00","00:00","00:00","00:00","00:00","10","1000","0","0","0","0","인천광역시 부평구 체육관로 111(삼산동)","삼산타운 주공아파트 4단지","032-513-1445","","43.84","","37.51219785","126.7429963","2025-10-31","3540000","인천광역시 부평구"
"포도나무 작은도서관","인천광역시","부평구","작은도서관","일+법정공휴일","10:00","18:00","13:00","16:00","00:00","00:00","10","2793","0","0","0","0","인천광역시 부평구 마장로179번길 14(산곡동)","포도나무 작은도서관","032-266-3237","","34.69","","37.493988","126.7027288","2025-10-31","3540000","인천광역시 부평구"
"조이도서관","인천광역시","부평구","작은도서관","일+법정공휴일","09:00","18:00","09:00","18:00","00:00","00:00","20","2508","3","0","0","0","인천광역시 부평구 세월천로 34(청천동)","소망의 교회","032-528-2281","","33","","37.51326245","126.705691","2025-10-31","3540000","인천광역시 부평구"
"하우스디 작은도서관","인천광역시","부평구","작은도서관","토+일+법정공휴일","13:00","18:00","00:00","00:00","00:00","00:00","18","2802","0","0","0","0","인천광역시 부평구 안남로 315(청천동)","부평구 하우스디아파트","032-518-7851","","79.2","","37.51163779","126.7088263","2025-10-31","3540000","인천광역시 부평구"
"함께하는 사랑밭 그림책도서관 1호점","인천광역시","부평구","작은도서관","월+일+법정공휴일","10:00","19:00","10:00","17:30","00:00","00:00","10","4116","1","112","0","0","인천광역시 부평구 동수로 17(부평동)","(사법)함께하는 사랑밭","032-518-6575","","195","http://withgo2.egentouch.com","37.48507961","126.720672","2025-10-31","3540000","인천광역시 부평구"
"노동자의 작은도서관 사람","인천광역시","부평구","작은도서관","일+법정공휴일","10:00","22:00","10:00","18:00","00:00","00:00","17","5293","6","0","5","14","인천광역시 부평구 경인로 671(십정동)","천주교인천교구노동사목","070-4324-0545","","133.13","","37.469743","126.707685","2025-10-31","3540000","인천광역시 부평구"
"사랑채작은도서관","인천광역시","부평구","작은도서관","토+일+법정공휴일","16:00","20:00","00:00","00:00","00:00","00:00","20","6300","4","0","0","0","인천광역시 부평구 부흥북로36번길 8(부평동)","온천하선교교회","032-221-8291","","52","","37.5010106","126.7258266","2025-10-31","3540000","인천광역시 부평구"
"가정골 북카페","인천광역시","서구","작은도서관","토+일+법정공휴일","09:00","18:00","00:00","00:00","00:00","00:00","30","5504","0","2","2","7","인천광역시 서구 서달로179번길 12-16","","032-571-8920","","","","37.515517","126.677826","2025-11-14","3561000","인천광역시 서해구"
"가재울 작은도서관","인천광역시","서구","작은도서관","토+일+법정공휴일","09:00","18:00","00:00","00:00","00:00","00:00","40","11271","0","0","2","7","인천광역시 서구 장고개로280번길 14","","032-718-5229","","","","37.48748624","126.683403","2025-11-14","3561000","인천광역시 서해구"
"힐데스 작은도서관","인천광역시","서구","작은도서관","일+법정공휴일","13:00","19:00","13:00","19:00","00:00","00:00","31","1367","0","0","0","0","인천광역시 서구 청라라임로 17, 청라힐데스하임 아파트 관리동 1층","","032-564-4401","","","","37.52770121","126.6505059","2025-11-14","3561000","인천광역시 서해구"
"회화나무 도서관","인천광역시","서구","작은도서관","토+일+법정공휴일","09:00","18:00","00:00","00:00","00:00","00:00","16","12932","0","2","2","7","인천광역시 서구 가정로335번길 3","","032-719-3831","","","","37.514608","126.6722843","2025-11-14","3561000","인천광역시 서해구"
"행복한나라 문고","인천광역시","서구","작은도서관","일+법정공휴일","10:00","18:00","10:00","18:00","00:00","00:00","15","3200","0","2","2","7","인천광역시 서구 완정로178번길 49","","032-266-8845","","","","37.60605688","126.659704","2025-11-14","3561000","인천광역시 서해구"
"한아름작은도서관","인천광역시","부평구","작은도서관","일+월+법정공휴일","14:00","18:00","14:00","18:00","00:00","00:00","16","1099","0","0","0","0","인천광역시 부평구 주부토로146번길 35-8(갈산동)","한아름작은도서관","070-8638-9531","","43.2","","37.50838429","126.728054","2025-10-31","3540000","인천광역시 부평구"
"열방작은도서관","인천광역시","부평구","작은도서관","일+법정공휴일","13:00","18:00","13:00","18:00","00:00","00:00","10","9078","0","0","0","0","인천광역시 부평구 수변로 68-1(부개동)","열방교회","","","37.62","","37.49258443","126.7409216","2025-10-31","3540000","인천광역시 부평구"
"꿈꾸는작은도서관","인천광역시","부평구","작은도서관","일+법정공휴일","14:00","20:00","09:00","17:00","00:00","00:00","24","1005","0","0","0","0","인천광역시 부평구 하정로19번길 5(십정동)","십정중부감리교회","032-428-1769","","54.72","","37.474552","126.702253","2025-10-31","3540000","인천광역시 부평구"
"꿈쟁이어린이도서관","인천광역시","부평구","작은도서관","일+월+법정공휴일","09:00","17:00","09:00","15:00","00:00","00:00","26","6500","0","0","0","0","인천광역시 부평구 부흥로 213 주안교회(산곡동)","주안교회","032-590-9809","","192.87","","37.499561","126.715083","2025-10-31","3540000","인천광역시 부평구"
"로뎀나무도서관","인천광역시","부평구","작은도서관","토+일+법정공휴일","10:00","18:00","00:00","00:00","00:00","00:00","20","9639","0","0","0","0","인천광역시 부평구 영성동로 35, 부성교회(삼산동)","부성교회","032-529-5112","","141.2","","37.52006146","126.746528","2025-10-31","3540000","인천광역시 부평구"
"지혜로작은도서관","인천광역시","부평구","작은도서관","토+일+법정공휴일","09:00","18:00","00:00","00:00","00:00","00:00","15","2639","0","0","0","0","인천광역시 부평구 마장로324번길8-17(산곡동)","지혜로작은도서관","","","152.51","","37.506052","126.7039764","2025-10-31","3540000","인천광역시 부평구"
"상동무지개작은도서관","인천광역시","부평구","작은도서관","토+일+법정공휴일","10:00","18:00","00:00","00:00","00:00","00:00","30","1250","0","0","0","0","인천광역시 부평구 송내대로373번길28(삼산동)","기쁜소식부천교회","","","62.4","","37.516550278","126.7588701907","2025-10-31","3540000","인천광역시 부평구"
"하브루타도서관","인천광역시","부평구","작은도서관","일+월+법정공휴일","09:00","16:30","13:00","16:00","00:00","00:00","20","2653","0","0","0","0","인천광역시 부평구 경인로931번길18(부평동)","부평남부교회","","","140","","37.48839372","126.7231464","2025-10-31","3540000","인천광역시 부평구"
"한국민들레도서관","인천광역시","서구","작은도서관","일+법정공휴일","09:00","18:00","10:00","17:00","00:00","00:00","60","25000","0","950","2","7","인천광역시 서구 승학로 247, 3층","","032-567-9394","","","","37.54470422","126.6723203","2025-11-14","3561000","인천광역시 서해구"
"푸른숲 작은도서관","인천광역시","서구","작은도서관","토+일+법정공휴일","10:00","19:00","00:00","00:00","00:00","00:00","20","10090","0","4","2","7","인천광역시 서구 서달로49번길 10","","070-8876-5566","","","","37.503068","126.677356","2025-11-14","3561000","인천광역시 서해구"
"푸른샘 어린이도서관","인천광역시","서구","작은도서관","토+일+법정공휴일","11:00","17:00","00:00","00:00","00:00","00:00","16","11029","0","2","2","7","인천광역시 서구 장고개로309번길 4","","032-573-1662","","","","37.49083842","126.6848481","2025-11-14","3561000","인천광역시 서해구"
"푸른 도서관","인천광역시","서구","작은도서관","법정공휴일","09:00","18:00","09:00","18:00","00:00","00:00","100","2800","0","2","2","7","인천광역시 서구 크리스탈로102번길 25, 청라푸르지오 아파트 내","","032-565-5373","","","","37.53508877","126.6371569","2025-11-14","3561000","인천광역시 서해구"
"마을서재 느루","인천광역시","서구","작은도서관","월+법정공휴일","14:00","22:00","14:00","22:00","00:00","00:00","40","6000","0","99","2","7","인천광역시 서구 장고개로 272","","032-576-0106","","","","37.48822247","126.6822368","2025-11-14","3561000","인천광역시 서해구"
"청라 책나누미 CAFE","인천광역시","서구","작은도서관","토+일+법정공휴일","10:00","18:00","00:00","00:00","00:00","00:00","30","11614","0","0","0","0","인천광역시 서구 청라커낼로 269","","032-566-4618","","","","37.53263807","126.6441486","2025-11-14","3561000","인천광역시 서해구"
"책노리 도서관","인천광역시","서구","작은도서관","일+법정공휴일","14:00","17:00","11:00","13:00","00:00","00:00","17","2500","3","0","0","0","인천광역시 서구 청라커낼로 232, 청라엘에이치 관리동","","032-564-6447","","","","37.52771617","126.6482613","2025-11-14","3561000","인천광역시 서해구"
"조은생각 BOOK CAFE","인천광역시","서구","작은도서관","토+일+법정공휴일","09:00","18:00","00:00","00:00","00:00","00:00","12","2800","0","0","0","0","인천광역시 서구 검단로 814","","032-566-4016","","","","37.617022","126.6889361","2025-11-14","3561000","인천광역시 서해구"
"정다운 도서관","인천광역시","서구","작은도서관","월+법정공휴일","09:00","18:00","09:00","18:00","00:00","00:00","20","5324","0","0","0","0","인천광역시 서구 서곶로314번길 16, 정다운도서관","","032-562-1202","","","","37.54666268","126.6800697","2025-11-14","3561000","인천광역시 서해구"
"자작나무도서관","인천광역시","서구","작은도서관","일+법정공휴일","09:00","18:00","09:00","18:00","00:00","00:00","20","8000","0","2","2","7","인천광역시 서구 청라루비로 106, 청라하우스토리 아파트 내","","032-569-7764","","","","37.53437221","126.6420888","2025-11-14","3561000","인천광역시 서해구"
"원당 작은 영어도서관","인천광역시","서구","작은도서관","일+법정공휴일","10:30","18:30","10:30","18:30","00:00","00:00","35","10000","0","300","2","7","인천광역시 서구 원당대로840번길 5","","032-566-7717","","","","37.59304899","126.6949082","2025-11-14","3561000","인천광역시 서해구"
"연희주민 문고","인천광역시","서구","작은도서관","토+일+법정공휴일","11:00","17:00","00:00","00:00","00:00","00:00","20","4500","0","0","0","0","인천광역시 서구 심곡로24번길 13","","032-562-2697","","","","37.54103678","126.6721551","2025-11-14","3561000","인천광역시 서해구"
"엑슬루타워 북카페","인천광역시","서구","작은도서관","월+법정공휴일","13:00","19:00","13:00","19:00","00:00","00:00","50","5816","0","2","2","7","인천광역시 서구 중봉대로586번길 22, 엑슬루타워 관리동","","032-569-9092","","","","37.53080502","126.6513493","2025-11-14","3561000","인천광역시 서해구"
"수정 작은도서관","인천광역시","서구","작은도서관","토+일+법정공휴일","09:00","17:00","00:00","00:00","00:00","00:00","12","6573","0","2","2","7","인천광역시 서구 불로로 64","","032-561-2671","","","","37.61396855","126.6790437","2025-11-14","3561000","인천광역시 서해구"
"서인천월드메르디앙 문고","인천광역시","서구","작은도서관","월+화+수+금+토+일+법정공휴일","16:00","19:00","00:00","00:00","00:00","00:00","12","3994","0","0","0","0","인천광역시 서구 신석로 71","","032-579-8023","","","","37.51162305","126.6687306","2025-11-14","3561000","인천광역시 서해구"
"새일꾼 작은도서관(휴관)","인천광역시","서구","작은도서관","휴관","10:00","19:00","00:00","00:00","00:00","00:00","6","1520","0","0","0","0","인천광역시 서구 승학로382번길 6","","032-564-0675","","","","37.55594433","126.6739956","2025-11-14","3561000","인천광역시 서해구"
"사랑의 작은도서관 북카페","인천광역시","서구","작은도서관","토+일+법정공휴일","10:00","16:00","00:00","00:00","00:00","00:00","6","11238","0","2","2","7","인천광역시 서구 승학로 480","","032-718-3519","","","","37.56441978","126.673601","2025-11-14","3561000","인천광역시 서해구"
"민들레작은도서관","인천광역시","서구","작은도서관","월+화+수+목+금+법정공휴일","00:00","00:00","14:00","18:00","00:00","00:00","30","3276","0","3","2","7","인천광역시 서구 원당대로608번안길 7-1, 새힘성결교회 옆 교육관 2층","","070-7560-9198","","","","37.59146981","126.667843","2025-11-14","3561000","인천광역시 서해구"
"단봉늘봄도서관","인천광역시","서구","공공도서관","월+국가지정공휴일","09:00","22:00","09:00","18:00","00:00","00:00","190","40815","35","0","5","14","인천광역시 서구 오동로 25","인천광역시서구시설관리공단","032-251-7410","","","","","","2025-11-14","3561000","인천광역시 서해구"
"신석도서관","인천광역시","서구","공공도서관","월+국가지정공휴일","09:00","22:00","09:00","18:00","00:00","00:00","147","69744","30","2725","5","14","인천광역시 서구 염곡로 299","인천광역시서구시설관리공단","032-571-9457","","","","37.511704","126.6681209","2025-11-14","3561000","인천광역시 서해구"
"심곡도서관","인천광역시","서구","공공도서관","월+국가지정공휴일","09:00","22:00","09:00","18:00","00:00","00:00","237","77649","37","3051","5","14","인천광역시 서구 심곡로 31","인천광역시서구시설관리공단","032-568-0133","","","","37.5424302","126.6732215","2025-11-14","3561000","인천광역시 서해구"
"검단도서관","인천광역시","서구","공공도서관","월+국가지정공휴일","09:00","22:00","09:00","18:00","00:00","00:00","265","59282","43","0","5","14","인천광역시 서구 완정로92번길 18","인천광역시서구시설관리공단","032-561-4117","","","","37.600564","126.6653487","2025-11-14","3561000","인천광역시 서해구"
"석남도서관","인천광역시","서구","공공도서관","월+국가지정공휴일","09:00","22:00","09:00","18:00","00:00","00:00","198","61945","40","4177","5","14","인천광역시 서구 서달로137번길 6-12","인천광역시서구시설관리공단","032-575-2600","","","","37.511809","126.678265","2025-11-14","3561000","인천광역시 서해구"
"검암도서관","인천광역시","서구","공공도서관","월+국가지정공휴일","09:00","22:00","09:00","18:00","00:00","00:00","350","59928","34","1455","5","14","인천광역시 서구 검암로20번길 20","인천광역시서구시설관리공단","032-565-1610","","","","37.56602786","126.6830625","2025-11-14","3561000","인천광역시 서해구"
