연도,시도,행정구,교육지원청,학교급,고등학교유형,학교세부유형,학교명,KEDI학교코드,본분교,설립,상태,지역규모,학교개교일,우편번호,도로명주소,전화번호,팩스번호,홈페이지,학생수,도서관(실)수,좌석수,장서수_계,도서,비도서,사서교사_사서교사_계,사서교사자격증 보유 교사,직원(사서자격증보유여부)_직원수_계,보유,미보유,예산액(단위:원)_계,자료구입비,운영비,좌석당학생수,1인당장서수
2025,인천,중구,남부,초등학교,,초등학교,인천공항초등학교,231021112,본교,공립,기존(원)교,특별/광역시,20020301,22370 ,인천광역시 중구 신도시남로 43 (운서동. 공항초등학교),032-752-2072,032-752-2078,http://gonghang-e.icees.kr,415,1,60,24362,24104,258,0,0,1,1,0,14700000,11700000,3000000,6.9,58.7
2025,인천,중구,남부,초등학교,,초등학교,인천영종초등학교금산분교장,231021171,분교장,공립,기존(원)교,특별/광역시,19560413,22356 ,인천광역시 중구 백운로414번길 63-50 (운북동. 금산초등학교),032-627-9961,032-746-0998,http://yj.icees.kr/,47,0,0,5240,5240,0,0,0,0,0,0,2000000,2000000,0,0,111.5
2025,인천,중구,남부,초등학교,,초등학교,인천별빛초등학교,231021295,본교,공립,기존(원)교,특별/광역시,20200901,22389 ,인천광역시 중구 은하수로 402 . 인천별빛초등학교 (운남동),032-455-8700,032-752-8458,http://starlight.icees.kr,1359,1,80,10721,10721,0,1,1,0,0,0,33900000,20000000,13900000,17,7.9
2025,인천,중구,남부,초등학교,,초등학교,인천송월초등학교,231021348,본교,공립,기존(원)교,특별/광역시,19550502,22309 ,인천광역시 중구 자유공원로 106-8 (전동. 인천송월초등학교),032-764-1901,032-764-3818,http://songwol.icees.kr/main.do,137,1,22,15944,15864,80,0,0,0,0,0,11250000,6500000,4750000,6.2,116.4
2025,인천,중구,남부,초등학교,,초등학교,인천신선초등학교,231021378,본교,공립,기존(원)교,특별/광역시,20020301,22334 ,인천광역시 중구 축항대로291번길 33 (신흥동3가. 신선초등학교),032-650-0800,032-650-0812,http://sinsun.icees.kr,286,1,58,19199,19199,0,0,0,0,0,0,12220000,10000000,2220000,4.9,67.1
2025,인천,중구,남부,초등학교,,초등학교,인천신흥초등학교,231021380,본교,공립,기존(원)교,특별/광역시,19460315,22321 ,인천광역시 중구 제물량로 134 (답동. 인천신흥초등학교),032-629-0440,032-764-0403,http://icsh.icees.kr,312,1,50,19013,18401,612,0,0,1,1,0,11400000,9600000,1800000,6.2,60.9
2025,인천,중구,남부,초등학교,,초등학교,인천연안초등학교,231021404,본교,공립,기존(원)교,특별/광역시,19870901,22348 ,인천광역시 중구 연안부두로33번길 53 . 인천연안초등학교 (항동7가),032-629-1446,032-887-7500,http://yonan.icees.kr,104,1,33,15702,15616,86,0,0,0,0,0,7950000,7500000,450000,3.2,151
2025,인천,중구,남부,초등학교,,초등학교,인천영종초등학교,231021412,본교,공립,기존(원)교,특별/광역시,19200922,22406 ,인천광역시 중구 하늘달빛로 133 . 인천영종초등학교 (중산동),032-627-9961,032-746-0998,http://yj.icees.kr/,1251,1,60,26423,26418,5,0,0,0,0,0,35570000,23500000,12070000,20.9,21.1
2025,인천,중구,남부,초등학교,,초등학교,인천용유초등학교,231021420,본교,공립,기존(원)교,특별/광역시,19351212,22384 ,인천광역시 중구 남북로87번길 4 (남북동. 용유초등학교),032-746-7595,032-746-7597,http://yongyu.icees.kr/main.do,33,1,10,11845,11769,76,0,0,1,1,0,5736000,4736000,1000000,3.3,358.9
2025,인천,중구,남부,초등학교,,초등학교,인천운서초등학교,231021460,본교,공립,기존(원)교,특별/광역시,19530516,22374 ,인천광역시 중구 운서2로 57 (운서동.인천운서초등학교),032-746-5095,032-746-2161,http://unseo.icees.kr,789,1,89,15770,15728,42,1,1,0,0,0,23100000,15000000,8100000,8.9,20
2025,인천,중구,남부,초등학교,,초등학교,인천신광초등학교,231021492,본교,공립,기존(원)교,특별/광역시,19580401,22330 ,인천광역시 중구 인중로 63 (신흥동3가. 신광초등학교),032-882-0474,032-881-8341,http://skes.icees.kr,699,1,44,22239,22187,52,0,0,0,0,0,17800000,14700000,3100000,15.9,31.8
2025,인천,중구,남부,초등학교,,초등학교,인천하늘초등학교,231021543,본교,공립,기존(원)교,특별/광역시,20130901,22390 ,인천광역시 중구 은하수로 294 (중산동. 영종하늘초등학교),032-745-6700,032-745-6710,http://sky.icees.kr/,1305,1,56,22592,22533,59,0,0,0,0,0,30200000,23000000,7200000,23.3,17.3
2025,인천,중구,남부,초등학교,,초등학교,인천삼목초등학교,231021557,본교,공립,기존(원)교,특별/광역시,20040301,22365 ,인천광역시 중구 신도시북로 42. 삼목초등학교 (운서동. 인천삼목초등학교),032-746-2812,032-746-2814,http://sm.icees.kr,481,1,47,25998,25841,157,0,0,0,0,0,12760000,10800000,1960000,10.2,54
2025,인천,중구,남부,초등학교,,초등학교,인천운남초등학교,231021588,본교,공립,기존(원)교,특별/광역시,20100301,22372 ,인천광역시 중구 운남서로 38 (운남동. 운남초등학교),032-746-2190,032-746-2199,http://woonnam.icees.kr/,458,1,60,19221,18993,228,0,0,1,0,1,15500000,11300000,4200000,7.6,42
2025,인천,중구,남부,초등학교,,초등학교,인성초등학교,231021866,본교,사립,기존(원)교,특별/광역시,19621231,22315 ,인천광역시 중구 신포로39번길 42 (송학동2가),032-772-2239,032-764-1986,http://insunges.icees.kr,499,1,24,12979,12653,326,0,0,1,0,1,11300000,10500000,800000,20.8,26
2025,인천,중구,남부,초등학교,,초등학교,인천중산초등학교,231021867,본교,공립,기존(원)교,특별/광역시,20190301,22391 ,인천광역시 중구 두미포로 100 . 인천중산초등학교 (중산동),032-509-3600,032-509-3602,http://ijse.icees.kr,1582,1,65,20324,20320,4,1,1,0,0,0,30290000,20000000,10290000,24.3,12.8
2025,인천,동구,남부,초등학교,,초등학교,인천송림초등학교,231021231,본교,공립,기존(원)교,특별/광역시,19330405,22552 ,인천광역시 동구 화도진로 10 (송림동. 송림초등학교),032-764-2342,032-764-2344,http://songrim.icees.kr,434,1,40,18610,18542,68,0,0,0,0,0,12160000,9160000,3000000,10.9,42.9
2025,인천,동구,남부,초등학교,,초등학교,인천만석초등학교,231021232,본교,공립,기존(원)교,특별/광역시,19590401,22511 ,인천광역시 동구 제물량로 412 (화수동. 만석초등학교),032-772-4784,032-772-4783,http://www.manseok.icees.kr,263,1,48,20843,20451,392,0,0,1,1,0,11500000,10000000,1500000,5.5,79.3
2025,인천,동구,남부,초등학교,,초등학교,인천서림초등학교,231021296,본교,공립,기존(원)교,특별/광역시,19390415,22558 ,인천광역시 동구 금곡로 105 (송림동.서림초등학교),032-766-3392,032-629-1771,http://seorim.icees.kr,488,1,56,18993,18605,388,0,0,1,1,0,18150000,10600000,7550000,8.7,38.9
2025,인천,동구,남부,초등학교,,초등학교,인천서흥초등학교,231021304,본교,공립,기존(원)교,특별/광역시,19650302,22540 ,인천광역시 동구 샛골로 189 (송림동),032-764-4404,032-764-4406,http://seoheung.icees.kr,329,1,30,15187,15079,108,0,0,1,0,1,14400000,10000000,4400000,11,46.2
2025,인천,동구,남부,초등학교,,초등학교,인천송현초등학교,231021352,본교,공립,기존(원)교,특별/광역시,19370419,22521 ,인천광역시 동구 송화로 45 (송현동. 송현초등학교),032-764-4482,032-764-4456,http://ish.icees.kr,347,1,30,21395,21217,178,1,1,0,0,0,14820000,12300000,2520000,11.6,61.7
2025,인천,동구,남부,초등학교,,초등학교,영화초등학교,231021464,본교,사립,기존(원)교,특별/광역시,18920901,22564 ,인천광역시 동구 우각로 39 . 영화초등학교 (창영동. 영화관광경영고등학교. 영화초등학교),032-764-5131,032-763-4600,http://younghwa.icees.kr,373,1,38,892,892,0,0,0,1,1,0,10000000,8280000,1720000,9.8,2.4
2025,인천,동구,남부,초등학교,,초등학교,인천창영초등학교,231021533,본교,공립,기존(원)교,특별/광역시,19860122,22564 ,인천광역시 동구 우각로15번길 16 (창영동.창영초등학교),032-765-4332,032-764-2348,http://changyeong.icees.kr/,244,1,40,17736,17615,121,1,1,0,0,0,8508000,6708000,1800000,6.1,72.7
2025,인천,동구,남부,초등학교,,초등학교,인천동명초등학교,231021667,본교,사립,기존(원)교,특별/광역시,19460301,22555 ,인천광역시 동구 송림로70번길 10 (송림동. 동명초등학교),032-773-7549,032-766-7549,http://dongmyeong.icees.kr,438,1,30,16888,16796,92,0,0,0,0,0,22200000,21700000,500000,14.6,38.6
2025,인천,연수구,동부,초등학교,,초등학교,인천새봄초등학교,233021041,본교,공립,기존(원)교,특별/광역시,20200901,21980 ,인천광역시 연수구 앵고개로104번길 34 (동춘동. 인천새봄초등학교),032-455-8800,032-851-8008,http://saebom.icees.kr,492,1,74,8910,8887,23,0,0,1,1,0,17110000,12000000,5110000,6.6,18.1
2025,인천,연수구,동부,초등학교,,초등학교,인천첨단초등학교,233021110,본교,공립,기존(원)교,특별/광역시,20170301,21986 ,인천광역시 연수구 송도교육로 20 . 인천첨단초등학교 (송도동),032-340-8000,032-340-8083,http://cheomdan.icees.kr,1582,1,75,20147,20147,0,0,0,0,0,0,33000000,30800000,2200000,21.1,12.7
2025,인천,연수구,동부,초등학교,,초등학교,인천예송초등학교,233021111,본교,공립,기존(원)교,특별/광역시,20180301,22009 ,인천광역시 연수구 컨벤시아대로252번길 75 (송도동. 인천예송초등학교),032-458-9182,032-858-7882,http://yesong.icees.kr/main.do,1185,1,33,17883,17883,0,0,0,0,0,0,25400000,18000000,7400000,35.9,15.1
2025,인천,연수구,동부,초등학교,,초등학교,인천송일초등학교,233021134,본교,공립,기존(원)교,특별/광역시,20150901,22009 ,인천광역시 연수구 컨벤시아대로252번길 15 . 인천송일초등학교 (송도동),032-550-7700,032-550-7719,http://songil.icees.kr/main.do,980,1,86,20276,20225,51,0,0,1,1,0,36543000,18523000,18020000,11.4,20.7
2025,인천,연수구,동부,초등학교,,초등학교,인천연송초등학교,233021135,본교,공립,기존(원)교,특별/광역시,20160301,22002 ,인천광역시 연수구 해돋이로 248 (송도동.인천연송초등학교),032-460-7700,032-460-7719,http://yeonsong.icees.kr,1116,2,45,18300,18114,186,0,0,1,1,0,36133000,24886000,11247000,24.8,16.4
2025,인천,연수구,동부,초등학교,,초등학교,인천송빛초등학교,233021154,본교,공립,신설(원)교,특별/광역시,20240901,22025 ,인천광역시 연수구 아카데미로343번길 27 (송도동. 인천송빛초등학교),032-745-4862,032-858-6782,http://songbit.icees.kr,762,1,223,3432,3432,0,0,0,0,0,0,50080000,45000000,5080000,3.4,4.5
2025,인천,연수구,동부,초등학교,,초등학교,인천현송초등학교,233021186,본교,공립,기존(원)교,특별/광역시,20210301,22026 ,인천광역시 연수구 아카데미로312번길 96 (송도동. 인천현송초등학교),032-452-8120,032-858-8955,http://hyunsong.icees.kr,801,1,100,10923,10923,0,0,0,0,0,0,23100000,17000000,6100000,8,13.6
2025,인천,연수구,동부,초등학교,,초등학교,인천능허대초등학교,233021198,본교,공립,기존(원)교,특별/광역시,19970901,21952 ,인천광역시 연수구 한진로 12 (옥련동. 인천능허대초등학교),032-837-7200,032-833-9137,http://nhd.icees.kr,701,1,60,25459,25335,124,0,0,0,0,0,18552000,13852000,4700000,11.7,36.3
2025,인천,연수구,동부,초등학교,,초등학교,인천동막초등학교,233021235,본교,공립,기존(원)교,특별/광역시,19940301,21976 ,인천광역시 연수구 원인재로 36 (동춘동.동막초등학교),032-814-2149,032-822-2149,http://dongmak.icees.kr,384,1,36,21036,20696,340,0,0,1,1,0,10700000,8340000,2360000,10.7,54.8
2025,인천,연수구,동부,초등학교,,초등학교,인천명선초등학교,233021246,본교,공립,기존(원)교,특별/광역시,20120301,22001 ,인천광역시 연수구 컨벤시아대로42번길 64 (송도동. 인천명선초등학교),032-851-7301,032-851-7311,http://ims.icees.kr/main.do,965,1,34,25452,25281,171,0,0,1,1,0,31142000,16172000,14970000,28.4,26.4
2025,인천,연수구,동부,초등학교,,초등학교,인천송원초등학교,233021247,본교,공립,기존(원)교,특별/광역시,20130301,21983 ,인천광역시 연수구 송도과학로51번길 60 . 인천송원초등학교 (송도동),032-830-7300,032-830-7329,http://songwon.icees.kr,753,1,36,24955,24757,198,1,0,0,0,0,25440000,17000000,8440000,20.9,33.1
2025,인천,연수구,동부,초등학교,,초등학교,인천동춘초등학교,233021265,본교,공립,기존(원)교,특별/광역시,19710301,21969 ,인천광역시 연수구 앵고개로 224 (동춘동. 동춘초등학교),032-812-5561,032-817-8996,http://idc.icees.kr/main.do,660,1,45,27275,26966,309,0,0,1,1,0,16830000,12370000,4460000,14.7,41.3
2025,인천,연수구,동부,초등학교,,초등학교,인천신정초등학교,233021302,본교,공립,기존(원)교,특별/광역시,20100901,22002 ,인천광역시 연수구 아트센터대로97번길 72 (송도동.신정초등학교),032-851-9050,032-851-9060,http://www.shinjeong.icees.kr/,1519,1,100,31414,31265,149,0,0,0,0,0,27000000,20200000,6800000,15.2,20.7
2025,인천,연수구,동부,초등학교,,초등학교,인천문남초등학교,233021325,본교,공립,기존(원)교,특별/광역시,19940301,21923 ,인천광역시 연수구 먼우금로 273 . 인천문남초등학교 (연수동),032-815-2078,032-816-0683,http://munnam.icees.kr/,503,1,50,22778,22416,362,0,0,0,0,0,15150000,11900000,3250000,10.1,45.3
2025,인천,연수구,동부,초등학교,,초등학교,인천서면초등학교,233021355,본교,공립,기존(원)교,특별/광역시,19960901,21973 ,인천광역시 연수구 먼우금로 54 (동춘동. 인천서면초등학교),032-819-0291,032-819-0295,http://sm2000.icees.kr,400,1,60,19651,19430,221,0,0,1,1,0,13418000,11468000,1950000,6.7,49.1
2025,인천,연수구,동부,초등학교,,초등학교,인천선학초등학교,233021400,본교,공립,기존(원)교,특별/광역시,19930301,21910 ,인천광역시 연수구 선학로 67 (선학동),032-814-2571,032-629-5070,http://seonhak.icees.kr,567,1,65,20388,19985,403,0,0,1,1,0,20000000,14900000,5100000,8.7,36
2025,인천,연수구,동부,초등학교,,초등학교,인천송도초등학교,233021415,본교,공립,기존(원)교,특별/광역시,19520524,21939 ,인천광역시 연수구 비류대로214번길 21 (옥련동.송도초등학교),032-832-0468,032-831-2723,http://songdo.icees.kr,285,1,37,21101,20843,258,0,0,0,0,0,14326000,10326000,4000000,7.7,74
2025,인천,연수구,동부,초등학교,,초등학교,인천연성초등학교,233021430,본교,공립,기존(원)교,특별/광역시,19940301,21974 ,인천광역시 연수구 원인재로 116 . 인천연성초등학교 (동춘동),032-629-5080,032-817-0095,http://i-ys.icees.kr,732,1,34,28056,27902,154,0,0,0,0,0,16410000,14000000,2410000,21.5,38.3
2025,인천,연수구,동부,초등학교,,초등학교,인천연수초등학교,233021445,본교,공립,기존(원)교,특별/광역시,19920301,21937 ,인천광역시 연수구 원인재로 324 (연수동.연수초등학교),032-816-7111,032-816-7114,http://yeonsu.icees.kr/,271,1,40,21315,21315,0,1,1,0,0,0,13765000,8565000,5200000,6.8,78.7
2025,인천,연수구,동부,초등학교,,초등학교,인천연화초등학교,233021460,본교,공립,기존(원)교,특별/광역시,19950301,21931 ,인천광역시 연수구 원인재로 150 (연수동),032-629-5270,032-812-9895,http://www.yonhwa.icees.kr,608,1,33,20213,20055,158,0,0,0,0,0,18300000,12000000,6300000,18.4,33.2
2025,인천,연수구,동부,초등학교,,초등학교,인천옥련초등학교,233021475,본교,공립,기존(원)교,특별/광역시,19960901,21950 ,인천광역시 연수구 한진로 30 (옥련동. 옥련초등학교),032-833-6091,032-834-1823,http://okr.icees.kr,747,1,48,31110,31012,98,0,0,0,0,0,21350000,16000000,5350000,15.6,41.6
2025,인천,연수구,동부,초등학교,,초등학교,인천먼우금초등학교,233021536,본교,공립,기존(원)교,특별/광역시,20050301,21996 ,인천광역시 연수구 해돋이로84번길 33 . 인천먼우금초등학교 (송도동. 인천먼우금초등학교),032-629-6310,032-851-0534,http://mwg.icees.kr,760,1,46,34372,34096,276,0,0,1,1,0,23288000,14638000,8650000,16.5,45.2
2025,인천,연수구,동부,초등학교,,초등학교,인천중앙초등학교,233021550,본교,공립,기존(원)교,특별/광역시,19711012,21933 ,인천광역시 연수구 새말로 153 (연수동. 중앙초등학교),032-817-8278,032-817-0097,http://ija.icees.kr,248,1,24,20167,19800,367,2,2,0,0,0,12050000,10000000,2050000,10.3,81.3
2025,인천,연수구,동부,초등학교,,초등학교,인천청량초등학교,233021565,본교,공립,기존(원)교,특별/광역시,19950301,21967 ,인천광역시 연수구 먼우금로 158 (동춘동. 청량초등학교),032-510-6300,032-817-6040,http://www.ichr.icees.kr/,450,1,35,39645,39417,228,0,0,0,0,0,12319000,9409000,2910000,12.9,88.1
2025,인천,연수구,동부,초등학교,,초등학교,인천청학초등학교,233021580,본교,공립,기존(원)교,특별/광역시,19950301,21915 ,인천광역시 연수구 함박뫼로 25 (청학동. 청학초등학교),032-629-5265,032-817-6058,http://che.icees.kr,443,1,36,17769,17720,49,0,0,1,0,1,16200000,12000000,4200000,12.3,40.1
2025,인천,연수구,동부,초등학교,,초등학교,인천축현초등학교,233021600,본교,공립,기존(원)교,특별/광역시,19460914,21941 ,인천광역시 연수구 청량로 176 . (옥련동. 축현초등학교),032-834-6182,032-834-8493,http://ch.icees.kr,258,1,24,20728,20594,134,0,0,0,0,0,10750000,8800000,1950000,10.8,80.3
2025,인천,연수구,동부,초등학교,,초등학교,인천신송초등학교,233021601,본교,공립,기존(원)교,특별/광역시,20060301,21996 ,인천광역시 연수구 해돋이로56번길 28 (송도동. 신송초등학교),032-858-0940,032-858-0939,http://sse.icees.kr,472,1,50,31087,30662,425,0,0,1,1,0,21996000,9896000,12100000,9.4,65.9
2025,인천,연수구,동부,초등학교,,초등학교,인천함박초등학교,233021620,본교,공립,기존(원)교,특별/광역시,19980301,21922 ,인천광역시 연수구 함박뫼로 87. 함박초등학교 (연수동.함박초등학교),032-821-0432,032-821-0435,http://hambak.icees.kr,454,1,50,19773,19669,104,0,0,1,1,0,12643000,9613000,3030000,9.1,43.6
2025,인천,연수구,동부,초등학교,,초등학교,인천해송초등학교,233021630,본교,공립,기존(원)교,특별/광역시,20070901,22000 ,인천광역시 연수구 인천타워대로54번길 46 . 인천해송초등학교 (송도동),032-833-0873,032-833-0942,http://hse.icees.kr,555,1,33,21216,20715,501,0,0,1,1,0,10980000,9680000,1300000,16.8,38.2
2025,인천,연수구,동부,초등학교,,초등학교,인천송명초등학교,233021632,본교,공립,기존(원)교,특별/광역시,20140301,21986 ,인천광역시 연수구 송도교육로 19 (송도동),032-830-7500,032-830-7599,http://ism.icees.kr,1173,1,50,24326,24165,161,1,1,0,0,0,25760000,19860000,5900000,23.5,20.7
2025,인천,연수구,동부,초등학교,,초등학교,인천미송초등학교,233021633,본교,공립,기존(원)교,특별/광역시,20190301,22017 ,인천광역시 연수구 아카데미로 667 (송도동. 인천미송초등학교),032-509-1000,032-509-1015,http://misong.icees.kr/,1554,1,90,15794,15744,50,0,0,0,0,0,30800000,25500000,5300000,17.3,10.2
2025,인천,연수구,동부,초등학교,,초등학교,인천은송초등학교,233021634,본교,공립,기존(원)교,특별/광역시,20200301,22019 ,인천광역시 연수구 센트럴로 460 (송도동. 인천은송초등학교),032-510-7522,032-858-7162,http://ies.icees.kr,1502,1,68,12140,12116,24,0,0,1,1,0,28770000,21930000,6840000,22.1,8.1
2025,인천,연수구,동부,초등학교,,초등학교,인천송담초등학교,233021664,본교,공립,기존(원)교,특별/광역시,20210301,22017 ,인천광역시 연수구 아카데미로 627 (송도동. 인천송담초등학교),032-456-7000,032-858-9211,http://songdam.icees.kr,913,1,128,13152,13152,0,0,0,1,1,0,21050000,18000000,3050000,7.1,14.4
2025,인천,연수구,동부,초등학교,,초등학교,인천박문초등학교,233021800,본교,사립,기존(원)교,특별/광역시,19000901,21970 ,인천광역시 연수구 봉재산로 138-22 (동춘동.박문초등학교),032-810-8500,032-810-8599,http://bakmun.icees.kr,493,1,30,24277,23434,843,0,0,0,0,0,19460000,13000000,6460000,16.4,49.2
2025,인천,미추홀구,남부,초등학교,,초등학교,인천용학초등학교,231021100,본교,공립,기존(원)교,특별/광역시,20160901,22188 ,인천광역시 미추홀구 용정공원로83번길 9 . 인천용학초등학교 (용현동.인천 용학초등학교),032-627-6300,032-886-9717,http://yh.icees.kr,1192,1,120,17068,16854,214,1,1,0,0,0,21400000,15000000,6400000,9.9,14.3
2025,인천,미추홀구,남부,초등학교,,초등학교,인천관교초등학교,231021124,본교,공립,기존(원)교,특별/광역시,19870301,22240 ,인천광역시 미추홀구 인하로 414 . 인천관교초등학교 (관교동. 인천관교초등학교),032-434-0492,032-434-3763,http://kwankyo.icees.kr,431,1,56,25173,24879,294,0,0,1,0,1,15030000,10480000,4550000,7.7,58.4
2025,인천,미추홀구,남부,초등학교,,초등학교,인천남부초등학교,231021164,본교,공립,기존(원)교,특별/광역시,19780302,22214 ,인천광역시 미추홀구 인주대로366번길 22 (주안동. 남부초등학교),032-629-1084,032-865-5789,http://inambu.icees.kr,349,1,52,18695,18145,550,0,0,1,1,0,12166000,9800000,2366000,6.7,53.6
2025,인천,미추홀구,남부,초등학교,,초등학교,인천대화초등학교,231021188,본교,공립,기존(원)교,특별/광역시,19940301,22116 ,인천광역시 미추홀구 석정로301번길 13 (도화동. 대화초등학교),032-867-0046,032-867-1356,http://daehwa.icees.kr/main.do,366,1,27,14017,13908,109,1,1,0,0,0,10543000,9443000,1100000,13.6,38.3
2025,인천,미추홀구,남부,초등학교,,초등학교,인천도화초등학교,231021204,본교,공립,기존(원)교,특별/광역시,19460924,22165 ,인천광역시 미추홀구 경인로 242 (도화동. 도화초등학교),032-874-2585,032-865-6134,http://idohwaes.icees.kr/main.do,843,1,33,18478,18221,257,0,0,1,1,0,22500000,19200000,3300000,25.5,21.9
2025,인천,미추홀구,남부,초등학교,,초등학교,인천문학초등학교,231021268,본교,공립,기존(원)교,특별/광역시,19170429,22233 ,인천광역시 미추홀구 매소홀로 553 (문학동. 문학초등학교),032-425-2801,032-435-0367,http://munhak.icees.kr,551,1,39,27664,27125,539,0,0,0,0,0,16920000,9600000,7320000,14.1,50.2
2025,인천,미추홀구,남부,초등학교,,초등학교,인천백학초등학교,231021276,본교,공립,기존(원)교,특별/광역시,19900301,22226 ,인천광역시 미추홀구 매소홀로446번길 25 (학익동. 백학초등학교),032-868-6778,032-867-1851,http://baekhak.icees.kr,297,1,20,21849,21641,208,0,0,1,1,0,11800000,10000000,1800000,14.9,73.6
2025,인천,미추홀구,남부,초등학교,,초등학교,인천서화초등학교,231021300,본교,공립,기존(원)교,특별/광역시,19670302,22114 ,인천광역시 미추홀구 송림로 250 (도화동. 서화초등학교),032-868-9234,032-868-9237,http://shwa.icees.kr,1341,1,26,18779,18609,170,1,1,0,0,0,33324000,26724000,6600000,51.6,14
2025,인천,미추홀구,남부,초등학교,,초등학교,인천석암초등학교,231021308,본교,공립,기존(원)교,특별/광역시,19690301,22134 ,인천광역시 미추홀구 주안동로 46 (주안동. 석암초등학교),032-622-0506,032-428-6645,http://www.seokam.icees.kr/main.do,902,1,28,20761,20655,106,1,1,0,0,0,27690000,20500000,7190000,32.2,23
2025,인천,미추홀구,남부,초등학교,,초등학교,인천숭의초등학교,231021356,본교,공립,기존(원)교,특별/광역시,19371210,22163 ,인천광역시 미추홀구 장천로 99 (숭의동. 숭의초등학교),032-887-9011,032-887-9017,http://www.soongwi.icees.kr,1154,1,60,28360,27884,476,0,0,0,0,0,26000000,22000000,4000000,19.2,24.6
2025,인천,미추홀구,남부,초등학교,,초등학교,인천승학초등학교,231021364,본교,공립,기존(원)교,특별/광역시,19920301,22241 ,인천광역시 미추홀구 주승로 259 (관교동. 승학초등학교),032-432-9775,032-426-9854,http://shak26.icees.kr,341,1,48,18599,18485,114,0,0,1,1,0,11400000,10000000,1400000,7.1,54.5
2025,인천,미추홀구,남부,초등학교,,초등학교,인천용일초등학교,231021428,본교,공립,기존(원)교,특별/광역시,19621105,22208 ,인천광역시 미추홀구 인주대로 244 (용현동. 용일초등학교),032-629-0811,032-629-0813,http://yongil.icees.kr,366,1,36,20859,20628,231,1,1,0,0,0,11900000,10100000,1800000,10.2,57
2025,인천,미추홀구,남부,초등학교,,초등학교,인천용정초등학교,231021436,본교,공립,기존(원)교,특별/광역시,19730308,22168 ,인천광역시 미추홀구 독정안길 26 (숭의동. 인천용정초등학교),032-868-2384,032-876-6133,http://inyj.icees.kr/main.do,214,1,31,15407,15407,0,0,0,1,1,0,10300000,9200000,1100000,6.9,72
2025,인천,미추홀구,남부,초등학교,,초등학교,인천용현초등학교,231021444,본교,공립,기존(원)교,특별/광역시,19531101,22187 ,인천광역시 미추홀구 낙섬동로 83 (용현동. 용현초등학교),032-629-0597,032-883-6871,http://iyh.icees.kr,1403,1,50,32811,32683,128,1,1,0,0,0,27600000,22000000,5600000,28.1,23.4
2025,인천,미추홀구,남부,초등학교,,초등학교,인천용현남초등학교,231021452,본교,공립,기존(원)교,특별/광역시,19850301,22189 ,인천광역시 미추홀구 매소홀로 133 (용현동. 인천용현남초등학교),032-884-8468,032-881-4124,http://yhn.icees.kr/,1149,1,23,28943,28718,225,1,1,0,0,0,24850000,19450000,5400000,50,25.2
2025,인천,미추홀구,남부,초등학교,,초등학교,인천인주초등학교,231021475,본교,공립,기존(원)교,특별/광역시,19990901,22222 ,인천광역시 미추홀구 매소홀로475번길 53 (학익동. 인천인주초등학교),032-627-8969,032-875-2688,http://inju-i.icees.kr,418,1,36,23367,23137,230,1,1,0,0,0,17550000,13000000,4550000,11.6,55.9
2025,인천,미추홀구,남부,초등학교,,초등학교,인천주안초등학교,231021500,본교,공립,기존(원)교,특별/광역시,19340601,22156 ,인천광역시 미추홀구 남주길69번길 16 (주안동. 주안초등학교),032-629-0245,032-438-1405,http://juan.icees.kr,869,1,31,22719,22361,358,0,0,1,1,0,19700000,15900000,3800000,28,26.1
2025,인천,미추홀구,남부,초등학교,,초등학교,인천주안남초등학교,231021510,본교,공립,기존(원)교,특별/광역시,19840927,22228 ,인천광역시 미추홀구 인주대로434번길 11 (주안동. 주안남초등학교),032-424-7247,032-438-9662,http://juannam.icees.kr/,426,1,40,21947,21706,241,1,1,0,0,0,15800000,11000000,4800000,10.7,51.5
2025,인천,미추홀구,남부,초등학교,,초등학교,인천주안북초등학교,231021516,본교,공립,기존(원)교,특별/광역시,19830301,22126 ,인천광역시 미추홀구 석정로375번길 14 (주안동. 인천 주안북초등학교),032-867-3160,032-867-8026,http://jab.icees.kr/,362,1,60,19579,19576,3,0,0,1,1,0,11240000,9240000,2000000,6,54.1
2025,인천,미추홀구,남부,초등학교,,초등학교,인천학익초등학교,231021548,본교,공립,기존(원)교,특별/광역시,19390410,22211 ,인천광역시 미추홀구 한나루로403번길 122 (학익동. 학익초등학교),032-629-0430,032-865-5795,http://hagik.icees.kr,369,1,40,18699,18581,118,1,1,0,0,0,16150000,12000000,4150000,9.2,50.7
2025,인천,미추홀구,남부,초등학교,,초등학교,인천연학초등학교,231021556,본교,공립,기존(원)교,특별/광역시,19830301,22222 ,인천광역시 미추홀구 주승로 20 (학익동. 연학초등학교),032-873-1591,032-873-0564,http://yeonhak.icees.kr/main.do,371,1,30,22215,21854,361,1,1,0,0,0,16437000,10457000,5980000,12.4,59.9
2025,인천,미추홀구,남부,초등학교,,초등학교,인천학산초등학교,231021558,본교,공립,기존(원)교,특별/광역시,20080301,22203 ,인천광역시 미추홀구 한나루로357번길 66 (학익동. 학산초등학교),032-865-7515,032-865-7520,http://ihaksan.icees.kr,835,1,24,25076,24810,266,0,0,1,1,0,25600000,18000000,7600000,34.8,30
2025,인천,미추홀구,남부,초등학교,,초등학교,인천경원초등학교,231021559,본교,공립,기존(원)교,특별/광역시,20080301,22144 ,인천광역시 미추홀구 경인로 511 (주안동. 경원초등학교),032-438-9321,032-438-9324,http://igwon.icees.kr,941,1,60,24678,24374,304,0,0,0,0,0,30900000,19000000,11900000,15.7,26.2
2025,인천,남동구,동부,초등학교,,초등학교,인천간석초등학교,233021115,본교,공립,기존(원)교,특별/광역시,19720302,21547 ,인천광역시 남동구 석산로208번길 37 (구월동. 간석초등학교),032-629-3820,032-469-1574,http://igs.icees.kr/,510,1,51,27314,26700,614,1,1,0,0,0,13383000,10883000,2500000,10,53.6
2025,인천,남동구,동부,초등학교,,초등학교,인천장서초등학교,233021133,본교,공립,기존(원)교,특별/광역시,20150901,21614 ,인천광역시 남동구 서창남순환로 109 (서창동),032-770-2900,032-441-4901,http://iejs.icees.kr,1358,1,80,16192,16007,185,1,1,0,0,0,28700000,23000000,5700000,17,11.9
2025,인천,남동구,동부,초등학교,,초등학교,인천구월초등학교,233021145,본교,공립,기존(원)교,특별/광역시,19520901,21563 ,인천광역시 남동구 인주대로 721번길 49 (구월동.구월초등학교),032-629-3700,032-629-3722,http://ikw.icees.kr/,299,1,26,13251,13213,38,1,1,0,0,0,11700000,9700000,2000000,11.5,44.3
2025,인천,남동구,동부,초등학교,,초등학교,인천구월서초등학교,233021160,본교,공립,기존(원)교,특별/광역시,19830301,21560 ,인천광역시 남동구 문화서로77번길 14 (구월동. 구월서초등학교),032-431-6821,032-431-6825,http://gws.icees.kr,924,1,19,23013,22984,29,0,0,0,0,0,20255000,18900000,1355000,48.6,24.9
2025,인천,남동구,동부,초등학교,,초등학교,인천남동초등학교,233021175,본교,공립,기존(원)교,특별/광역시,19920302,21594 ,인천광역시 남동구 장승남로33번길 10 (만수동.남동초등학교),032-462-0105,032-463-5495,http://namdonges.icees.kr,312,1,48,22694,22475,219,1,1,0,0,0,11760000,9000000,2760000,6.5,72.7
2025,인천,남동구,동부,초등학교,,초등학교,인천남촌초등학교,233021179,본교,공립,기존(원)교,특별/광역시,20020301,21627 ,인천광역시 남동구 남촌로 101 (남촌동)남촌초등학교,032-466-5693,032-466-5735,http://inamchon.icees.kr,309,1,16,31192,30989,203,0,0,1,1,0,13671000,9350000,4321000,19.3,100.9
2025,인천,남동구,동부,초등학교,,초등학교,인천논곡초등학교,233021183,본교,공립,기존(원)교,특별/광역시,19990301,21637 ,인천광역시 남동구 함박뫼로 429 인천논곡초등학교(논현동),032-446-2988,032-446-2989,http://nongok-e.icees.kr,551,1,30,27716,27542,174,1,1,0,0,0,19850000,14800000,5050000,18.4,50.3
2025,인천,남동구,동부,초등학교,,초등학교,인천담방초등학교,233021205,본교,공립,기존(원)교,특별/광역시,19940301,21596 ,인천광역시 남동구 매소홀로 1027 (만수동. 담방초등학교),032-468-8074,032-468-2006,http://dambang.icees.kr/,369,1,36,30224,30007,217,1,1,0,0,0,11220000,8420000,2800000,10.3,81.9
2025,인천,남동구,동부,초등학교,,초등학교,인천도림초등학교,233021220,본교,공립,기존(원)교,특별/광역시,19710301,21656 ,인천광역시 남동구 논고개로334번길 21 (도림동. 도림초등학교),032-441-0095,032-442-2599,http://idorim.icees.kr,320,1,28,18093,17762,331,1,1,0,0,0,12500000,9600000,2900000,11.4,56.5
2025,인천,남동구,동부,초등학교,,초등학교,인천한빛초등학교,233021248,본교,공립,기존(원)교,특별/광역시,20120501,21616 ,인천광역시 남동구 서창남순환로 190-28 (서창동),032-471-6433,032-471-4892,http://ihb.icees.kr,923,1,55,24204,23943,261,0,0,1,0,1,22760000,19610000,3150000,16.8,26.2
2025,인천,남동구,동부,초등학교,,초등학교,인천동부초등학교,233021250,본교,공립,기존(원)교,특별/광역시,19800707,21520 ,인천광역시 남동구 만수서로33번길 25 (만수동.동부초등학교),032-466-7461,032-466-7463,http://dongbu-ice.icees.kr/main.do,414,1,52,19132,19035,97,0,0,1,1,0,13300000,10400000,2900000,8,46.2
2025,인천,남동구,동부,초등학교,,초등학교,인천만수초등학교,233021280,본교,공립,기존(원)교,특별/광역시,19301101,21591 ,인천광역시 남동구 소래로 652 (만수동. 만수초등학교),032-471-4252,032-471-4251,http://mansoo.icees.kr,200,1,40,23129,23010,119,0,0,0,0,0,8570000,7070000,1500000,5,115.6
2025,인천,남동구,동부,초등학교,,초등학교,인천만수북초등학교,233021295,본교,공립,기존(원)교,특별/광역시,19830301,21524 ,인천광역시 남동구 백범로180번길 25 (만수동. 만수북초등학교),032-629-4359,032-466-7383,http://msb.icees.kr/main.do,607,1,30,28378,28037,341,1,1,0,0,0,16580000,13230000,3350000,20.2,46.8
2025,인천,남동구,동부,초등학교,,초등학교,인천사리울초등학교,233021300,본교,공립,기존(원)교,특별/광역시,20110301,21684 ,인천광역시 남동구 아암대로1437번길 50 (논현동. 사리울초등학교),032-438-9202,032-438-9210,http://sariul.icees.kr/,519,1,36,19765,19720,45,0,0,1,1,0,13330000,11000000,2330000,14.4,38.1
2025,인천,남동구,동부,초등학교,,초등학교,인천송천초등학교,233021301,본교,공립,기존(원)교,특별/광역시,20110301,21679 ,인천광역시 남동구 앵고개로815번길 45 (논현동),032-437-4860,032-437-4869,http://sc.icees.kr,320,1,50,20792,20669,123,0,0,0,0,0,11900000,9000000,2900000,6.4,65
2025,인천,남동구,동부,초등학교,,초등학교,인천원동초등학교,233021303,본교,공립,기존(원)교,특별/광역시,20110301,21675 ,인천광역시 남동구 논고개로 38 (논현동) 인천원동초등학교,032-629-7085,032-442-7354,http://wondong.icees.kr,850,1,78,22330,22330,0,0,0,0,0,0,25200000,16000000,9200000,10.9,26.3
2025,인천,남동구,동부,초등학교,,초등학교,인천만월초등학교,233021310,본교,공립,기존(원)교,특별/광역시,19890301,21586 ,인천광역시 남동구 선수촌로 28 (구월동),032-469-3923,032-469-3720,http://manwol.icees.kr,1019,1,61,27195,27132,63,0,0,0,0,0,25295000,18445000,6850000,16.7,26.7
2025,인천,남동구,동부,초등학교,,초등학교,상인천초등학교,233021340,본교,공립,기존(원)교,특별/광역시,19870901,21550 ,인천광역시 남동구 석산로141번길 29 (간석동. 상인천초등학교),032-432-7692,032-431-7446,http://sangic.icees.kr/,395,1,65,23482,23400,82,0,0,1,1,0,12150000,10400000,1750000,6.1,59.4
2025,인천,남동구,동부,초등학교,,초등학교,인천석정초등학교,233021370,본교,공립,기존(원)교,특별/광역시,19890407,21503 ,인천광역시 남동구 석정로539번길 32 (간석동.석정초등학교),032-431-3932,032-431-3935,http://icsj.icees.kr,793,1,40,26847,26119,728,0,0,0,0,0,18500000,16000000,2500000,19.8,33.9
2025,인천,남동구,동부,초등학교,,초등학교,인천석천초등학교,233021385,본교,공립,기존(원)교,특별/광역시,19810301,21561 ,인천광역시 남동구 남동대로 828 . 인천석천초등학교 (구월동),032-469-4020,032-469-0097,http://sce.icees.kr/,982,1,20,17778,17713,65,0,0,0,0,0,24956000,18366000,6590000,49.1,18.1
2025,인천,남동구,동부,초등학교,,초등학교,인천성리초등학교,233021408,본교,공립,기존(원)교,특별/광역시,19990301,21581 ,인천광역시 남동구 성리로 32-2 (구월동. 성리초등학교),032-472-0671,032-472-0238,http://sungri.icees.kr,557,1,38,25848,25558,290,1,1,0,0,0,17337000,12357000,4980000,14.7,46.4
2025,인천,남동구,동부,초등학교,,초등학교,인천소래초등학교,233021412,본교,공립,기존(원)교,특별/광역시,20020301,21669 ,인천광역시 남동구 장도로 2 (논현동. 소래초등학교),032-446-5038,032-629-6004,http://soraecho.icees.kr,505,1,40,19894,19742,152,0,0,1,1,0,13026000,10658000,2368000,12.6,39.4
2025,인천,남동구,동부,초등학교,,초등학교,인천약산초등학교,233021423,본교,공립,기존(원)교,특별/광역시,19840301,21510 ,인천광역시 남동구 간석로26번길 10 (간석동. 약산초등학교),032-424-7204,032-429-2958,http://yaksan.icees.kr,587,1,36,29508,28346,1162,0,0,0,0,0,19400000,13700000,5700000,16.3,50.3
2025,인천,남동구,동부,초등학교,,초등학교,인천인동초등학교,233021483,본교,공립,기존(원)교,특별/광역시,20000301,21518 ,인천광역시 남동구 백범로248번길 38 . 인천인동초등학교 (만수동),032-629-5788,032-466-6485,http://indong.icees.kr/,771,1,30,33073,32714,359,1,1,0,0,0,20960000,16200000,4760000,25.7,42.9
2025,인천,남동구,동부,초등학교,,초등학교,인천인수초등학교,233021490,본교,공립,기존(원)교,특별/광역시,19880901,21528 ,인천광역시 남동구 인수로 3 (만수동. 인수초등학교),032-461-8906,032-461-5260,http://insu.icees.kr/main.do,252,1,32,15715,15631,84,0,0,1,1,0,8756000,7406000,1350000,7.9,62.4
2025,인천,남동구,동부,초등학교,,초등학교,인천장수초등학교,233021505,본교,공립,기존(원)교,특별/광역시,19910301,21541 ,인천광역시 남동구 담방로 121 (만수동. 장수초등학교),032-463-4279,032-461-6292,http://jangsu.icees.kr/main.do,103,1,50,18874,18655,219,1,1,0,0,0,6320000,5600000,720000,2.1,183.2
2025,인천,남동구,동부,초등학교,,초등학교,인천장아초등학교,233021506,본교,공립,기존(원)교,특별/광역시,20190501,21610 ,인천광역시 남동구 서창방산로 93 . 인천장아초등학교 (서창동),032-770-7000,032-465-7088,http://janga.icees.kr,896,1,40,15720,15712,8,0,0,1,1,0,22100000,18500000,3600000,22.4,17.5
2025,인천,남동구,동부,초등학교,,초등학교,인천조동초등학교,233021520,본교,공립,기존(원)교,특별/광역시,19871015,21522 ,인천광역시 남동구 백범로124번길 164 (만수동. 조동초등학교),032-472-3012,032-472-3015,http://www.jodong.icees.kr,387,1,45,14250,14126,124,1,1,0,0,0,14970000,10450000,4520000,8.6,36.8
2025,인천,남동구,동부,초등학교,,초등학교,인천주원초등학교,233021535,본교,공립,기존(원)교,특별/광역시,19790901,21506 ,인천광역시 남동구 주안로259번길 28 (간석동. 주원초등학교),032-431-0042,032-431-0043,http://juwon.icees.kr/,242,1,66,17318,17214,104,0,0,0,0,0,10900000,9000000,1900000,3.7,71.6
2025,인천,남동구,동부,초등학교,,초등학교,인천고잔초등학교,233021589,본교,공립,기존(원)교,특별/광역시,20090901,21685 ,인천광역시 남동구 아암대로1503번길 48 . 인천고잔초등학교 (논현동),032-433-0462,032-439-6868,https://kojan.icees.kr/,826,1,60,27816,27796,20,0,0,1,1,0,21876000,15776000,6100000,13.8,33.7
2025,인천,남동구,동부,초등학교,,초등학교,인천신월초등학교,233021621,본교,공립,기존(원)교,특별/광역시,20030901,21588 ,인천광역시 남동구 인주대로776번길 14 . 인천신월초등학교 (구월동. 신월초등학교),032-629-6100,032-629-6090,http://shinwol.icees.kr,223,1,28,25296,25044,252,0,0,1,1,0,8759000,7159000,1600000,8,113.4
2025,인천,남동구,동부,초등학교,,초등학교,인천새말초등학교,233021622,본교,공립,기존(원)교,특별/광역시,20040301,21525 ,인천광역시 남동구 만수로50번길 12 (만수동. 새말초등학교),032-472-6122,032-472-6125,http://saemal.icees.kr/,358,1,32,22372,22121,251,0,0,1,1,0,14000000,9300000,4700000,11.2,62.5
2025,인천,남동구,동부,초등학교,,초등학교,인천서창초등학교,233021624,본교,공립,기존(원)교,특별/광역시,20040301,21605 ,인천광역시 남동구 장아산로174번길 8 (서창동. 서창초등학교),032-465-0226,032-465-0227,http://seochang.icees.kr/,735,1,62,24820,24728,92,0,0,1,0,1,24452000,16976000,7476000,11.9,33.8
2025,인천,남동구,동부,초등학교,,초등학교,인천장도초등학교,233021625,본교,공립,기존(원)교,특별/광역시,20060501,21662 ,인천광역시 남동구 포구로 112 (논현동. 인천장도초등학교),032-446-9781,032-629-6483,http://jangdo.icees.kr,267,1,80,16985,16659,326,0,0,1,1,0,11400000,7650000,3750000,3.3,63.6
2025,인천,남동구,동부,초등학교,,초등학교,인천동방초등학교,233021626,본교,공립,기존(원)교,특별/광역시,20060901,21651 ,인천광역시 남동구 논현역로 31 (논현동. 동방초등학교),032-442-0343,032-442-0340,http://www.i-db.icees.kr,511,1,50,29118,28887,231,0,0,0,0,0,14412000,11812000,2600000,10.2,57
2025,인천,남동구,동부,초등학교,,초등학교,인천논현초등학교,233021627,본교,공립,기존(원)교,특별/광역시,20070901,21664 ,인천광역시 남동구 소래역로 102 (논현동. 논현초등학교),032-446-5191,032-446-5176,http://inh.icees.kr/main.do,591,1,42,15642,15642,0,0,0,1,1,0,15236000,11336000,3900000,14.1,26.5
2025,인천,남동구,동부,초등학교,,초등학교,인천은봉초등학교,233021628,본교,공립,기존(원)교,특별/광역시,20070901,21659 ,인천광역시 남동구 은봉로312번길 11 . 은봉초등학교 (논현동),032-446-5395,032-446-5327,http://ieb.icees.kr/,362,1,30,23561,23359,202,1,1,0,0,0,13000000,10000000,3000000,12.1,65.1
2025,인천,남동구,동부,초등학교,,초등학교,인천정각초등학교,233021629,본교,공립,기존(원)교,특별/광역시,20070901,21562 ,인천광역시 남동구 구월로 228 (구월동.정각초등학교),032-462-7646,032-462-8155,http://jge.icees.kr,950,1,38,22428,22428,0,1,1,0,0,0,27568000,16968000,10600000,25,23.6
2025,인천,남동구,동부,초등학교,,초등학교,인천상아초등학교,233021631,본교,공립,기존(원)교,특별/광역시,20080301,21548 ,인천광역시 남동구 석산로184번길 66 (간석동. 상아초등학교),032-473-3023,032-473-3030,http://sang-a.icees.kr,630,1,13,22740,22647,93,0,0,1,1,0,15400000,10000000,5400000,48.5,36.1
2025,인천,부평구,북부,초등학교,,초등학교,인천개흥초등학교,232021024,본교,공립,기존(원)교,특별/광역시,19920504,21355 ,인천광역시 부평구 길주남로65번길 11 (부평동. 인천개흥초등학교),032-512-9688,032-512-9685,http://igh.icees.kr,316,1,30,22873,22654,219,1,1,0,0,0,12803000,9900000,2903000,10.5,72.4
2025,인천,부평구,북부,초등학교,,초등학교,인천대정초등학교,232021072,본교,공립,기존(원)교,특별/광역시,19870301,21381 ,인천광역시 부평구 안남로 115 (산곡동. 인천대정초등학교),032-527-0684,032-527-0686,http://www.daejung.icees.kr/main.do,471,1,28,25601,25599,2,0,0,0,0,0,13000000,9800000,3200000,16.8,54.4
2025,인천,부평구,북부,초등학교,,초등학교,인천상정초등학교,232021093,본교,공립,기존(원)교,특별/광역시,19890301,21442 ,인천광역시 부평구 상정로 50 (십정동. 인천상정초등학교),032-627-8607,032-627-8610,http://sje.icees.kr,288,1,50,15623,15493,130,1,0,0,0,0,13754000,10994000,2760000,5.8,54.2
2025,인천,부평구,북부,초등학교,,초등학교,인천갈산초등학교,232021132,본교,공립,기존(원)교,특별/광역시,19930301,21331 ,인천광역시 부평구 갈월동로 55 (갈산동.갈산초등학교),032-508-5592,032-517-5274,http://igalsan.icees.kr/,190,1,30,23841,23549,292,1,1,0,0,0,8250000,7500000,750000,6.3,125.5
2025,인천,부평구,북부,초등학교,,초등학교,인천갈월초등학교,232021136,본교,공립,기존(원)교,특별/광역시,20010301,21335 ,인천광역시 부평구 주부토로 165 (갈산동. 인천갈월초등학교),032-507-7109,032-507-7113,http://galwol.icees.kr,474,1,60,21529,20668,861,1,1,0,0,0,16034000,12934000,3100000,7.9,45.4
2025,인천,부평구,북부,초등학교,,초등학교,인천구산초등학교,232021166,본교,공립,기존(원)교,특별/광역시,19960901,21345 ,인천광역시 부평구 부개로 93 (부개동. 인천구산초등학교),032-361-0833,032-361-0834,http://igusan.icees.kr/main.do,285,1,30,24001,24001,0,1,1,0,0,0,16880000,13200000,3680000,9.5,84.2
2025,인천,부평구,북부,초등학교,,초등학교,인천동수초등학교,232021180,본교,공립,기존(원)교,특별/광역시,19910901,21458 ,인천광역시 부평구 동수로120번길 10 (부개동),032-518-4222,032-518-4168,http://dses.icees.kr,617,1,30,20015,19651,364,0,0,0,0,0,16130000,13140000,2990000,20.6,32.4
2025,인천,부평구,북부,초등학교,,초등학교,인천동암초등학교,232021188,본교,공립,기존(원)교,특별/광역시,19670302,21438 ,인천광역시 부평구 동암남로35번길 4 . 동암초등학교 (십정동.동암초등학교),032-424-6670,032-628-0691,http://dongam.icees.kr/main.do,295,1,24,22031,21796,235,1,1,1,0,1,11250000,9450000,1800000,12.3,74.7
2025,인천,부평구,북부,초등학교,,초등학교,인천마곡초등학교,232021196,본교,공립,기존(원)교,특별/광역시,19890901,21307 ,인천광역시 부평구 마곡로27번길 16 (산곡동.인천마곡초등학교),032-522-4312,032-522-4352,http://magok.icees.kr/main.do,119,1,26,17861,17646,215,1,1,0,0,0,7360000,5260000,2100000,4.6,150.1
2025,인천,부평구,북부,초등학교,,초등학교,인천마장초등학교,232021200,본교,공립,기존(원)교,특별/광역시,19970301,21363 ,인천광역시 부평구 안남로 266 (청천동. 인천마장초등학교),032-505-5094,032-505-5095,http://majang.icees.kr,543,1,43,23813,23808,5,0,0,1,1,0,14610000,13000000,1610000,12.6,43.9
2025,인천,부평구,북부,초등학교,,초등학교,인천미산초등학교,232021206,본교,공립,기존(원)교,특별/광역시,20010301,21363 ,인천광역시 부평구 원적로 391 (산곡동. 미산초등학교),032-502-4524,032-502-4007,http://misan.icees.kr/,219,1,67,19328,19017,311,0,0,0,0,0,8910000,6720000,2190000,3.3,88.3
2025,인천,부평구,북부,초등학교,,초등학교,인천백운초등학교,232021218,본교,공립,기존(원)교,특별/광역시,20000901,21434 ,인천광역시 부평구 아트센터로 130 (십정동),032-507-6832,032-507-6835,http://ic-baegun.icees.kr/,478,1,44,27949,27424,525,0,0,1,1,0,14259000,10659000,3600000,10.9,58.5
2025,인천,부평구,북부,초등학교,,초등학교,인천부개초등학교,232021228,본교,공립,기존(원)교,특별/광역시,19550501,21420 ,인천광역시 부평구 마분로 9. 인천부개초등학교 (부개동. 인천부개초등학교),032-525-0042,032-516-3551,http://bugae.icees.kr,195,1,60,18327,17983,344,0,0,1,1,0,7650000,6350000,1300000,3.3,94
2025,인천,부평구,북부,초등학교,,초등학교,인천부개서초등학교,232021236,본교,공립,기존(원)교,특별/광역시,19830928,21401 ,인천광역시 부평구 부일로 39 (부개동. 인천 부개서초등학교),032-502-5306,032-516-4328,http://bugaeseo.icees.kr,1054,1,27,15283,15283,0,1,1,1,0,1,23850000,20000000,3850000,39,14.5
2025,인천,부평구,북부,초등학교,,초등학교,인천부곡초등학교,232021240,본교,공립,기존(원)교,특별/광역시,19950901,21376 ,인천광역시 부평구 마장로272번길 73 (산곡동),032-504-3254,032-504-3258,http://bugok.icees.kr/,912,1,24,28552,28262,290,1,1,1,0,1,22900000,20400000,2500000,38,31.3
2025,인천,부평구,북부,초등학교,,초등학교,인천부광초등학교,232021244,본교,공립,기존(원)교,특별/광역시,19840301,21349 ,인천광역시 부평구 충선로 104 (부개동),032-522-3375,032-515-0915,http://bugwang-e.icees.kr,350,1,25,18582,18329,253,0,0,1,1,0,14734000,12934000,1800000,14,53.1
2025,인천,부평구,북부,초등학교,,초등학교,인천부내초등학교,232021248,본교,공립,기존(원)교,특별/광역시,19980301,21350 ,인천광역시 부평구 수변로 129 (부개동),032-361-8122,032-361-8124,http://bunae.icees.kr/main.do,555,1,26,17781,17773,8,0,0,1,1,0,15960000,14000000,1960000,21.3,32
2025,인천,부평구,북부,초등학교,,초등학교,인천부마초등학교,232021250,본교,공립,기존(원)교,특별/광역시,20000301,21362 ,인천광역시 부평구 안남로253번길 41 (산곡동. 인천부마초등학교),032-628-2165,032-519-2547,http://buma.icees.kr,654,1,43,21566,21554,12,0,0,1,1,0,11200000,8400000,2800000,15.2,33
2025,인천,부평구,북부,초등학교,,초등학교,인천부원초등학교,232021252,본교,공립,기존(원)교,특별/광역시,19820901,21378 ,인천광역시 부평구 원적로472번길 29 (부평동. 인천부원초등학교),032-504-8470,032-503-8480,http://pwe.icees.kr,602,2,85,23141,22743,398,0,0,1,0,1,14170000,12200000,1970000,7.1,38.4
2025,인천,부평구,북부,초등학교,,초등학교,인천부평남초등학교,232021276,본교,공립,기존(원)교,특별/광역시,19621105,21408 ,인천광역시 부평구 경인로911번길 28 (부평동. 인천부평남초등학교),032-522-0454,032-516-3485,http://bunam.icees.kr,768,1,60,34044,33213,831,1,1,0,0,0,26410000,20000000,6410000,12.8,44.3
2025,인천,부평구,북부,초등학교,,초등학교,인천부평동초등학교,232021284,본교,공립,기존(원)교,특별/광역시,19400406,21359 ,인천광역시 부평구 부평대로88번길 19 (부평동. 인천부평동초등학교),032-503-0907,032-516-1124,http://budongi.icees.kr,831,1,28,19578,19464,114,1,1,1,0,1,27967000,18647000,9320000,29.7,23.6
2025,인천,부평구,북부,초등학교,,초등학교,인천부평북초등학교,232021292,본교,공립,기존(원)교,특별/광역시,19680301,21317 ,인천광역시 부평구 주부토로 292 (갈산동. 인천부평북초등학교),032-628-0705,032-513-7582,https://bubuk.icees.kr,282,1,52,19299,18993,306,2,1,1,1,0,12600000,12000000,600000,5.4,68.4
2025,인천,부평구,북부,초등학교,,초등학교,인천부평서초등학교,232021300,본교,공립,기존(원)교,특별/광역시,19460901,21388 ,인천광역시 부평구 부평문화로53번길 19 . 부평서초등학교 (부평동. 북부교육청),032-529-7543,032-529-7540,http://bps.icees.kr,687,1,70,17690,17612,78,0,0,1,1,0,18000000,17000000,1000000,9.8,25.7
2025,인천,부평구,북부,초등학교,,초등학교,인천부흥초등학교,232021308,본교,공립,기존(원)교,특별/광역시,19640313,21397 ,인천광역시 부평구 부흥로366번길 34 (부평동. 인천부흥초등학교),032-522-6708,032-516-2760,http://bh.icees.kr,1016,1,33,26381,26294,87,1,1,0,0,0,26600000,20000000,6600000,30.8,26
2025,인천,부평구,북부,초등학교,,초등학교,인천부일초등학교,232021312,본교,공립,기존(원)교,특별/광역시,19990301,21347 ,인천광역시 부평구 부흥북로 175 (부개동. 인천부일초등학교),032-458-9085,032-361-2145,http://puil.icees.kr,276,1,60,13006,13006,0,0,0,1,1,0,11670000,10000000,1670000,4.6,47.1
2025,인천,부평구,북부,초등학교,,초등학교,인천산곡초등학교,232021316,본교,공립,기존(원)교,특별/광역시,19531010,21369 ,인천광역시 부평구 길주로354번길 39 (산곡동. 인천산곡초등학교),032-518-1783,032-516-2850,http://sangok.icees.kr/,427,1,80,25433,25377,56,0,0,0,0,0,10830000,9830000,1000000,5.3,59.6
2025,인천,부평구,북부,초등학교,,초등학교,인천산곡남초등학교,232021324,본교,공립,기존(원)교,특별/광역시,19860301,21380 ,인천광역시 부평구 부흥로144번길 30 (산곡동. 산곡남초등학교),032-516-7390,032-516-7391,http://sangoknam.icees.kr,417,1,82,22420,22314,106,0,0,1,1,0,12370000,10850000,1520000,5.1,53.8
2025,인천,부평구,북부,초등학교,,초등학교,인천산곡북초등학교,232021332,본교,공립,기존(원)교,특별/광역시,19840301,21309 ,인천광역시 부평구 산청로 18 (산곡동),032-628-1126,032-522-5094,http://sgb.icees.kr,515,1,36,17959,17779,180,0,0,1,1,0,11860000,8000000,3860000,14.3,34.9
2025,인천,부평구,북부,초등학교,,초등학교,인천삼산초등학교,232021340,본교,공립,기존(원)교,특별/광역시,19860301,21318 ,인천광역시 부평구 후정동로 44 (삼산동),032-525-0163,032-503-6084,http://isamsan.icees.kr/,502,1,98,29703,29456,247,0,0,0,0,0,16500000,15000000,1500000,5.1,59.2
2025,인천,부평구,북부,초등학교,,초등학교,인천용마초등학교,232021344,본교,공립,기존(원)교,특별/광역시,19990901,21312 ,인천광역시 부평구 세월천로30번길 58 (청천동. 인천용마초등학교),032-523-2795,032-523-2799,http://ym.icees.kr,495,1,35,21514,21265,249,0,0,1,1,0,19500000,16800000,2700000,14.1,43.5
2025,인천,부평구,북부,초등학교,,초등학교,인천신촌초등학교,232021436,본교,공립,기존(원)교,특별/광역시,19820901,21375 ,인천광역시 부평구 경원대로 1215 (십정동. 인천신촌초등학교),032-522-2484,032-526-6657,http://icsce.icees.kr/,328,1,40,19733,19528,205,1,1,0,0,0,12150000,9500000,2650000,8.2,60.2
2025,인천,부평구,북부,초등학교,,초등학교,인천십정초등학교,232021460,본교,공립,기존(원)교,특별/광역시,19840301,21451 ,인천광역시 부평구 배곶북로 10-6 . 인천십정초등학교(십정동),032-628-1187,032-424-4075,http://sipjeong.icees.kr/,179,1,34,22451,22221,230,0,0,0,0,0,9900000,8000000,1900000,5.3,125.4
2025,인천,부평구,북부,초등학교,,초등학교,인천일신초등학교,232021476,본교,공립,기존(원)교,특별/광역시,19850901,21422 ,인천광역시 부평구 항동로75번길 36 (일신동),032-503-9603,032-503-9617,http://ise.icees.kr/main.do,278,1,60,19142,19060,82,1,1,0,0,0,11431000,7966000,3465000,4.6,68.9
2025,인천,부평구,북부,초등학교,,초등학교,인천청천초등학교,232021516,본교,공립,기존(원)교,특별/광역시,19730301,21303 ,인천광역시 부평구 산청로127번길 10 (청천동),032-516-2823,032-516-2830,http://icce.icees.kr/,1019,1,100,17899,17552,347,0,0,1,1,0,32300000,20000000,12300000,10.2,17.6
2025,인천,부평구,북부,초등학교,,초등학교,인천하정초등학교,232021524,본교,공립,기존(원)교,특별/광역시,19910501,21444 ,인천광역시 부평구 이규보로 14 (십정동. 인천하정초등학교),032-429-3866,032-428-3727,http://hj.icees.kr/,470,1,100,18058,17922,136,1,1,0,0,0,13650000,10000000,3650000,4.7,38.4
2025,인천,부평구,북부,초등학교,,초등학교,인천한길초등학교,232021528,본교,공립,기존(원)교,특별/광역시,20000901,21321 ,인천광역시 부평구 영성중로 32 (삼산동),032-507-4874,032-507-4875,http://hangil.icees.kr/main.do,447,1,85,27316,27065,251,0,0,1,1,0,14994000,10994000,4000000,5.3,61.1
2025,인천,부평구,북부,초등학교,,초등학교,인천후정초등학교,232021557,본교,공립,기존(원)교,특별/광역시,20030901,21319 ,인천광역시 부평구 영성서로 56 (삼산동),032-517-2651,032-517-2496,http://hujeong.icees.kr/,297,1,70,14597,14166,431,0,0,1,1,0,12380000,10000000,2380000,4.2,49.1
2025,인천,부평구,북부,초등학교,,초등학교,인천굴포초등학교,232021558,본교,공립,기존(원)교,특별/광역시,20040901,21341 ,인천광역시 부평구 충선로234번길 19 . 인천굴포초등학교 (삼산동),032-511-3870,032-511-3879,http://gulpo.icees.kr,749,1,141,18341,18005,336,1,1,0,0,0,18510000,13000000,5510000,5.3,24.5
2025,인천,부평구,북부,초등학교,,초등학교,인천진산초등학교,232021559,본교,공립,기존(원)교,특별/광역시,20040901,21342 ,인천광역시 부평구 굴포로 194-10 (삼산동. 인천진산초등학교),032-511-3713,032-511-3712,http://ijs.icees.kr,207,1,40,14690,14690,0,1,1,0,0,0,9400000,8000000,1400000,5.2,71
2025,인천,부평구,북부,초등학교,,초등학교,인천영선초등학교,232021601,본교,공립,기존(원)교,특별/광역시,20050901,21323 ,인천광역시 부평구 충선로 293 (삼산동.영선초등학교),032-521-7384,032-521-7386,http://iys.icees.kr,612,1,48,21572,21369,203,0,0,1,1,0,16642000,12682000,3960000,12.8,35.2
2025,인천,부평구,북부,초등학교,,초등학교,인천금마초등학교,232021602,본교,공립,기존(원)교,특별/광역시,20060928,21457 ,인천광역시 부평구 일신로 88 (구산동. 금마초등학교),032-508-6070,032-508-6082,http://geumma.icees.kr,273,1,68,20389,19783,606,0,0,1,1,0,14005000,8605000,5400000,4,74.7
2025,인천,부평구,북부,초등학교,,초등학교,한일초등학교,232021900,본교,사립,기존(원)교,특별/광역시,19650301,21368 ,인천광역시 부평구 원적로 247 (산곡동),032-502-5621,032-513-0422,http://hanil.icees.kr,317,1,20,11727,11727,0,0,0,0,0,0,18529000,12500000,6029000,15.9,37
2025,인천,계양구,북부,초등학교,,초등학교,인천계산초등학교,232021434,본교,공립,기존(원)교,특별/광역시,19870901,21042 ,인천광역시 계양구 경명대로 1005 (계산동. 계산초등학교),032-453-9511,032-549-3190,http://gyesan.icees.kr/,162,1,34,27737,27523,214,0,0,1,1,0,9960000,8000000,1960000,4.8,171.2
2025,인천,계양구,북부,초등학교,,초등학교,인천계양초등학교,232021435,본교,공립,기존(원)교,특별/광역시,19321203,21007 ,인천광역시 계양구 장제로 1288 (장기동.인천계양초등학교),032-515-4647,032-555-9507,http://gyeyang.icees.kr/,307,1,38,26688,26439,249,0,0,0,0,0,14500000,9400000,5100000,8.1,86.9
2025,인천,계양구,북부,초등학교,,초등학교,인천계양초등학교상야분교장,232021437,분교장,공립,기존(원)교,특별/광역시,19640302,21009 ,인천광역시 계양구 벌말로 572-1 (상야동.인천계양초등학교상야분교장),032-544-5533,032-554-5534,http://gyeyang.icees.kr,6,1,24,4450,4391,59,0,0,0,0,0,1000000,1000000,0,0.3,741.7
2025,인천,계양구,북부,초등학교,,초등학교,인천귤현초등학교,232021438,본교,공립,기존(원)교,특별/광역시,20050301,21016 ,인천광역시 계양구 귤현길 15 (귤현동. 귤현초등학교),032-511-7247,032-511-7169,http://gyulhyeon.icees.kr/,498,1,54,17118,16947,171,0,0,1,1,0,19500000,12000000,7500000,9.2,34.4
2025,인천,계양구,북부,초등학교,,초등학교,인천길주초등학교,232021439,본교,공립,기존(원)교,특별/광역시,19980301,21062 ,인천광역시 계양구 용종로 90 (용종동),032-628-6477,032-553-2705,http://gilju.icees.kr,454,1,36,25298,25117,181,1,1,0,0,0,15200000,12000000,3200000,12.6,55.7
2025,인천,계양구,북부,초등학교,,초등학교,인천당산초등학교,232021440,본교,공립,기존(원)교,특별/광역시,20060612,21013 ,인천광역시 계양구 동양로 122 (동양동),032-515-3873,032-515-4365,http://dangsan.icees.kr,721,1,30,29163,29035,128,0,0,1,0,1,19774000,17066000,2708000,24,40.4
2025,인천,계양구,북부,초등학교,,초등학교,인천명현초등학교,232021441,본교,공립,기존(원)교,특별/광역시,20020901,21096 ,인천광역시 계양구 봉오대로569번길 10 (효성동. 명현초등학교),032-546-3470,032-545-5708,http://i-mh.icees.kr,223,1,36,20305,20250,55,1,1,0,0,0,12780000,9330000,3450000,6.2,91.1
2025,인천,계양구,북부,초등학교,,초등학교,인천병방초등학교,232021442,본교,공립,기존(원)교,특별/광역시,19950901,21035 ,인천광역시 계양구 병방로 2 (병방동. 인천병방초등학교),032-548-8345,032-548-8346,http://ibb.icees.kr,290,1,69,20284,20084,200,0,0,1,1,0,11300000,8800000,2500000,4.2,69.9
2025,인천,계양구,북부,초등학교,,초등학교,인천부평초등학교,232021443,본교,공립,기존(원)교,특별/광역시,18990315,21049 ,인천광역시 계양구 어사대로 20 (계산동. 인천부평초등학교),032-541-1798,032-543-3886,http://ibp.icees.kr,245,1,19,14848,14725,123,1,1,0,0,0,10900000,9500000,1400000,12.9,60.6
2025,인천,계양구,북부,초등학교,,초등학교,인천부현동초등학교,232021444,본교,공립,기존(원)교,특별/광역시,19970301,21070 ,인천광역시 계양구 용종로 5 (계산동. 부현동초등학교),032-553-4091,032-553-4095,http://bhd.icees.kr,430,1,69,27673,27498,175,0,0,1,1,0,14550000,10800000,3750000,6.2,64.4
2025,인천,계양구,북부,초등학교,,초등학교,인천부현초등학교,232021445,본교,공립,기존(원)교,특별/광역시,19960901,21083 ,인천광역시 계양구 장제로755번길 30 .(계산동),032-552-2675,032-552-2676,http://buhyun.icees.kr/,342,1,67,21730,21650,80,0,0,1,1,0,13900000,11000000,2900000,5.1,63.5
2025,인천,계양구,북부,초등학교,,초등학교,인천서운초등학교,232021446,본교,공립,기존(원)교,특별/광역시,20010301,21074 ,인천광역시 계양구 서운로12인천서운초등학교 (서운동),032-555-2271,032-555-2274,http://seowoon.icees.kr,510,1,85,20581,20256,325,0,0,1,1,0,17800000,11000000,6800000,6,40.4
2025,인천,계양구,북부,초등학교,,초등학교,인천성지초등학교,232021447,본교,공립,기존(원)교,특별/광역시,20030301,21111 ,인천광역시 계양구 아나지로247번길 8 (작전동.성지초등학교),032-546-3551,032-541-6096,http://sj.icees.kr,291,1,35,15415,15414,1,1,1,0,0,0,12600000,9800000,2800000,8.3,53
2025,인천,계양구,북부,초등학교,,초등학교,인천소양초등학교,232021448,본교,공립,기존(원)교,특별/광역시,19491001,21021 ,인천광역시 계양구 박촌로 53 (박촌동. 인천소양초등학교),032-515-5022,032-518-5120,http://soyang.icees.kr/,346,1,42,21483,21297,186,0,0,1,1,0,14004000,11000000,3004000,8.2,62.1
2025,인천,계양구,북부,초등학교,,초등학교,인천신대초등학교,232021449,본교,공립,기존(원)교,특별/광역시,19980301,21063 ,인천광역시 계양구 계산새로 133 (용종동),032-553-2012,032-553-2015,http://sindae.icees.kr,529,1,46,19805,19362,443,0,0,0,0,0,15300000,12500000,2800000,11.5,37.4
2025,인천,계양구,북부,초등학교,,초등학교,인천안남초등학교,232021450,본교,공립,기존(원)교,특별/광역시,19900901,21058 ,인천광역시 계양구 경명대로1114번길 26 (계산동. 안남초등학교),032-628-9286,032-548-6587,http://an21.icees.kr/,288,1,30,24192,24064,128,1,1,0,0,0,12214000,8960000,3254000,9.6,84
2025,인천,계양구,북부,초등학교,,초등학교,인천안산초등학교,232021451,본교,공립,기존(원)교,특별/광역시,20010901,21031 ,인천광역시 계양구 임학서로 15 (계산동),032-555-6065,032-555-6067,http://iansan.icees.kr,265,1,30,19153,19153,0,0,0,0,0,0,12162000,10462000,1700000,8.8,72.3
2025,인천,계양구,북부,초등학교,,초등학교,인천양촌초등학교,232021452,본교,공립,기존(원)교,특별/광역시,20070301,21028 ,인천광역시 계양구 장제로 954 (병방동. 양촌초등학교),032-556-9465,032-556-9471,http://iyangchon.icees.kr/,186,1,40,16460,16155,305,1,1,0,0,0,11200000,10700000,500000,4.7,88.5
2025,인천,계양구,북부,초등학교,,초등학교,인천작동초등학교,232021453,본교,공립,기존(원)교,특별/광역시,19930301,21124 ,인천광역시 계양구 까치말로 35 (작전동. 인천작동초등학교),032-548-0686,032-551-3295,http://jakdong.icees.kr/,400,1,41,19569,19259,310,0,0,0,0,0,13000000,10000000,3000000,9.8,48.9
2025,인천,계양구,북부,초등학교,,초등학교,인천작전초등학교,232021454,본교,공립,기존(원)교,특별/광역시,19840301,21084 ,인천광역시 계양구 주부토로 456 (작전동. 인천작전초등학교),032-543-0029,032-545-4462,http://jak.icees.kr,311,1,65,25084,24938,146,0,0,0,0,0,11650000,8400000,3250000,4.8,80.7
2025,인천,계양구,북부,초등학교,,초등학교,인천해서초등학교,232021455,본교,공립,기존(원)교,특별/광역시,20050301,21043 ,인천광역시 계양구 계산로 42-1 (계산동. 해서초등학교),032-628-7977,032-556-4399,http://ihs.icees.kr,141,1,48,15905,15583,322,0,0,1,0,1,7718000,6418000,1300000,2.9,112.8
2025,인천,계양구,북부,초등학교,,초등학교,인천화전초등학교,232021456,본교,공립,기존(원)교,특별/광역시,19880901,21117 ,인천광역시 계양구 효서로303번길 8 (작전동. 인천화전초등학교),032-542-6553,032-545-1095,http://hwajeon.icees.kr,688,1,24,28006,27611,395,1,1,0,0,0,25200000,17000000,8200000,28.7,40.7
2025,인천,계양구,북부,초등학교,,초등학교,인천효성남초등학교,232021457,본교,공립,기존(원)교,특별/광역시,19981001,21109 ,인천광역시 계양구 새벌로 125 (효성동.효성남초등학교),032-628-6559,032-554-0495,http://hsn.icees.kr/,633,1,46,27009,26559,450,0,0,1,1,0,22500000,15000000,7500000,13.8,42.7
2025,인천,계양구,북부,초등학교,,초등학교,인천효성동초등학교,232021458,본교,공립,기존(원)교,특별/광역시,19850301,21095 ,인천광역시 계양구 새벌로171번길 4 (효성동. 인천효성동초등학교),032-547-0815,032-628-5081,http://hsd.icees.kr,454,1,51,18199,17868,331,0,0,1,1,0,14580000,11380000,3200000,8.9,40.1
2025,인천,계양구,북부,초등학교,,초등학교,인천효성서초등학교,232021459,본교,공립,기존(원)교,특별/광역시,19860301,21101 ,인천광역시 계양구 봉오대로 457 (효성동. 효성서초등학교),032-628-5177,032-551-2111,http://hss.icees.kr,341,1,43,16152,16152,0,1,1,0,0,0,17450000,14450000,3000000,7.9,47.4
2025,인천,계양구,북부,초등학교,,초등학교,경인교육대학교부설초등학교,232021461,본교,국립,기존(원)교,특별/광역시,19570410,21093 ,인천광역시 계양구 안남로 612 (효성동) 경인교육대학교부설초등학교,032-547-5577,032-547-8469,http://iginue.icees.kr,560,1,36,21252,21185,67,0,0,0,0,0,6800000,6000000,800000,15.6,38
2025,인천,계양구,북부,초등학교,,초등학교,인천효성초등학교,232021462,본교,공립,기존(원)교,특별/광역시,19820301,21093 ,인천광역시 계양구 안남로 601 (효성동. 효성초등학교),032-547-6313,032-548-2566,http://www.hyosung.icees.kr,272,1,26,21582,21376,206,1,1,0,0,0,10479000,8729000,1750000,10.5,79.3
2025,인천,서구,서부,초등학교,,초등학교,인천단봉초등학교,234021026,본교,공립,기존(원)교,특별/광역시,19551103,22651 ,인천광역시 서구 단봉로 122 (오류동),032-590-8020,032-590-8088,http://danbong.icees.kr/main.do,734,1,40,25309,25251,58,1,1,0,0,0,21660000,16000000,5660000,18.4,34.5
2025,인천,서구,서부,초등학교,,초등학교,인천한별초등학교,234021038,본교,공립,기존(원)교,특별/광역시,20210901,22859 ,인천광역시 서구 서로3로 201 (원당동),032-453-9000,032-569-5627,http://hanbyeol.icees.kr,1599,1,140,16059,15982,77,0,0,0,0,0,32000000,30000000,2000000,11.4,10
2025,인천,서구,서부,초등학교,,초등학교,인천도담초등학교,234021085,본교,공립,기존(원)교,특별/광역시,20150301,22763 ,인천광역시 서구 청라커낼로 217 (청라동. 도담초등학교),032-569-6658,032-569-6659,http://dodam.icees.kr,488,1,62,24188,24147,41,1,1,0,0,0,18300000,15900000,2400000,7.9,49.6
2025,인천,서구,서부,초등학교,,초등학교,인천가원초등학교,234021086,본교,공립,기존(원)교,특별/광역시,20150901,22858 ,인천광역시 서구 청중로478번길 6 . 인천가원초등학교 (가정동),032-569-6436,032-569-6437,http://gawon.icees.kr/,1558,1,41,22482,22046,436,0,0,0,0,0,30900000,26500000,4400000,38,14.4
2025,인천,서구,서부,초등학교,,초등학교,인천해든초등학교,234021107,본교,공립,기존(원)교,특별/광역시,20210901,22871 ,인천광역시 서구 서로3로 60 (당하동),032-453-9200,032-569-4934,http://haedeun.icees.kr,1668,1,70,11656,11656,0,0,0,0,0,0,36325000,25000000,11325000,23.8,7
2025,인천,서구,서부,초등학교,,초등학교,인천가석초등학교,234021108,본교,공립,기존(원)교,특별/광역시,19940901,22799 ,인천광역시 서구 서달로 174 (가정동),032-583-0274,032-628-6007,http://gs.icees.kr/,209,1,24,18633,18346,287,0,0,1,0,1,7639000,6339000,1300000,8.7,89.2
2025,인천,서구,서부,초등학교,,초등학교,인천가현초등학교,234021112,본교,공립,기존(원)교,특별/광역시,20000901,22779 ,인천광역시 서구 염곡로 417 (신현동. 인천가현초등학교),032-579-7388,032-579-7389,http://gahyun.icees.kr,2044,1,12,26666,26251,415,0,0,0,0,0,37225000,29825000,7400000,170.3,13
2025,인천,서구,서부,초등학교,,초등학교,인천가정초등학교,234021116,본교,공립,기존(원)교,특별/광역시,19780516,22811 ,인천광역시 서구 장고개로 336-1 (가좌동.가정초등학교),032-628-4675,032-578-2243,http://gje.icees.kr,664,1,40,28337,28297,40,0,0,1,1,0,29600000,22000000,7600000,16.6,42.7
2025,인천,서구,서부,초등학교,,초등학교,인천가좌초등학교,234021124,본교,공립,기존(원)교,특별/광역시,19860930,22815 ,인천광역시 서구 장고개로309번길 5 (가좌동. 가좌초등학교),032-576-7094,032-576-7090,http://gj.icees.kr/,384,1,70,17160,16846,314,0,0,1,1,0,14860000,11000000,3860000,5.5,44.7
2025,인천,서구,서부,초등학교,,초등학교,인천경명초등학교,234021147,본교,공립,기존(원)교,특별/광역시,20120301,22750 ,인천광역시 서구 크리스탈로 130 (경서동. 인천경명초등학교),032-590-9300,032-590-9499,http://igm.icees.kr,891,1,120,26483,26199,284,0,0,0,0,0,22882000,16662000,6220000,7.4,29.7
2025,인천,서구,서부,초등학교,,초등학교,인천건지초등학교,234021148,본교,공립,기존(원)교,특별/광역시,19900901,22816 ,인천광역시 서구 건지로318번길 39 (가좌동. 건지초등학교),032-628-5812,032-628-5854,http://geonji.icees.kr,209,1,45,24600,24285,315,0,0,0,0,0,9500000,8000000,1500000,4.6,117.7
2025,인천,서구,서부,초등학교,,초등학교,인천검단초등학교,234021152,본교,공립,기존(원)교,특별/광역시,19320629,22601 ,인천광역시 서구 마전로115번길 24 (마전동. 검단초등학교),032-563-5988,032-563-7572,http://gumdan.icees.kr/,680,1,36,24370,24258,112,0,0,0,0,0,22350000,19000000,3350000,18.9,35.8
2025,인천,서구,서부,초등학교,,초등학교,인천공촌초등학교,234021154,본교,공립,기존(원)교,특별/광역시,20110901,22709 ,인천광역시 서구 심곡로188번길 21 (공촌동),032-569-8837,032-569-8839,http://gongchon.icees.kr/main.do,205,1,30,17841,17615,226,0,0,0,0,0,14160000,9000000,5160000,6.8,87
2025,인천,서구,서부,초등학교,,초등학교,인천금곡초등학교,234021167,본교,공립,기존(원)교,특별/광역시,19990301,22613 ,인천광역시 서구 완정로228번길 19 (금곡동. 금곡초등학교),032-566-2653,032-628-6784,http://gg.icees.kr/,269,1,35,13616,13598,18,0,0,1,1,0,12400000,9400000,3000000,7.7,50.6
2025,인천,서구,서부,초등학교,,초등학교,인천당하초등학교,234021170,본교,공립,기존(원)교,특별/광역시,19990901,22678 ,인천광역시 서구 청마로 144 (당하동. 당하초등학교),032-567-6891,032-567-6895,http://dangha.icees.kr/main.do,699,1,43,24286,24245,41,0,0,0,0,0,16900000,14000000,2900000,16.3,34.7
2025,인천,서구,서부,초등학교,,초등학교,인천마전초등학교,234021202,본교,공립,기존(원)교,특별/광역시,20020901,22640 ,인천광역시 서구 완정로34번길 23 (마전동. 마전초등학교),032-567-0613,032-564-7406,http://www.mj.icees.kr,633,1,25,25814,25337,477,0,0,1,1,0,15600000,12700000,2900000,25.3,40.8
2025,인천,서구,서부,초등학교,,초등학교,인천목향초등학교,234021205,본교,공립,기존(원)교,특별/광역시,20030301,22628 ,인천광역시 서구 고산후로 377 (불로동. 목향초등학교),032-568-2207,032-568-2209,http://www.mokhyang.icees.kr,484,1,44,23830,23314,516,0,0,1,1,0,14800000,12000000,2800000,11,49.2
2025,인천,서구,서부,초등학교,,초등학교,인천백석초등학교,234021212,본교,공립,기존(원)교,특별/광역시,19710301,22675 ,인천광역시 서구 청마로 55 (당하동),032-590-7890,032-590-7800,http://www.ibs.icees.kr,806,1,102,19913,19857,56,0,0,0,0,0,21000000,20000000,1000000,7.9,24.7
2025,인천,서구,서부,초등학교,,초등학교,인천봉수초등학교,234021220,본교,공립,기존(원)교,특별/광역시,19880901,22715 ,인천광역시 서구 봉오대로267번길 11-4 (가정동. 봉수초등학교),032-628-5512,032-567-0285,http://www.bongsoo.icees.kr,1216,1,50,15672,15523,149,1,1,0,0,0,26500000,20000000,6500000,24.3,12.9
2025,인천,서구,서부,초등학교,,초등학교,인천청라초등학교,234021300,본교,공립,기존(원)교,특별/광역시,20100901,22735 ,인천광역시 서구 청라에메랄드로 139 인천청라초등학교,032-569-5910,032-569-5916,http://cheongna.icees.kr,1281,1,61,32883,32787,96,0,0,1,1,0,30900000,20280000,10620000,21,25.7
2025,인천,서구,서부,초등학교,,초등학교,인천초은초등학교,234021301,본교,공립,기존(원)교,특별/광역시,20110301,22740 ,인천광역시 서구 청라에메랄드로 33 (청라동. 인천초은초등학교),032-569-3124,032-569-3122,http://choeun.icees.kr/,836,1,62,28811,28730,81,0,0,1,1,0,20764000,18000000,2764000,13.5,34.5
2025,인천,서구,서부,초등학교,,초등학교,인천불로초등학교,234021302,본교,공립,기존(원)교,특별/광역시,19990301,22631 ,인천광역시 서구 검단로744번1길 50 불로초등학교 (불로동. 불로초등학교),032-628-6720,032-628-6725,http://bullo.icees.kr,658,1,30,14704,14550,154,1,1,0,0,0,22700000,18000000,4700000,21.9,22.3
2025,인천,서구,서부,초등학교,,초등학교,인천이음초등학교,234021341,본교,공립,기존(원)교,특별/광역시,20220901,22861 ,인천광역시 서구 이음1로 447 (원당동. 인천이음초등학교),032-870-8400,032-569-3974,http://ieum.icees.kr,1934,1,100,9247,9247,0,1,1,0,0,0,25655000,22655000,3000000,19.3,4.8
2025,인천,서구,서부,초등학교,,초등학교,인천서곶초등학교,234021364,본교,공립,기존(원)교,특별/광역시,19300330,22723 ,인천광역시 서구 대평로56번길 9 (연희동. 서곶초등학교),032-561-2015,032-628-4548,http://sg.icees.kr,426,1,119,24119,24035,84,0,0,0,0,0,15520000,10000000,5520000,3.6,56.6
2025,인천,서구,서부,초등학교,,초등학교,인천석남초등학교,234021388,본교,공립,기존(원)교,특별/광역시,19460924,22801 ,인천광역시 서구 서달로130번길 4 (석남동. 석남초등학교),032-628-4566,032-575-0913,http://suknam.icees.kr,454,1,24,25923,25122,801,0,0,0,0,0,12529000,11429000,1100000,18.9,57.1
2025,인천,서구,서부,초등학교,,초등학교,인천석남서초등학교,234021396,본교,공립,기존(원)교,특별/광역시,19841004,22795 ,인천광역시 서구 건지로249번길 6 (석남동. 석남서초등학교),032-571-0049,032-575-0917,http://isns.icees.kr,321,1,50,21535,21487,48,0,0,1,1,0,12600000,10000000,2600000,6.4,67.1
2025,인천,서구,서부,초등학교,,초등학교,인천신석초등학교,234021428,본교,공립,기존(원)교,특별/광역시,19870301,22787 ,인천광역시 서구 새오개로 9 (석남동. 신석초등학교),032-572-0185,032-575-0911,http://sinseok.icees.kr/,277,1,42,21542,21433,109,0,0,1,1,0,11610000,9000000,2610000,6.6,77.8
2025,인천,서구,서부,초등학교,,초등학교,인천신현초등학교,234021444,본교,공립,기존(원)교,특별/광역시,19820301,22782 ,인천광역시 서구 율도로77번길 1 (신현동. 신현초등학교),032-575-0962,032-575-0964,http://shinhyun.icees.kr/,249,1,24,23408,23219,189,1,1,0,0,0,8190000,7342000,848000,10.4,94
2025,인천,서구,서부,초등학교,,초등학교,인천신현북초등학교,234021452,본교,공립,기존(원)교,특별/광역시,19860301,22779 ,인천광역시 서구 원창로 147 . 신현북초등학교 (신현동),032-572-0174,032-575-0967,http://shinhyunb.icees.kr,360,1,40,14996,14585,411,1,1,0,0,0,13250000,10000000,3250000,9,41.7
2025,인천,서구,서부,초등학교,,초등학교,인천심곡초등학교,234021456,본교,공립,기존(원)교,특별/광역시,19980301,22711 ,인천광역시 서구 심곡로 114 (심곡동. 심곡초등학교),032-562-8620,032-566-0275,http://simgok.icees.kr/,195,1,18,23296,23080,216,0,0,0,0,0,10200000,8000000,2200000,10.8,119.5
2025,인천,서구,서부,초등학교,,초등학교,인천양지초등학교,234021474,본교,공립,기존(원)교,특별/광역시,20020901,22729 ,인천광역시 서구 승학로197번길 11 (심곡동. 양지초등학교),032-628-7000,032-638-7002,http://iyj.icees.kr,243,1,53,16852,16352,500,0,0,0,0,0,9300000,8000000,1300000,4.6,69.3
2025,인천,서구,서부,초등학교,,초등학교,인천창신초등학교,234021496,본교,공립,기존(원)교,특별/광역시,19490901,22646 ,인천광역시 서구 고산후로161번길 6 . 인천창신초등학교 (원당동),032-568-0300,032-568-0421,http://cs.icees.kr,738,1,36,25573,24661,912,0,0,1,1,0,16030000,13000000,3030000,20.5,34.7
2025,인천,서구,서부,초등학교,,초등학교,인천천마초등학교,234021508,본교,공립,기존(원)교,특별/광역시,19890901,22805 ,인천광역시 서구 서달로 58-5 (석남동. 천마초등학교),032-571-7395,032-571-7292,http://iccm.icees.kr,144,1,21,20966,20776,190,0,0,0,0,0,8526000,7050000,1476000,6.9,145.6
2025,인천,서구,서부,초등학교,,초등학교,인천해원초등학교,234021555,본교,공립,기존(원)교,특별/광역시,20120301,22765 ,인천광역시 서구 청라사파이어로140번길 5 (청라동. 인천해원초등학교),032-560-2213,032-560-2219,http://haewon.icees.kr,1833,1,80,26232,25554,678,1,1,0,0,0,34700000,28000000,6700000,22.9,14.3
2025,인천,서구,서부,초등학교,,초등학교,인천경연초등학교,234021557,본교,공립,기존(원)교,특별/광역시,20200301,22753 ,인천광역시 서구 차오름로 64 (청라동),032-510-7200,032-569-7388,http://igy.icees.kr,1017,1,46,12329,12329,0,0,0,1,1,0,25000000,22000000,3000000,22.1,12.1
2025,인천,서구,서부,초등학교,,초등학교,인천간재울초등학교,234021558,본교,공립,기존(원)교,특별/광역시,20030901,22697 ,인천광역시 서구 승학로 433 (검암동. 인천간재울초등학교),032-568-9161,032-568-9164,http://gjw.icees.kr,996,1,31,19412,19304,108,1,1,0,0,0,23640000,18200000,5440000,32.1,19.5
2025,인천,서구,서부,초등학교,,초등학교,인천검암초등학교,234021559,본교,공립,기존(원)교,특별/광역시,20040301,22704 ,인천광역시 서구 승학로 599번길 45 (검암동. 검암초등학교),032-564-5337,032-564-5339,http://geomam.icees.kr,198,1,48,19073,19062,11,1,1,0,0,0,11000000,7600000,3400000,4.1,96.3
2025,인천,서구,서부,초등학교,,초등학교,인천발산초등학교,234021560,본교,공립,기존(원)교,특별/광역시,20041002,22683 ,인천광역시 서구 고산후로78번길 6 . 인천발산초등학교 (당하동),032-568-0171,032-568-0170,http://ibalsan.icees.kr,696,1,33,22645,22606,39,1,1,1,1,0,14700000,10700000,4000000,21.1,32.5
2025,인천,서구,서부,초등학교,,초등학교,인천봉화초등학교,234021561,본교,공립,기존(원)교,특별/광역시,20040901,22835 ,인천광역시 서구 건지로250번길 43 (가좌동. 봉화초등학교),032-572-9260,032-572-9263,http://ibh.icees.kr,298,1,40,18991,18885,106,0,0,1,1,0,11200000,10000000,1200000,7.5,63.7
2025,인천,서구,서부,초등학교,,초등학교,인천은지초등학교,234021562,본교,공립,기존(원)교,특별/광역시,20040901,22705 ,인천광역시 서구 승학로572번길 22 . 인천은지초등학교 (검암동),032-628-7688,032-628-7687,http://eunji.icees.kr/,331,1,27,20952,20895,57,1,1,0,0,0,10618000,8118000,2500000,12.3,63.3
2025,인천,서구,서부,초등학교,,초등학교,인천가림초등학교,234021565,본교,공립,기존(원)교,특별/광역시,20050301,22820 ,인천광역시 서구 장고개로293번길 29 (가좌동. 인천가림초등학교),032-571-6230,032-572-6280,http://igarim.icees.kr/,198,1,65,21516,21277,239,0,0,1,1,0,5070000,3070000,2000000,3,108.7
2025,인천,서구,서부,초등학교,,초등학교,인천왕길초등학교,234021566,본교,공립,기존(원)교,특별/광역시,20050301,22615 ,인천광역시 서구 봉수대로1440번길 20 (왕길동.인천왕길초등학교),032-564-4825,032-564-4827,http://wanggil.icees.kr/main.do,490,1,24,28347,28122,225,0,0,1,1,0,14794000,12294000,2500000,20.4,57.9
2025,인천,서구,서부,초등학교,,초등학교,인천경서초등학교,234021601,본교,공립,기존(원)교,특별/광역시,20050502,22692 ,인천광역시 서구 경서로31번길 31 (경서동. 경서초등학교),032-569-0483,032-569-0487,http://kyeongseo.icees.kr,568,1,35,18807,18594,213,0,0,1,1,0,18860000,15600000,3260000,16.2,33.1
2025,인천,서구,서부,초등학교,,초등학교,인천원당초등학교,234021602,본교,공립,기존(원)교,특별/광역시,20050901,22681 ,인천광역시 서구 원당대로820번길 16 (당하동.원당초등학교),032-569-3084,032-565-7976,http://iwd.icees.kr,441,1,30,17325,17166,159,0,0,1,1,0,12360000,10360000,2000000,14.7,39.3
2025,인천,서구,서부,초등학교,,초등학교,인천능내초등학교,234021603,본교,공립,기존(원)교,특별/광역시,20070301,22633 ,인천광역시 서구 검단로540번길 23 (마전동. 능내초등학교),032-569-5165,032-569-5164,http://neungnae.icees.kr,545,1,57,27276,27276,0,1,0,0,0,0,17200000,13000000,4200000,9.6,50
2025,인천,서구,서부,초등학교,,초등학교,인천완정초등학교,234021606,본교,공립,기존(원)교,특별/광역시,20070901,22636 ,인천광역시 서구 완정로 99 (마전동),032-569-6984,032-569-6987,http://wj.icees.kr,434,1,52,19769,19555,214,0,0,1,1,0,11800000,9200000,2600000,8.3,45.6
2025,인천,서구,서부,초등학교,,초등학교,인천청일초등학교,234021607,본교,공립,기존(원)교,특별/광역시,20120901,22764 ,인천광역시 서구 크리스탈로 46 (청라동. 인천청일초등학교),032-569-5075,032-569-5072,http://cheongil.icees.kr,829,1,90,33562,31721,1841,0,0,1,1,0,20300000,15400000,4900000,9.2,40.5
2025,인천,서구,서부,초등학교,,초등학교,인천청람초등학교,234021608,본교,공립,기존(원)교,특별/광역시,20130301,22747 ,인천광역시 서구 청라커낼로 336 (청라동. 인천청람초등학교),032-569-6912,032-569-6918,http://cheongram.icees.kr,1166,1,39,23257,23201,56,0,0,1,1,0,29500000,20000000,9500000,29.9,19.9
2025,인천,서구,서부,초등학교,,초등학교,인천아람초등학교,234021675,본교,공립,기존(원)교,특별/광역시,20230302,22873 ,인천광역시 서구 이음1로 289 . 인천아람초등학교 (원당동 1094-2),032-500-9700,032-563-9602,http://aram.icees.kr,907,1,50,5420,5420,0,0,0,0,0,0,0,0,0,18.1,6
2025,인천,서구,서부,초등학교,,초등학교,인천한들초등학교,234021736,본교,공립,기존(원)교,특별/광역시,20230901,22687 ,인천광역시 서구 한중로 25 (백석동),032-440-0800,032-569-7973,http://handeul.icees.kr,766,1,50,8097,8097,0,1,1,0,0,0,18508000,13508000,5000000,15.3,10.6
2025,인천,서구,서부,초등학교,,초등학교,인천청호초등학교,234021811,본교,공립,기존(원)교,특별/광역시,20210301,22748 ,인천광역시 서구 청라한울로 44 . 인천청호초중학교(청라동),032-456-9100,032-569-4580,http://ich.icees.kr,433,1,36,8235,8228,7,0,0,0,0,0,19800000,15000000,4800000,12,19
2025,인천,서구,서부,초등학교,,초등학교,인천아라초등학교,234021887,본교,공립,기존(원)교,특별/광역시,20230901,22874 ,인천광역시 서구 서로2로 42 인천아라초등학교,032-440-0600,032-569-5841,http://ara.icees.kr,1154,1,55,5373,5373,0,0,0,0,0,0,21000000,10000000,11000000,21,4.7
2025,인천,강화군,강화,초등학교,,초등학교,갑룡초등학교,236021116,본교,공립,기존(원)교,도서벽지,19540401,23025 ,인천광역시 강화군 강화읍 갑룡길 88 (강화읍.갑룡초등학교),032-934-2248,032-934-1835,http://gabryong.icees.kr,485,1,36,13005,12902,103,1,1,0,0,0,16900000,10000000,6900000,13.5,26.8
2025,인천,강화군,강화,초등학교,,초등학교,강화초등학교,236021132,본교,공립,기존(원)교,도서벽지,18960401,23030 ,인천광역시 강화군 강화읍 북문길 36 (강화읍.강화초등학교),032-627-6079,032-627-6076,http://ganghwa.icees.kr,209,1,20,19059,18921,138,0,0,0,0,0,9600000,7600000,2000000,10.5,91.2
2025,인천,강화군,강화,초등학교,,초등학교,교동초등학교,236021164,본교,공립,기존(원)교,도서벽지,19120401,23002 ,인천광역시 강화군 교동면 대룡안길 29 . 교동초등학교 (교동면. 교동초등학교),032-932-4021,032-933-4012,http://kd.icees.kr/,18,1,18,7542,7537,5,0,0,1,0,1,12300000,10000000,2300000,1,419
2025,인천,강화군,강화,초등학교,,초등학교,길상초등학교,236021180,본교,공립,기존(원)교,면지역,19060710,23050 ,인천광역시 강화군 길상면 삼랑성길 22 . 길상초등학교 (길상면. 길상초등학교),032-937-0008,032-937-9687,http://gilsang.icees.kr,140,1,34,11999,11975,24,0,0,0,0,0,7200000,5400000,1800000,4.1,85.7
2025,인천,강화군,강화,초등학교,,초등학교,내가초등학교,236021212,본교,공립,기존(원)교,도서벽지,19321210,23018 ,인천광역시 강화군 내가면 강화서로 264 (내가면),032-932-5829,032-932-6892,http://naega.icees.kr/main.do,57,1,20,5679,5451,228,1,1,0,0,0,4000000,3700000,300000,2.9,99.6
2025,인천,강화군,강화,초등학교,,초등학교,대월초등학교,236021228,본교,공립,기존(원)교,도서벽지,19640326,23021 ,인천광역시 강화군 강화읍 대월로 216 (강화읍. 대월초등학교),032-933-2955,032-932-2954,http://i-daewol.icees.kr,107,1,50,10625,10609,16,0,0,0,0,0,6347000,5847000,500000,2.1,99.3
2025,인천,강화군,강화,초등학교,,초등학교,명신초등학교,236021260,본교,공립,기존(원)교,도서벽지,19440401,23016 ,인천광역시 강화군 하점면 강화서로560번길 22 . 명신초등학교 (하점면),032-932-6118,032-627-6652,http://ms.icees.kr,45,1,25,12845,12845,0,0,0,0,0,0,7700000,4800000,2900000,1.8,285.4
2025,인천,강화군,강화,초등학교,,초등학교,불은초등학교,236021292,본교,공립,기존(원)교,도서벽지,19341002,23046 ,인천광역시 강화군 불은면 불은남로544번길 9 (불은면. 불은초등학교),032-627-0222,032-627-0220,http://bulen.icees.kr/,51,1,20,9956,9940,16,0,0,0,0,0,6162000,5412000,750000,2.6,195.2
2025,인천,강화군,강화,초등학교,,초등학교,삼산초등학교,236021308,본교,공립,기존(원)교,도서벽지,19311029,23005 ,인천광역시 강화군 삼산면 삼산북로 451 . 삼산초등학교 (삼산면),032-932-3005,032-627-1098,http://samsan.icees.kr/main.do,14,1,30,8626,8578,48,0,0,0,0,0,6480000,6280000,200000,0.5,616.1
2025,인천,강화군,강화,초등학교,,초등학교,삼성초등학교,236021324,본교,공립,기존(원)교,도서벽지,19620420,23038 ,인천광역시 강화군 불은면 중앙로 609 (불은면. 삼성초등학교),032-937-8577,032-937-9845,http://samsung.icees.kr,23,1,15,7178,7135,43,0,0,1,1,0,4312000,3400000,912000,1.5,312.1
2025,인천,강화군,강화,초등학교,,초등학교,서도초등학교,236021340,본교,공립,기존(원)교,도서벽지,19351118,23008 ,인천광역시 강화군 서도면 주문도길 173 (서도면. 서도초.중.고등학교),032-627-0863,032-932-7034,http://sds.icehs.kr,3,1,30,16513,15867,646,0,0,0,0,0,4700000,4700000,0,0.1,5504.3
2025,인천,강화군,강화,초등학교,,초등학교,선원초등학교,236021372,본교,공립,기존(원)교,도서벽지,19230402,23044 ,인천광역시 강화군 선원면 강화동로 924 (선원면.선원초등학교),032-934-4082,032-933-9235,http://sunwon.icees.kr,233,1,24,14798,14727,71,0,0,0,0,0,10800000,9000000,1800000,9.7,63.5
2025,인천,강화군,강화,초등학교,,초등학교,송해초등학교,236021404,본교,공립,기존(원)교,도서벽지,19331006,23019 ,인천광역시 강화군 송해면 전망대로 93-12 (송해면. 송해초등학교),032-550-5900,032-934-9718,http://songhae.icees.kr,36,1,40,9887,9847,40,0,0,0,0,0,5641000,4781000,860000,0.9,274.6
2025,인천,강화군,강화,초등학교,,초등학교,양도초등학교,236021452,본교,공립,기존(원)교,면지역,19080401,23056 ,인천광역시 강화군 양도면 강화남로 1036 (양도면. 양도초등학교),032-937-2062,032-627-5207,http://yd21.icees.kr/,52,1,18,34191,7850,26341,0,0,1,0,1,5100000,4700000,400000,2.9,657.5
2025,인천,강화군,강화,초등학교,,초등학교,양사초등학교,236021468,본교,공립,기존(원)교,도서벽지,19301201,23012 ,인천광역시 강화군 양사면 덕하로 145 양사초등학교,032-932-5538,032-933-9276,http://ys.icees.kr/main.do,33,1,24,9766,9766,0,0,0,0,0,0,4600000,4000000,600000,1.4,295.9
2025,인천,강화군,강화,초등학교,,초등학교,조산초등학교,236021484,본교,공립,기존(원)교,면지역,19340401,23058 ,인천광역시 강화군 양도면 강화남로 510 (양도면. 조산초등학교),032-937-2068,032-937-9835,http://chosan.icees.kr/main.do,42,1,19,10420,10420,0,0,0,0,0,0,11031000,4546000,6485000,2.2,248.1
2025,인천,강화군,강화,초등학교,,초등학교,하점초등학교,236021516,본교,공립,기존(원)교,도서벽지,19220703,23015 ,인천광역시 강화군 하점면 강화대로 1190 (하점면.하점초등학교),032-933-5180,032-627-5000,http://hajeom.icees.kr,37,1,18,14067,14015,52,0,0,0,0,0,5410000,4610000,800000,2.1,380.2
2025,인천,강화군,강화,초등학교,,초등학교,합일초등학교,236021532,본교,공립,기존(원)교,도서벽지,19090531,23034 ,인천광역시 강화군 강화읍 합일길 3 (강화읍.합일초등학교),032-934-2029,032-934-9538,http://habil.icees.kr/,131,1,17,31429,11376,20053,1,1,0,0,0,8000000,7000000,1000000,7.7,239.9
2025,인천,강화군,강화,초등학교,,초등학교,해명초등학교,236021548,본교,공립,기존(원)교,도서벽지,19430401,23007 ,인천광역시 강화군 삼산면 삼산남로 345 . 해명초등학교 (삼산면. 해명초등학교),032-932-3278,032-932-8298,http://hamy.icees.kr,7,1,30,11501,11451,50,0,0,0,0,0,6909000,5449000,1460000,0.2,1643
2025,인천,강화군,강화,초등학교,,초등학교,화도초등학교,236021564,본교,공립,기존(원)교,면지역,19280705,23060 ,인천광역시 강화군 화도면 마니산로 717 (화도면),032-627-3986,032-627-4000,http://hwado.icees.kr,41,1,38,11391,11256,135,0,0,0,0,0,7310000,5100000,2210000,1.1,277.8
2025,인천,옹진군,남부,초등학교,,초등학교,덕적초등학교,231021021,본교,공립,기존(원)교,도서벽지,19330501,23130 ,인천광역시 옹진군 덕적면 덕적남로 15 (덕적면. 덕적초중고등학교),032-832-2748,032-832-9305,http://deokjeok.icehs.kr/,17,1,0,0,0,0,0,0,0,0,0,4990000,4350000,640000,0,0
2025,인천,옹진군,남부,초등학교,,초등학교,인천남부초등학교이작분교장,231021109,분교장,공립,기존(원)교,도서벽지,19990301,23128 ,인천광역시 옹진군 자월면 대이작로 60 (자월면. 인천남부초등학교이작분교),032-834-6431,032-834-6435,https://inambu.icees.kr/main.do,2,1,15,5870,5779,91,0,0,0,0,0,3000000,3000000,0,0.1,2935
2025,인천,옹진군,남부,초등학교,,초등학교,대청초등학교소청분교장,231021111,분교장,공립,폐(원)교,면지역,19530901,23106 ,인천광역시 옹진군 대청면 소청동로 69-13 (대청면. 대청초등학교소청분교),032-629-1991,032-629-1993,,0,0,0,0,0,0,0,,0,0,0,0,0,0,0,0
2025,인천,옹진군,남부,초등학교,,초등학교,인천삼목초등학교장봉분교장,231021169,분교장,공립,기존(원)교,도서벽지,19471002,23111 ,인천광역시 옹진군 북도면 장봉로 553 (북도면. 인천삼목초등학교장봉분교),032-746-8053,032-746-8054,http://sm.icees.kr,2,1,12,2885,2875,10,0,0,0,0,0,1000000,750000,250000,0.2,1442.5
2025,인천,옹진군,남부,초등학교,,초등학교,대청초등학교,231021184,본교,공립,기존(원)교,도서벽지,19320301,23105 ,인천광역시 옹진군 대청면 대청로244번길 110 (대청면. 대청초등학교),032-627-1353,032-627-1356,http://dce.icees.kr/main.do,16,1,18,7271,7271,0,0,0,0,0,0,5410000,5010000,400000,0.9,454.4
2025,인천,옹진군,남부,초등학교,,초등학교,백령초등학교,231021272,본교,공립,기존(원)교,도서벽지,19370401,23101 ,인천광역시 옹진군 백령면 백령로316번길 91 (백령면. 백령초등학교),032-836-0014,032-836-2447,http://br.icees.kr,41,1,28,15180,15000,180,0,0,0,0,0,6200000,4500000,1700000,1.5,370.2
2025,인천,옹진군,남부,초등학교,,초등학교,인천공항초등학교신도분교장,231021277,분교장,공립,기존(원)교,도서벽지,19461121,23115 ,인천광역시 옹진군 북도면 신도로896번길 18-31 (북도면.인천공항초등학교신도분교),032-752-4051,032-752-4010,http://gonghang-e.icees.kr/,9,1,9,7708,7708,0,0,0,1,0,1,3000000,3000000,0,1,856.4
2025,인천,옹진군,남부,초등학교,,초등학교,북포초등학교,231021280,본교,공립,기존(원)교,도서벽지,19560918,23103 ,인천광역시 옹진군 백령면 가을길 117 (백령면. 북포초등학교),032-836-0208,032-836-0209,http://bukpo.icees.kr,65,1,100,13128,12681,447,0,0,0,0,0,9800000,6000000,3800000,0.7,202
2025,인천,옹진군,남부,초등학교,,초등학교,인천용현남초등학교자월분교장,231021349,분교장,공립,기존(원)교,도서벽지,19461017,23125 ,인천광역시 옹진군 자월면 자월서로 177 (자월면. 용현남초등학교자월분교),032-831-7419,032-831-7420,http://yhn.icees.kr/,6,1,6,8168,8147,21,0,0,0,0,0,1750000,1550000,200000,1,1361.3
2025,인천,옹진군,남부,초등학교,,초등학교,연평초등학교,231021406,본교,공립,기존(원)교,도서벽지,19350501,23108 ,인천광역시 옹진군 연평면 연평로137번길 101 . 연평초등학교 (연평면),032-627-1819,032-831-2159,http://ypschool.icehs.kr,26,1,16,16073,15589,484,0,0,0,0,0,5200000,4000000,1200000,1.6,618.2
2025,인천,옹진군,남부,초등학교,,초등학교,영흥초등학교,231021416,본교,공립,기존(원)교,도서벽지,19340605,23119 ,인천광역시 옹진군 영흥면 영흥로 440-8 (영흥면. 영흥초등학교),032-886-0435,032-886-0437,http://youngheung-e.icees.kr,147,1,20,21197,21153,44,0,0,0,0,0,6500000,6300000,200000,7.4,144.2
2025,인천,옹진군,남부,초등학교,,초등학교,인천주안남초등학교승봉분교장,231021465,분교장,공립,휴(원)교,도서벽지,19270427,23127 ,인천광역시 옹진군 자월면 승봉로67번길 43-18 (자월면. 인천주안남초등학교승봉분교),032-629-1240,032-831-7424,http://juannam.icees.kr/,0,0,0,0,0,0,0,,0,0,0,0,0,0,0,0
