학교ID,학교명,current_students_2025,forecast_2029,forecast_2031,predicted_2029,predicted_2031,selected_model,model_version,validation_scheme
B000003024,인천갈월초등학교,474,318,249,318,249,weighted_trend_lightgbm,origin_safe_residual_v2,origin_safe_heldout_target
B000003057,인천청량초등학교,450,229,127,229,127,weighted_trend_lightgbm,origin_safe_residual_v2,origin_safe_heldout_target
B000025246,인천미송초등학교,1554,1396,1323,1396,1323,weighted_trend_lightgbm,origin_safe_residual_v2,origin_safe_heldout_target
B000026469,인천한별초등학교,1599,1464,1416,1464,1416,weighted_trend_lightgbm,origin_safe_residual_v2,origin_safe_heldout_target
B000026466,인천아라초등학교,1154,1295,1368,1295,1368,weighted_trend_lightgbm,origin_safe_residual_v2,origin_safe_heldout_target
B000003178,갑룡초등학교,485,411,370,411,370,weighted_trend_lightgbm,origin_safe_residual_v2,origin_safe_heldout_target
B000003098,인천논곡초등학교,551,372,281,372,281,weighted_trend_lightgbm,origin_safe_residual_v2,origin_safe_heldout_target
B000002959,인천영종초등학교,1251,1091,1025,1091,1025,weighted_trend_lightgbm,origin_safe_residual_v2,origin_safe_heldout_target
B000025228,인천예송초등학교,1185,1397,1245,1397,1245,weighted_trend_lightgbm,origin_safe_residual_v2,origin_safe_heldout_target
B000003150,인천건지초등학교,209,111,67,111,67,weighted_trend_lightgbm,origin_safe_residual_v2,origin_safe_heldout_target
B000025202,인천장아초등학교,896,836,780,836,780,weighted_trend_lightgbm,origin_safe_residual_v2,origin_safe_heldout_target
B000003013,인천영선초등학교,612,434,353,434,353,weighted_trend_lightgbm,origin_safe_residual_v2,origin_safe_heldout_target
B000003127,인천부현동초등학교,430,221,117,221,117,weighted_trend_lightgbm,origin_safe_residual_v2,origin_safe_heldout_target
B000003012,인천후정초등학교,297,150,81,150,81,weighted_trend_lightgbm,origin_safe_residual_v2,origin_safe_heldout_target
B000003007,인천부곡초등학교,912,591,404,591,404,weighted_trend_lightgbm,origin_safe_residual_v2,origin_safe_heldout_target
B000027505,인천중산초등학교,1582,1332,1196,1332,1196,weighted_trend_lightgbm,origin_safe_residual_v2,origin_safe_heldout_target
B000024924,인천하늘초등학교,1305,1354,1426,1354,1426,weighted_trend_lightgbm,origin_safe_residual_v2,origin_safe_heldout_target
B000003137,인천간재울초등학교,996,724,545,724,545,weighted_trend_lightgbm,origin_safe_residual_v2,origin_safe_heldout_target
B000003148,인천가림초등학교,198,91,40,91,40,weighted_trend_lightgbm,origin_safe_residual_v2,origin_safe_heldout_target
B000003189,해명초등학교,7,2,1,2,1,weighted_trend_lightgbm,origin_safe_residual_v2,origin_safe_heldout_target
B000003113,인천화전초등학교,688,527,444,527,444,weighted_trend_lightgbm,origin_safe_residual_v2,origin_safe_heldout_target
B000003131,인천효성서초등학교,341,194,117,194,117,weighted_trend_lightgbm,origin_safe_residual_v2,origin_safe_heldout_target
B000026155,인천한들초등학교,766,973,985,973,985,weighted_trend_lightgbm,origin_safe_residual_v2,origin_safe_heldout_target
B000025248,인천은송초등학교,1502,1556,1513,1556,1513,weighted_trend_lightgbm,origin_safe_residual_v2,origin_safe_heldout_target
B000003095,인천구월초등학교,299,149,80,149,80,weighted_trend_lightgbm,origin_safe_residual_v2,origin_safe_heldout_target
B000003140,인천초은초등학교,836,682,600,682,600,weighted_trend_lightgbm,origin_safe_residual_v2,origin_safe_heldout_target
B000025189,인천송명초등학교,1173,918,785,918,785,weighted_trend_lightgbm,origin_safe_residual_v2,origin_safe_heldout_target
B000025677,인천주안초등학교,869,935,953,935,953,weighted_trend_lightgbm,origin_safe_residual_v2,origin_safe_heldout_target
B000003164,인천가정초등학교,664,562,504,562,504,weighted_trend_lightgbm,origin_safe_residual_v2,origin_safe_heldout_target
B000003187,양사초등학교,33,14,7,14,7,weighted_trend_lightgbm,origin_safe_residual_v2,origin_safe_heldout_target
B000003133,인천해원초등학교,1833,1427,1190,1427,1190,weighted_trend_lightgbm,origin_safe_residual_v2,origin_safe_heldout_target
B000002968,인천서림초등학교,488,343,292,343,292,weighted_trend_lightgbm,origin_safe_residual_v2,origin_safe_heldout_target
B000026333,인천가원초등학교,1558,1383,1281,1383,1281,weighted_trend_lightgbm,origin_safe_residual_v2,origin_safe_heldout_target
B000003175,조산초등학교,42,29,24,29,24,weighted_trend_lightgbm,origin_safe_residual_v2,origin_safe_heldout_target
B000003074,인천간석초등학교,510,472,454,472,454,weighted_trend_lightgbm,origin_safe_residual_v2,origin_safe_heldout_target
B000002993,연평초등학교,26,5,2,5,2,weighted_trend_lightgbm,origin_safe_residual_v2,origin_safe_heldout_target
B000025236,인천첨단초등학교,1582,1225,1079,1225,1079,weighted_trend_lightgbm,origin_safe_residual_v2,origin_safe_heldout_target
B000026470,인천이음초등학교,1934,1621,1413,1621,1413,weighted_trend_lightgbm,origin_safe_residual_v2,origin_safe_heldout_target
B000003124,인천안산초등학교,265,133,80,133,80,weighted_trend_lightgbm,origin_safe_residual_v2,origin_safe_heldout_target
B000003185,하점초등학교,37,25,19,25,19,weighted_trend_lightgbm,origin_safe_residual_v2,origin_safe_heldout_target
B000003065,인천신정초등학교,1519,1395,1329,1395,1329,weighted_trend_lightgbm,origin_safe_residual_v2,origin_safe_heldout_target
B000002962,인천영종초등학교금산분교장,47,27,14,27,14,weighted_trend_lightgbm,origin_safe_residual_v2,origin_safe_heldout_target
B000003158,인천원당초등학교,441,201,131,201,131,weighted_trend_lightgbm,origin_safe_residual_v2,origin_safe_heldout_target
B000025512,인천용학초등학교,1192,1021,962,1021,962,weighted_trend_lightgbm,origin_safe_residual_v2,origin_safe_heldout_target
B000003087,인천원동초등학교,850,358,157,358,157,weighted_trend_lightgbm,origin_safe_residual_v2,origin_safe_heldout_target
B000025222,인천현송초등학교,801,1058,1055,1058,1055,weighted_trend_lightgbm,origin_safe_residual_v2,origin_safe_heldout_target
B000003016,인천부일초등학교,276,194,146,194,146,weighted_trend_lightgbm,origin_safe_residual_v2,origin_safe_heldout_target
B000003170,인천서곶초등학교,426,264,182,264,182,weighted_trend_lightgbm,origin_safe_residual_v2,origin_safe_heldout_target
B000026504,인천송담초등학교,913,910,893,910,893,weighted_trend_lightgbm,origin_safe_residual_v2,origin_safe_heldout_target
B000003176,화도초등학교,41,10,4,10,4,weighted_trend_lightgbm,origin_safe_residual_v2,origin_safe_heldout_target
B000003139,인천청라초등학교,1281,1060,952,1060,952,weighted_trend_lightgbm,origin_safe_residual_v2,origin_safe_heldout_target
B000025210,인천연송초등학교,1116,1072,1220,1072,1220,weighted_trend_lightgbm,origin_safe_residual_v2,origin_safe_heldout_target
B000003179,강화초등학교,209,92,41,92,41,weighted_trend_lightgbm,origin_safe_residual_v2,origin_safe_heldout_target
B000003101,인천인동초등학교,771,502,337,502,337,weighted_trend_lightgbm,origin_safe_residual_v2,origin_safe_heldout_target
B000002982,인천석암초등학교,902,920,880,920,880,weighted_trend_lightgbm,origin_safe_residual_v2,origin_safe_heldout_target
B000002956,인천운남초등학교,458,356,366,356,366,weighted_trend_lightgbm,origin_safe_residual_v2,origin_safe_heldout_target
B000003153,인천완정초등학교,434,291,217,291,217,weighted_trend_lightgbm,origin_safe_residual_v2,origin_safe_heldout_target
B000003160,인천창신초등학교,738,407,325,407,325,weighted_trend_lightgbm,origin_safe_residual_v2,origin_safe_heldout_target
B000026332,인천백석초등학교,806,605,511,605,511,weighted_trend_lightgbm,origin_safe_residual_v2,origin_safe_heldout_target
B000003186,명신초등학교,45,40,37,40,37,weighted_trend_lightgbm,origin_safe_residual_v2,origin_safe_heldout_target
B000003122,인천계양초등학교,307,156,93,156,93,weighted_trend_lightgbm,origin_safe_residual_v2,origin_safe_heldout_target
B000003194,서도초등학교,3,1,0,1,0,weighted_trend_lightgbm,origin_safe_residual_v2,origin_safe_heldout_target
B000003112,인천성지초등학교,291,175,121,175,121,weighted_trend_lightgbm,origin_safe_residual_v2,origin_safe_heldout_target
B000003120,인천당산초등학교,721,252,107,252,107,weighted_trend_lightgbm,origin_safe_residual_v2,origin_safe_heldout_target
B000002967,인천서흥초등학교,329,188,139,188,139,weighted_trend_lightgbm,origin_safe_residual_v2,origin_safe_heldout_target
B000003192,교동초등학교,18,5,2,5,2,weighted_trend_lightgbm,origin_safe_residual_v2,origin_safe_heldout_target
B000003134,인천경명초등학교,891,515,340,515,340,weighted_trend_lightgbm,origin_safe_residual_v2,origin_safe_heldout_target
B000003184,삼성초등학교,23,5,2,5,2,weighted_trend_lightgbm,origin_safe_residual_v2,origin_safe_heldout_target
B000022839,인천청일초등학교,829,632,547,632,547,weighted_trend_lightgbm,origin_safe_residual_v2,origin_safe_heldout_target
B000026471,인천신검단초등학교,,,,,,insufficient_history,origin_safe_residual_v2,origin_safe_heldout_target
B000003141,인천양지초등학교,243,176,136,176,136,weighted_trend_lightgbm,origin_safe_residual_v2,origin_safe_heldout_target
B000003190,삼산초등학교,14,7,5,7,5,weighted_trend_lightgbm,origin_safe_residual_v2,origin_safe_heldout_target
B000026467,인천해든초등학교,1668,1376,1396,1376,1396,weighted_trend_lightgbm,origin_safe_residual_v2,origin_safe_heldout_target
B000003083,인천도림초등학교,320,180,105,180,105,weighted_trend_lightgbm,origin_safe_residual_v2,origin_safe_heldout_target
B000003177,대월초등학교,107,96,89,96,89,weighted_trend_lightgbm,origin_safe_residual_v2,origin_safe_heldout_target
B000002997,북포초등학교,65,27,12,27,12,weighted_trend_lightgbm,origin_safe_residual_v2,origin_safe_heldout_target
B000003094,인천신월초등학교,223,79,35,79,35,weighted_trend_lightgbm,origin_safe_residual_v2,origin_safe_heldout_target
B000003171,인천검암초등학교,198,102,57,102,57,weighted_trend_lightgbm,origin_safe_residual_v2,origin_safe_heldout_target
B000022834,인천청람초등학교,1166,927,805,927,805,weighted_trend_lightgbm,origin_safe_residual_v2,origin_safe_heldout_target
B000003169,인천신현초등학교,249,110,53,110,53,weighted_trend_lightgbm,origin_safe_residual_v2,origin_safe_heldout_target
B000003085,인천장도초등학교,267,163,108,163,108,weighted_trend_lightgbm,origin_safe_residual_v2,origin_safe_heldout_target
B000003161,인천금곡초등학교,269,208,176,208,176,weighted_trend_lightgbm,origin_safe_residual_v2,origin_safe_heldout_target
B000025256,인천송원초등학교,753,588,568,588,568,weighted_trend_lightgbm,origin_safe_residual_v2,origin_safe_heldout_target
B000003004,인천남부초등학교이작분교장,2,66,32,66,32,weighted_trend_lightgbm,origin_safe_residual_v2,origin_safe_heldout_target
B000003183,불은초등학교,51,27,14,27,14,weighted_trend_lightgbm,origin_safe_residual_v2,origin_safe_heldout_target
B000003082,인천만수초등학교,200,167,138,167,138,weighted_trend_lightgbm,origin_safe_residual_v2,origin_safe_heldout_target
B000002980,인천관교초등학교,431,265,184,265,184,weighted_trend_lightgbm,origin_safe_residual_v2,origin_safe_heldout_target
B000003110,인천해서초등학교,141,41,17,41,17,weighted_trend_lightgbm,origin_safe_residual_v2,origin_safe_heldout_target
B000025196,인천장서초등학교,1358,1323,1256,1323,1256,weighted_trend_lightgbm,origin_safe_residual_v2,origin_safe_heldout_target
B000003045,인천한길초등학교,447,260,167,260,167,weighted_trend_lightgbm,origin_safe_residual_v2,origin_safe_heldout_target
B000003167,인천석남서초등학교,321,172,102,172,102,weighted_trend_lightgbm,origin_safe_residual_v2,origin_safe_heldout_target
B000003173,길상초등학교,140,79,41,79,41,weighted_trend_lightgbm,origin_safe_residual_v2,origin_safe_heldout_target
B000025206,인천새봄초등학교,492,500,487,500,487,weighted_trend_lightgbm,origin_safe_residual_v2,origin_safe_heldout_target
B000003033,인천부마초등학교,654,511,442,511,442,weighted_trend_lightgbm,origin_safe_residual_v2,origin_safe_heldout_target
B000003182,선원초등학교,233,199,185,199,185,weighted_trend_lightgbm,origin_safe_residual_v2,origin_safe_heldout_target
B000003009,인천대정초등학교,471,234,119,234,119,weighted_trend_lightgbm,origin_safe_residual_v2,origin_safe_heldout_target
B000003000,인천삼목초등학교장봉분교장,2,0,0,0,0,weighted_trend_lightgbm,origin_safe_residual_v2,origin_safe_heldout_target
B000003119,인천소양초등학교,346,239,196,239,196,weighted_trend_lightgbm,origin_safe_residual_v2,origin_safe_heldout_target
B000003111,인천안남초등학교,288,113,50,113,50,weighted_trend_lightgbm,origin_safe_residual_v2,origin_safe_heldout_target
B000002995,영흥초등학교,147,83,43,83,43,weighted_trend_lightgbm,origin_safe_residual_v2,origin_safe_heldout_target
B000003064,인천옥련초등학교,747,582,493,582,493,weighted_trend_lightgbm,origin_safe_residual_v2,origin_safe_heldout_target
B000003063,인천문남초등학교,503,399,348,399,348,weighted_trend_lightgbm,origin_safe_residual_v2,origin_safe_heldout_target
B000003059,인천동춘초등학교,660,512,465,512,465,weighted_trend_lightgbm,origin_safe_residual_v2,origin_safe_heldout_target
B000003068,인천먼우금초등학교,760,603,533,603,533,weighted_trend_lightgbm,origin_safe_residual_v2,origin_safe_heldout_target
B000003023,인천부평북초등학교,282,205,162,205,162,weighted_trend_lightgbm,origin_safe_residual_v2,origin_safe_heldout_target
B000003097,인천논현초등학교,591,413,335,413,335,weighted_trend_lightgbm,origin_safe_residual_v2,origin_safe_heldout_target
B000003066,인천해송초등학교,555,337,231,337,231,weighted_trend_lightgbm,origin_safe_residual_v2,origin_safe_heldout_target
B000003132,인천계양초등학교상야분교장,6,2,1,2,1,weighted_trend_lightgbm,origin_safe_residual_v2,origin_safe_heldout_target
B000003128,인천작전초등학교,311,166,97,166,97,weighted_trend_lightgbm,origin_safe_residual_v2,origin_safe_heldout_target
B000003159,인천발산초등학교,696,372,302,372,302,weighted_trend_lightgbm,origin_safe_residual_v2,origin_safe_heldout_target
B000003138,인천경서초등학교,568,441,384,441,384,weighted_trend_lightgbm,origin_safe_residual_v2,origin_safe_heldout_target
B000003079,인천만수북초등학교,607,337,151,337,151,weighted_trend_lightgbm,origin_safe_residual_v2,origin_safe_heldout_target
B000003157,인천단봉초등학교,734,580,516,580,516,weighted_trend_lightgbm,origin_safe_residual_v2,origin_safe_heldout_target
B000003067,인천신송초등학교,472,306,229,306,229,weighted_trend_lightgbm,origin_safe_residual_v2,origin_safe_heldout_target
B000003041,인천용마초등학교,495,468,436,468,436,weighted_trend_lightgbm,origin_safe_residual_v2,origin_safe_heldout_target
B000003048,인천명선초등학교,965,762,672,762,672,weighted_trend_lightgbm,origin_safe_residual_v2,origin_safe_heldout_target
B000003109,인천효성초등학교,272,163,110,163,110,weighted_trend_lightgbm,origin_safe_residual_v2,origin_safe_heldout_target
B000002975,인천용현남초등학교,1149,978,945,978,945,weighted_trend_lightgbm,origin_safe_residual_v2,origin_safe_heldout_target
B000003114,인천서운초등학교,510,544,503,544,503,weighted_trend_lightgbm,origin_safe_residual_v2,origin_safe_heldout_target
B000003054,인천연화초등학교,608,507,454,507,454,weighted_trend_lightgbm,origin_safe_residual_v2,origin_safe_heldout_target
B000002955,인천연안초등학교,104,31,13,31,13,weighted_trend_lightgbm,origin_safe_residual_v2,origin_safe_heldout_target
B000002965,인천창영초등학교,244,304,290,304,290,weighted_trend_lightgbm,origin_safe_residual_v2,origin_safe_heldout_target
B000003027,인천부원초등학교,602,432,357,432,357,weighted_trend_lightgbm,origin_safe_residual_v2,origin_safe_heldout_target
B000003099,인천새말초등학교,358,211,162,211,162,weighted_trend_lightgbm,origin_safe_residual_v2,origin_safe_heldout_target
B000002960,인성초등학교,499,496,491,496,491,weighted_trend_lightgbm,origin_safe_residual_v2,origin_safe_heldout_target
B000003044,인천삼산초등학교,502,405,355,405,355,weighted_trend_lightgbm,origin_safe_residual_v2,origin_safe_heldout_target
B000003015,인천구산초등학교,285,130,61,130,61,weighted_trend_lightgbm,origin_safe_residual_v2,origin_safe_heldout_target
B000002950,인천신광초등학교,699,637,605,637,605,weighted_trend_lightgbm,origin_safe_residual_v2,origin_safe_heldout_target
B000002976,인천학산초등학교,835,681,611,681,611,weighted_trend_lightgbm,origin_safe_residual_v2,origin_safe_heldout_target
B000003092,인천송천초등학교,320,177,108,177,108,weighted_trend_lightgbm,origin_safe_residual_v2,origin_safe_heldout_target
B000002986,인천대화초등학교,366,196,128,196,128,weighted_trend_lightgbm,origin_safe_residual_v2,origin_safe_heldout_target
B000002992,인천연학초등학교,371,507,519,507,519,weighted_trend_lightgbm,origin_safe_residual_v2,origin_safe_heldout_target
B000003123,인천계산초등학교,162,95,59,95,59,weighted_trend_lightgbm,origin_safe_residual_v2,origin_safe_heldout_target
B000002987,인천주안북초등학교,362,281,248,281,248,weighted_trend_lightgbm,origin_safe_residual_v2,origin_safe_heldout_target
B000003144,인천석남초등학교,454,294,222,294,222,weighted_trend_lightgbm,origin_safe_residual_v2,origin_safe_heldout_target
B000003168,인천가현초등학교,2044,2201,2172,2201,2172,weighted_trend_lightgbm,origin_safe_residual_v2,origin_safe_heldout_target
B000003142,인천심곡초등학교,195,87,39,87,39,weighted_trend_lightgbm,origin_safe_residual_v2,origin_safe_heldout_target
B000002996,덕적초등학교,17,4,2,4,2,weighted_trend_lightgbm,origin_safe_residual_v2,origin_safe_heldout_target
B000003025,인천부개초등학교,195,101,50,101,50,weighted_trend_lightgbm,origin_safe_residual_v2,origin_safe_heldout_target
B000003103,인천담방초등학교,369,202,130,202,130,weighted_trend_lightgbm,origin_safe_residual_v2,origin_safe_heldout_target
B000003088,인천사리울초등학교,519,425,370,425,370,weighted_trend_lightgbm,origin_safe_residual_v2,origin_safe_heldout_target
B000002957,인천공항초등학교,415,271,207,271,207,weighted_trend_lightgbm,origin_safe_residual_v2,origin_safe_heldout_target
B000003075,인천구월서초등학교,924,891,882,891,882,weighted_trend_lightgbm,origin_safe_residual_v2,origin_safe_heldout_target
B000002964,인천송현초등학교,347,115,48,115,48,weighted_trend_lightgbm,origin_safe_residual_v2,origin_safe_heldout_target
B000003051,인천능허대초등학교,701,514,430,514,430,weighted_trend_lightgbm,origin_safe_residual_v2,origin_safe_heldout_target
B000003035,인천산곡남초등학교,417,259,199,259,199,weighted_trend_lightgbm,origin_safe_residual_v2,origin_safe_heldout_target
B000003152,인천검단초등학교,680,531,468,531,468,weighted_trend_lightgbm,origin_safe_residual_v2,origin_safe_heldout_target
B000003107,인천효성동초등학교,454,436,560,436,560,weighted_trend_lightgbm,origin_safe_residual_v2,origin_safe_heldout_target
B000003166,인천마전초등학교,633,412,312,412,312,weighted_trend_lightgbm,origin_safe_residual_v2,origin_safe_heldout_target
B000003105,인천서창초등학교,735,361,175,361,175,weighted_trend_lightgbm,origin_safe_residual_v2,origin_safe_heldout_target
B000002979,인천문학초등학교,551,378,297,378,297,weighted_trend_lightgbm,origin_safe_residual_v2,origin_safe_heldout_target
B000003030,인천부평남초등학교,768,620,556,620,556,weighted_trend_lightgbm,origin_safe_residual_v2,origin_safe_heldout_target
B000003005,인천용현남초등학교자월분교장,6,1,0,1,0,weighted_trend_lightgbm,origin_safe_residual_v2,origin_safe_heldout_target
B000003019,인천부광초등학교,350,268,224,268,224,weighted_trend_lightgbm,origin_safe_residual_v2,origin_safe_heldout_target
B000003040,인천동암초등학교,295,211,171,211,171,weighted_trend_lightgbm,origin_safe_residual_v2,origin_safe_heldout_target
B000002984,인천승학초등학교,341,195,142,195,142,weighted_trend_lightgbm,origin_safe_residual_v2,origin_safe_heldout_target
B000003017,인천부내초등학교,555,376,294,376,294,weighted_trend_lightgbm,origin_safe_residual_v2,origin_safe_heldout_target
B000002963,인천만석초등학교,263,116,53,116,53,weighted_trend_lightgbm,origin_safe_residual_v2,origin_safe_heldout_target
B000003143,인천신석초등학교,277,140,90,140,90,weighted_trend_lightgbm,origin_safe_residual_v2,origin_safe_heldout_target
B000003100,인천조동초등학교,387,223,145,223,145,weighted_trend_lightgbm,origin_safe_residual_v2,origin_safe_heldout_target
B000025756,인천청호초등학교,433,584,571,584,571,weighted_trend_lightgbm,origin_safe_residual_v2,origin_safe_heldout_target
B000022832,인천한빛초등학교,923,662,543,662,543,weighted_trend_lightgbm,origin_safe_residual_v2,origin_safe_heldout_target
B000003106,경인교육대학교부설초등학교,560,510,485,510,485,weighted_trend_lightgbm,origin_safe_residual_v2,origin_safe_heldout_target
B000003020,인천일신초등학교,278,167,107,167,107,weighted_trend_lightgbm,origin_safe_residual_v2,origin_safe_heldout_target
B000003046,인천굴포초등학교,749,529,429,529,429,weighted_trend_lightgbm,origin_safe_residual_v2,origin_safe_heldout_target
B000003042,인천마장초등학교,543,393,338,393,338,weighted_trend_lightgbm,origin_safe_residual_v2,origin_safe_heldout_target
B000002991,인천인주초등학교,418,217,115,217,115,weighted_trend_lightgbm,origin_safe_residual_v2,origin_safe_heldout_target
B000003034,인천미산초등학교,219,123,73,123,73,weighted_trend_lightgbm,origin_safe_residual_v2,origin_safe_heldout_target
B000003102,인천장수초등학교,103,23,10,23,10,weighted_trend_lightgbm,origin_safe_residual_v2,origin_safe_heldout_target
B000002989,인천주안남초등학교,426,282,201,282,201,weighted_trend_lightgbm,origin_safe_residual_v2,origin_safe_heldout_target
B000003077,상인천초등학교,395,239,163,239,163,weighted_trend_lightgbm,origin_safe_residual_v2,origin_safe_heldout_target
B000003060,인천동막초등학교,384,235,181,235,181,weighted_trend_lightgbm,origin_safe_residual_v2,origin_safe_heldout_target
B000002969,인천동명초등학교,438,479,544,479,544,weighted_trend_lightgbm,origin_safe_residual_v2,origin_safe_heldout_target
B000002990,인천학익초등학교,369,227,172,227,172,weighted_trend_lightgbm,origin_safe_residual_v2,origin_safe_heldout_target
B000003104,인천남동초등학교,312,148,74,148,74,weighted_trend_lightgbm,origin_safe_residual_v2,origin_safe_heldout_target
B000003047,한일초등학교,317,339,342,339,342,weighted_trend_lightgbm,origin_safe_residual_v2,origin_safe_heldout_target
B000003091,인천주원초등학교,242,228,215,228,215,weighted_trend_lightgbm,origin_safe_residual_v2,origin_safe_heldout_target
B000003032,인천산곡초등학교,427,591,552,591,552,weighted_trend_lightgbm,origin_safe_residual_v2,origin_safe_heldout_target
B000003076,인천상아초등학교,630,417,303,417,303,weighted_trend_lightgbm,origin_safe_residual_v2,origin_safe_heldout_target
B000003055,인천함박초등학교,454,366,315,366,315,weighted_trend_lightgbm,origin_safe_residual_v2,origin_safe_heldout_target
B000003052,인천선학초등학교,567,495,457,495,457,weighted_trend_lightgbm,origin_safe_residual_v2,origin_safe_heldout_target
B000002953,인천운서초등학교,789,669,565,669,565,weighted_trend_lightgbm,origin_safe_residual_v2,origin_safe_heldout_target
B000003069,인천박문초등학교,493,484,484,484,484,weighted_trend_lightgbm,origin_safe_residual_v2,origin_safe_heldout_target
B000003022,인천상정초등학교,288,320,280,320,280,weighted_trend_lightgbm,origin_safe_residual_v2,origin_safe_heldout_target
B000002973,인천용일초등학교,366,215,145,215,145,weighted_trend_lightgbm,origin_safe_residual_v2,origin_safe_heldout_target
B000003155,인천목향초등학교,484,308,230,308,230,weighted_trend_lightgbm,origin_safe_residual_v2,origin_safe_heldout_target
B000003089,인천고잔초등학교,826,679,576,679,576,weighted_trend_lightgbm,origin_safe_residual_v2,origin_safe_heldout_target
B000003096,인천소래초등학교,505,461,432,461,432,weighted_trend_lightgbm,origin_safe_residual_v2,origin_safe_heldout_target
B000002977,인천백학초등학교,297,187,159,187,159,weighted_trend_lightgbm,origin_safe_residual_v2,origin_safe_heldout_target
B000003056,인천청학초등학교,443,371,333,371,333,weighted_trend_lightgbm,origin_safe_residual_v2,origin_safe_heldout_target
B000003073,인천정각초등학교,950,574,391,574,391,weighted_trend_lightgbm,origin_safe_residual_v2,origin_safe_heldout_target
B000003130,인천명현초등학교,223,130,79,130,79,weighted_trend_lightgbm,origin_safe_residual_v2,origin_safe_heldout_target
B000002974,인천용현초등학교,1403,1358,1419,1358,1419,weighted_trend_lightgbm,origin_safe_residual_v2,origin_safe_heldout_target
B000003151,인천능내초등학교,545,358,280,358,280,weighted_trend_lightgbm,origin_safe_residual_v2,origin_safe_heldout_target
B000003058,인천연성초등학교,732,509,400,509,400,weighted_trend_lightgbm,origin_safe_residual_v2,origin_safe_heldout_target
B000003062,인천연수초등학교,271,173,125,173,125,weighted_trend_lightgbm,origin_safe_residual_v2,origin_safe_heldout_target
B000003080,인천동부초등학교,414,305,247,305,247,weighted_trend_lightgbm,origin_safe_residual_v2,origin_safe_heldout_target
B000003154,인천불로초등학교,658,515,448,515,448,weighted_trend_lightgbm,origin_safe_residual_v2,origin_safe_heldout_target
B000003181,송해초등학교,36,25,18,25,18,weighted_trend_lightgbm,origin_safe_residual_v2,origin_safe_heldout_target
B000003145,인천천마초등학교,144,63,27,63,27,weighted_trend_lightgbm,origin_safe_residual_v2,origin_safe_heldout_target
B000003018,인천부개서초등학교,1054,1147,1141,1147,1141,weighted_trend_lightgbm,origin_safe_residual_v2,origin_safe_heldout_target
B000003188,내가초등학교,57,52,57,52,57,weighted_trend_lightgbm,origin_safe_residual_v2,origin_safe_heldout_target
B000002954,인천용유초등학교,33,17,9,17,9,weighted_trend_lightgbm,origin_safe_residual_v2,origin_safe_heldout_target
B000002978,인천도화초등학교,843,681,607,681,607,weighted_trend_lightgbm,origin_safe_residual_v2,origin_safe_heldout_target
B000003043,인천개흥초등학교,316,226,186,226,186,weighted_trend_lightgbm,origin_safe_residual_v2,origin_safe_heldout_target
B000003090,인천약산초등학교,587,508,469,508,469,weighted_trend_lightgbm,origin_safe_residual_v2,origin_safe_heldout_target
B000003146,인천봉수초등학교,1216,1520,1649,1520,1649,weighted_trend_lightgbm,origin_safe_residual_v2,origin_safe_heldout_target
B000003084,인천은봉초등학교,362,252,194,252,194,weighted_trend_lightgbm,origin_safe_residual_v2,origin_safe_heldout_target
B000003174,양도초등학교,52,38,30,38,30,weighted_trend_lightgbm,origin_safe_residual_v2,origin_safe_heldout_target
B000025193,인천만월초등학교,1019,623,430,623,430,weighted_trend_lightgbm,origin_safe_residual_v2,origin_safe_heldout_target
B000025226,인천송일초등학교,980,857,791,857,791,weighted_trend_lightgbm,origin_safe_residual_v2,origin_safe_heldout_target
B000003014,인천진산초등학교,207,71,30,71,30,weighted_trend_lightgbm,origin_safe_residual_v2,origin_safe_heldout_target
B000002972,인천용정초등학교,214,191,175,191,175,weighted_trend_lightgbm,origin_safe_residual_v2,origin_safe_heldout_target
B000003070,인천남촌초등학교,309,180,117,180,117,weighted_trend_lightgbm,origin_safe_residual_v2,origin_safe_heldout_target
B000003115,인천신대초등학교,529,307,204,307,204,weighted_trend_lightgbm,origin_safe_residual_v2,origin_safe_heldout_target
B000002958,인천삼목초등학교,481,351,273,351,273,weighted_trend_lightgbm,origin_safe_residual_v2,origin_safe_heldout_target
B000003011,인천갈산초등학교,190,108,64,108,64,weighted_trend_lightgbm,origin_safe_residual_v2,origin_safe_heldout_target
B000003156,인천왕길초등학교,490,323,245,323,245,weighted_trend_lightgbm,origin_safe_residual_v2,origin_safe_heldout_target
B000003093,인천석천초등학교,982,849,779,849,779,weighted_trend_lightgbm,origin_safe_residual_v2,origin_safe_heldout_target
B000002966,인천송림초등학교,434,488,511,488,511,weighted_trend_lightgbm,origin_safe_residual_v2,origin_safe_heldout_target
B000003036,인천신촌초등학교,328,311,302,311,302,weighted_trend_lightgbm,origin_safe_residual_v2,origin_safe_heldout_target
B000003028,인천부흥초등학교,1016,975,948,975,948,weighted_trend_lightgbm,origin_safe_residual_v2,origin_safe_heldout_target
B000002971,인천숭의초등학교,1154,1083,1038,1083,1038,weighted_trend_lightgbm,origin_safe_residual_v2,origin_safe_heldout_target
B000003029,인천부평동초등학교,831,704,629,704,629,weighted_trend_lightgbm,origin_safe_residual_v2,origin_safe_heldout_target
B000026468,인천아람초등학교,907,1197,1238,1197,1238,weighted_trend_lightgbm,origin_safe_residual_v2,origin_safe_heldout_target
B000025690,인천별빛초등학교,1359,1453,1327,1453,1327,weighted_trend_lightgbm,origin_safe_residual_v2,origin_safe_heldout_target
B000003038,인천십정초등학교,179,100,53,100,53,weighted_trend_lightgbm,origin_safe_residual_v2,origin_safe_heldout_target
B000003117,인천병방초등학교,290,137,82,137,82,weighted_trend_lightgbm,origin_safe_residual_v2,origin_safe_heldout_target
B000002994,대청초등학교,16,4,2,4,2,weighted_trend_lightgbm,origin_safe_residual_v2,origin_safe_heldout_target
B000025752,인천도담초등학교,488,289,192,289,192,weighted_trend_lightgbm,origin_safe_residual_v2,origin_safe_heldout_target
B000003135,인천공촌초등학교,205,65,27,65,27,weighted_trend_lightgbm,origin_safe_residual_v2,origin_safe_heldout_target
B000003049,인천축현초등학교,258,142,85,142,85,weighted_trend_lightgbm,origin_safe_residual_v2,origin_safe_heldout_target
B000002998,백령초등학교,41,16,7,16,7,weighted_trend_lightgbm,origin_safe_residual_v2,origin_safe_heldout_target
B000003180,합일초등학교,131,88,66,88,66,weighted_trend_lightgbm,origin_safe_residual_v2,origin_safe_heldout_target
B000002949,인천신흥초등학교,312,237,198,237,198,weighted_trend_lightgbm,origin_safe_residual_v2,origin_safe_heldout_target
B000002983,인천남부초등학교,349,134,57,134,57,weighted_trend_lightgbm,origin_safe_residual_v2,origin_safe_heldout_target
B000003061,인천서면초등학교,400,271,207,271,207,weighted_trend_lightgbm,origin_safe_residual_v2,origin_safe_heldout_target
B000003129,인천작동초등학교,400,310,253,310,253,weighted_trend_lightgbm,origin_safe_residual_v2,origin_safe_heldout_target
B000002951,인천신선초등학교,286,199,154,199,154,weighted_trend_lightgbm,origin_safe_residual_v2,origin_safe_heldout_target
B000002952,인천송월초등학교,137,49,21,49,21,weighted_trend_lightgbm,origin_safe_residual_v2,origin_safe_heldout_target
B000003086,인천동방초등학교,511,258,126,258,126,weighted_trend_lightgbm,origin_safe_residual_v2,origin_safe_heldout_target
B000003010,인천청천초등학교,1019,1274,1376,1274,1376,weighted_trend_lightgbm,origin_safe_residual_v2,origin_safe_heldout_target
B000003006,인천부평서초등학교,687,542,473,542,473,weighted_trend_lightgbm,origin_safe_residual_v2,origin_safe_heldout_target
B000002999,인천공항초등학교신도분교장,9,3,1,3,1,weighted_trend_lightgbm,origin_safe_residual_v2,origin_safe_heldout_target
B000003031,인천산곡북초등학교,515,538,615,538,615,weighted_trend_lightgbm,origin_safe_residual_v2,origin_safe_heldout_target
B000003126,인천부현초등학교,342,197,135,197,135,weighted_trend_lightgbm,origin_safe_residual_v2,origin_safe_heldout_target
B000003050,인천송도초등학교,285,175,120,175,120,weighted_trend_lightgbm,origin_safe_residual_v2,origin_safe_heldout_target
B000003053,인천중앙초등학교,248,142,87,142,87,weighted_trend_lightgbm,origin_safe_residual_v2,origin_safe_heldout_target
B000002985,인천서화초등학교,1341,1372,1294,1372,1294,weighted_trend_lightgbm,origin_safe_residual_v2,origin_safe_heldout_target
B000003125,인천부평초등학교,245,95,42,95,42,weighted_trend_lightgbm,origin_safe_residual_v2,origin_safe_heldout_target
B000003121,인천귤현초등학교,498,316,233,316,233,weighted_trend_lightgbm,origin_safe_residual_v2,origin_safe_heldout_target
B000003147,인천신현북초등학교,360,210,136,210,136,weighted_trend_lightgbm,origin_safe_residual_v2,origin_safe_heldout_target
B000003116,인천길주초등학교,454,305,230,305,230,weighted_trend_lightgbm,origin_safe_residual_v2,origin_safe_heldout_target
B000002981,인천경원초등학교,941,572,399,572,399,weighted_trend_lightgbm,origin_safe_residual_v2,origin_safe_heldout_target
B000003172,인천은지초등학교,331,162,75,162,75,weighted_trend_lightgbm,origin_safe_residual_v2,origin_safe_heldout_target
B000003021,인천금마초등학교,273,170,127,170,127,weighted_trend_lightgbm,origin_safe_residual_v2,origin_safe_heldout_target
B000003008,인천마곡초등학교,119,144,161,144,161,weighted_trend_lightgbm,origin_safe_residual_v2,origin_safe_heldout_target
B000003071,인천성리초등학교,557,382,289,382,289,weighted_trend_lightgbm,origin_safe_residual_v2,origin_safe_heldout_target
B000003163,인천가좌초등학교,384,228,163,228,163,weighted_trend_lightgbm,origin_safe_residual_v2,origin_safe_heldout_target
B000002970,영화초등학교,373,454,436,454,436,weighted_trend_lightgbm,origin_safe_residual_v2,origin_safe_heldout_target
B000003026,인천동수초등학교,617,525,491,525,491,weighted_trend_lightgbm,origin_safe_residual_v2,origin_safe_heldout_target
B000003149,인천봉화초등학교,298,253,230,253,230,weighted_trend_lightgbm,origin_safe_residual_v2,origin_safe_heldout_target
B000003039,인천백운초등학교,478,407,371,407,371,weighted_trend_lightgbm,origin_safe_residual_v2,origin_safe_heldout_target
B000003081,인천인수초등학교,252,159,109,159,109,weighted_trend_lightgbm,origin_safe_residual_v2,origin_safe_heldout_target
B000003078,인천석정초등학교,793,656,590,656,590,weighted_trend_lightgbm,origin_safe_residual_v2,origin_safe_heldout_target
B000003162,인천가석초등학교,209,113,65,113,65,weighted_trend_lightgbm,origin_safe_residual_v2,origin_safe_heldout_target
B000025225,인천송빛초등학교,762,,,,,insufficient_history,origin_safe_residual_v2,origin_safe_heldout_target
B000003165,인천당하초등학교,699,378,199,378,199,weighted_trend_lightgbm,origin_safe_residual_v2,origin_safe_heldout_target
B000003108,인천효성남초등학교,633,629,618,629,618,weighted_trend_lightgbm,origin_safe_residual_v2,origin_safe_heldout_target
B000003118,인천양촌초등학교,186,82,37,82,37,weighted_trend_lightgbm,origin_safe_residual_v2,origin_safe_heldout_target
B000025751,인천경연초등학교,1017,1268,1167,1268,1167,weighted_trend_lightgbm,origin_safe_residual_v2,origin_safe_heldout_target
B000003037,인천하정초등학교,470,710,658,710,658,weighted_trend_lightgbm,origin_safe_residual_v2,origin_safe_heldout_target
