학교ID,학교명,gu,iso_child_total,target_2029,target_2031,predicted_2029,predicted_2031,cohort_change_2029_prophet,cohort_change_2031_prophet,is_new_school
B000002949,인천신흥초등학교,중구,230,252.7346265812527,261.8779828841808,252.75575,262.0426,1.0988462025271857,1.138599925583395,0
B000002950,인천신광초등학교,중구,463,508.765791770087,527.1717655451118,508.2903,526.7239,1.0988462025271857,1.138599925583395,0
B000002951,인천신선초등학교,중구,193,212.07731708774685,219.74978563759524,212.18724,219.6626,1.0988462025271857,1.138599925583395,0
B000002952,인천송월초등학교,중구,104,114.28000506282731,118.41439226067308,114.76076,118.98877,1.0988462025271857,1.138599925583395,0
B000002953,인천운서초등학교,중구,149,163.72808417655065,169.65138891192584,163.64369,169.63847,1.0988462025271857,1.138599925583395,0
B000002954,인천용유초등학교,중구,1,1.0988462025271857,1.138599925583395,1.0694942,1.2463351,1.0988462025271857,1.138599925583395,0
B000002955,인천연안초등학교,중구,34,37.36077088592431,38.71239746983543,37.72324,39.284565,1.0988462025271857,1.138599925583395,0
B000002956,인천운남초등학교,중구,57,62.634233544049586,64.90019575825352,63.148243,65.46708,1.0988462025271857,1.138599925583395,0
B000002957,인천공항초등학교,중구,294,323.06078354299257,334.7483781215181,322.9891,334.61343,1.0988462025271857,1.138599925583395,0
B000002958,인천삼목초등학교,중구,176,193.39693164478467,200.3935869026775,193.37193,200.53862,1.0988462025271857,1.138599925583395,0
B000002959,인천영종초등학교,중구,743,816.442728477699,845.9797447084625,815.8177,845.67523,1.0988462025271857,1.138599925583395,0
B000002960,인성초등학교,중구,109,119.77423607546324,124.10739188859004,119.74832,123.965385,1.0988462025271857,1.138599925583395,0
B000002962,인천영종초등학교금산분교장,중구,3,3.296538607581557,3.415799776750185,3.160954,2.916834,1.0988462025271857,1.138599925583395,0
B000002963,인천만석초등학교,동구,201,98.4116941041641,57.782778350520786,98.52401,57.760056,0.4896104184286771,0.2874765092065711,0
B000002964,인천송현초등학교,동구,581,284.46365310706136,167.0238518490178,284.54596,166.85953,0.4896104184286771,0.2874765092065711,0
B000002965,인천창영초등학교,동구,335,164.0194901736068,96.30463058420132,163.85696,96.33211,0.4896104184286771,0.2874765092065711,0
B000002966,인천송림초등학교,동구,647,316.77794072335405,185.99730145665148,316.45117,185.73216,0.4896104184286771,0.2874765092065711,0
B000002967,인천서흥초등학교,동구,556,272.22339264634445,159.83693911885354,272.77335,159.8923,0.4896104184286771,0.2874765092065711,0
B000002968,인천서림초등학교,동구,534,261.4519634409136,153.51245591630897,261.61084,153.42679,0.4896104184286771,0.2874765092065711,0
B000002969,인천동명초등학교,동구,513,251.17014465391134,147.47544922297098,250.74144,147.55658,0.4896104184286771,0.2874765092065711,0
B000002970,영화초등학교,동구,310,151.7792297128899,89.11771785403704,152.02512,89.13703,0.4896104184286771,0.2874765092065711,0
B000002971,인천숭의초등학교,미추홀구,414,374.47125295525126,358.6327318811234,375.02725,358.8544,0.90451993467452,0.8662626373940179,0
B000002972,인천용정초등학교,미추홀구,578,522.8125222418726,500.69980441374236,522.2841,500.52765,0.90451993467452,0.8662626373940179,0
B000002973,인천용일초등학교,미추홀구,470,425.1243692970244,407.1434395751884,425.01712,407.29736,0.90451993467452,0.8662626373940179,0
B000002974,인천용현초등학교,미추홀구,1038,938.8916921921517,899.1806176149905,938.6979,898.7455,0.90451993467452,0.8662626373940179,0
B000002975,인천용현남초등학교,미추홀구,229,207.13506504046507,198.3741439632301,207.23648,198.42888,0.90451993467452,0.8662626373940179,0
B000002976,인천학산초등학교,미추홀구,476,430.5514889050715,412.34101539955253,430.3967,412.1209,0.90451993467452,0.8662626373940179,0
B000002977,인천백학초등학교,미추홀구,489,442.31024805584025,423.60242968567474,442.28552,423.62918,0.90451993467452,0.8662626373940179,0
B000002978,인천도화초등학교,미추홀구,341,308.4412977240113,295.3955593513601,308.5464,295.47287,0.90451993467452,0.8662626373940179,0
B000002979,인천문학초등학교,미추홀구,456,412.4610902115811,395.01576265167216,412.55853,395.27335,0.90451993467452,0.8662626373940179,0
B000002980,인천관교초등학교,미추홀구,681,615.9780755133481,589.9248560653261,616.0507,589.9968,0.90451993467452,0.8662626373940179,0
B000002981,인천경원초등학교,미추홀구,1008,911.7560941519162,873.19273849317,911.7872,873.2645,0.90451993467452,0.8662626373940179,0
B000002982,인천석암초등학교,미추홀구,695,628.6413545987914,602.0525329888425,628.48413,602.0195,0.90451993467452,0.8662626373940179,0
B000002983,인천남부초등학교,미추홀구,842,761.6057849959458,729.393140685763,760.5109,728.5015,0.90451993467452,0.8662626373940179,0
B000002984,인천승학초등학교,미추홀구,240,217.0847843218848,207.9030329745643,217.18344,208.02388,0.90451993467452,0.8662626373940179,0
B000002985,인천서화초등학교,미추홀구,484,437.78764838246764,419.27111649870466,437.87125,419.32675,0.90451993467452,0.8662626373940179,0
B000002986,인천대화초등학교,미추홀구,995,899.9973350011473,861.9313242070477,899.7893,861.6561,0.90451993467452,0.8662626373940179,0
B000002987,인천주안북초등학교,미추홀구,507,458.5916068799816,439.1951571587671,459.41962,440.03976,0.90451993467452,0.8662626373940179,0
B000002989,인천주안남초등학교,미추홀구,837,757.0831853225732,725.0618274987929,757.2068,724.8075,0.90451993467452,0.8662626373940179,0
B000002990,인천학익초등학교,미추홀구,153,138.39155000520157,132.53818352128474,138.28667,132.83601,0.90451993467452,0.8662626373940179,0
B000002991,인천인주초등학교,미추홀구,741,670.2492715938193,641.9006143089672,669.59863,641.094,0.90451993467452,0.8662626373940179,0
B000002992,인천연학초등학교,미추홀구,758,685.6261104832861,656.6270791446656,685.5574,656.6702,0.90451993467452,0.8662626373940179,0
B000002993,연평초등학교,옹진군,7,1.6673470012070837,0.0,1.4719404,0.01705277,0.2381924287438691,0.0,0
B000002994,대청초등학교,옹진군,0,0.0,0.0,0.05844009,0.0,0.2381924287438691,0.0,0
B000002995,영흥초등학교,옹진군,3,0.7145772862316073,0.0,0.6966116,0.0120490305,0.2381924287438691,0.0,0
B000002996,덕적초등학교,옹진군,1,0.2381924287438691,0.0,0.28051826,0.0,0.2381924287438691,0.0,0
B000002997,북포초등학교,옹진군,0,0.0,0.0,0.05844009,0.0,0.2381924287438691,0.0,0
B000002998,백령초등학교,옹진군,0,0.0,0.0,0.05844009,0.0,0.2381924287438691,0.0,0
B000002999,인천공항초등학교신도분교장,옹진군,1,0.2381924287438691,0.0,0.7326159,0.77716327,0.2381924287438691,0.0,0
B000003000,인천삼목초등학교장봉분교장,옹진군,2,0.4763848574877382,0.0,0.4778365,0.0,0.2381924287438691,0.0,0
B000003004,인천남부초등학교이작분교장,옹진군,1,0.2381924287438691,0.0,0.22312017,0.0,0.2381924287438691,0.0,0
B000003005,인천용현남초등학교자월분교장,옹진군,0,0.0,0.0,0.11551631,0.0,0.2381924287438691,0.0,0
B000003006,인천부평서초등학교,부평구,1261,1038.3020721998423,951.0836341691659,1038.4182,951.00555,0.8233957749403983,0.7542296860976732,0
B000003007,인천부곡초등학교,부평구,600,494.03746496423895,452.5378116586039,494.08197,452.60114,0.8233957749403983,0.7542296860976732,0
B000003008,인천마곡초등학교,부평구,393,323.59453955157653,296.41226663638554,323.54526,296.2867,0.8233957749403983,0.7542296860976732,0
B000003009,인천대정초등학교,부평구,418,344.17943392508647,315.2680087888274,344.19238,316.1307,0.8233957749403983,0.7542296860976732,0
B000003010,인천청천초등학교,부평구,503,414.16807479502035,379.3775321071296,413.75735,379.13275,0.8233957749403983,0.7542296860976732,0
B000003011,인천갈산초등학교,부평구,186,153.15161413891408,140.28672161416722,153.6763,140.81778,0.8233957749403983,0.7542296860976732,0
B000003012,인천후정초등학교,부평구,236,194.321402885934,177.99820591905086,194.34474,178.20364,0.8233957749403983,0.7542296860976732,0
B000003013,인천영선초등학교,부평구,881,725.4116777224909,664.47635345205,725.45703,664.2449,0.8233957749403983,0.7542296860976732,0
B000003014,인천진산초등학교,부평구,233,191.8512155611128,175.73551686075785,191.37862,175.79459,0.8233957749403983,0.7542296860976732,0
B000003015,인천구산초등학교,부평구,739,608.4894776809543,557.3757380261804,608.59406,557.41144,0.8233957749403983,0.7542296860976732,0
B000003016,인천부일초등학교,부평구,869,715.5309284232061,655.425597218878,715.7664,655.28406,0.8233957749403983,0.7542296860976732,0
B000003017,인천부내초등학교,부평구,574,472.6291748157886,432.9278398200644,472.42975,433.03296,0.8233957749403983,0.7542296860976732,0
B000003018,인천부개서초등학교,부평구,1029,847.2742524136698,776.1023469945056,846.934,775.63635,0.8233957749403983,0.7542296860976732,0
B000003019,인천부광초등학교,부평구,1451,1194.7472694385178,1094.3872745277238,1194.5775,1094.2954,0.8233957749403983,0.7542296860976732,0
B000003020,인천일신초등학교,부평구,635,522.8563170871529,478.93585067202247,522.98334,478.9529,0.8233957749403983,0.7542296860976732,0
B000003021,인천금마초등학교,부평구,59,48.5803507214835,44.499551479762715,48.685417,44.841297,0.8233957749403983,0.7542296860976732,0
B000003022,인천상정초등학교,부평구,663,545.911398785484,500.0542818827573,545.1994,499.8754,0.8233957749403983,0.7542296860976732,0
B000003023,인천부평북초등학교,부평구,553,455.3378635420402,417.0890164120133,455.60614,417.34073,0.8233957749403983,0.7542296860976732,0
B000003024,인천갈월초등학교,부평구,753,620.0170185301199,567.9349536315478,619.9379,567.7435,0.8233957749403983,0.7542296860976732,0
B000003025,인천부개초등학교,부평구,1235,1016.8937820513919,931.4736623306263,1016.7016,931.4506,0.8233957749403983,0.7542296860976732,0
B000003026,인천동수초등학교,부평구,687,565.6728973840536,518.1557943491015,566.07306,518.19495,0.8233957749403983,0.7542296860976732,0
B000003027,인천부원초등학교,부평구,783,644.7188917783319,590.5618442144781,644.6459,590.8179,0.8233957749403983,0.7542296860976732,0
B000003028,인천부흥초등학교,부평구,1670,1375.070944150465,1259.5635757831142,1374.1172,1259.3456,0.8233957749403983,0.7542296860976732,0
B000003029,인천부평동초등학교,부평구,1540,1268.0294934082133,1161.5137165904166,1267.9854,1161.1678,0.8233957749403983,0.7542296860976732,0
B000003030,인천부평남초등학교,부평구,744,612.6064565556563,561.1468864566689,612.43475,561.15985,0.8233957749403983,0.7542296860976732,0
B000003031,인천산곡북초등학교,부평구,686,564.8495016091132,517.4015646630038,564.08636,517.3158,0.8233957749403983,0.7542296860976732,0
B000003032,인천산곡초등학교,부평구,358,294.7756874286626,270.014227622967,295.13443,270.14267,0.8233957749403983,0.7542296860976732,0
B000003033,인천부마초등학교,부평구,789,649.6592664279742,595.0872223310641,649.19403,595.1631,0.8233957749403983,0.7542296860976732,0
B000003034,인천미산초등학교,부평구,569,468.51219594108665,429.15669138957605,468.83713,429.29517,0.8233957749403983,0.7542296860976732,0
B000003035,인천산곡남초등학교,부평구,439,361.47074519883483,331.10683219687854,361.74442,330.63556,0.8233957749403983,0.7542296860976732,0
B000003036,인천신촌초등학교,부평구,557,458.63144664180186,420.105935156404,459.0031,420.52563,0.8233957749403983,0.7542296860976732,0
B000003037,인천하정초등학교,부평구,411,338.4156635005037,309.9884009861437,338.3552,310.21906,0.8233957749403983,0.7542296860976732,0
B000003038,인천십정초등학교,부평구,685,564.0261058341729,516.6473349769061,563.9138,516.4318,0.8233957749403983,0.7542296860976732,0
B000003039,인천백운초등학교,부평구,473,389.4662015468084,356.7506415241994,389.80823,356.7057,0.8233957749403983,0.7542296860976732,0
B000003040,인천동암초등학교,부평구,647,532.7370663864377,487.98660690519455,532.7178,487.6948,0.8233957749403983,0.7542296860976732,0
B000003041,인천용마초등학교,부평구,722,594.4917495069676,544.55383336252,594.8559,544.5976,0.8233957749403983,0.7542296860976732,0
B000003042,인천마장초등학교,부평구,938,772.3452368940935,707.4674455596174,772.3567,706.6957,0.8233957749403983,0.7542296860976732,0
B000003043,인천개흥초등학교,부평구,1028,846.4508566387294,775.348117308408,846.5113,775.3217,0.8233957749403983,0.7542296860976732,0
B000003044,인천삼산초등학교,부평구,870,716.3543241981465,656.1798269049757,716.51514,656.0227,0.8233957749403983,0.7542296860976732,0
B000003045,인천한길초등학교,부평구,595,489.92048608953695,448.76666322811553,489.804,448.70334,0.8233957749403983,0.7542296860976732,0
B000003046,인천굴포초등학교,부평구,583,480.0397367902522,439.71590699494345,480.2409,439.81876,0.8233957749403983,0.7542296860976732,0
B000003047,한일초등학교,부평구,74,60.931287345589475,55.812996771227816,61.53083,56.449303,0.8233957749403983,0.7542296860976732,0
B000003048,인천명선초등학교,연수구,148,142.02087571971583,139.50330575526291,142.26137,139.65344,0.9596005116197016,0.9425899037517764,0
B000003049,인천축현초등학교,연수구,317,304.1933621834454,298.80099948931314,304.27386,298.90683,0.9596005116197016,0.9425899037517764,0
B000003050,인천송도초등학교,연수구,247,237.0213263700663,232.81970622668877,237.2498,233.22586,0.9596005116197016,0.9425899037517764,0
B000003051,인천능허대초등학교,연수구,1270,1218.692649757021,1197.089177764756,1217.8344,1196.3723,0.9596005116197016,0.9425899037517764,0
B000003052,인천선학초등학교,연수구,183,175.6068936264054,172.49395238657507,175.84195,173.15778,0.9596005116197016,0.9425899037517764,0
B000003053,인천중앙초등학교,연수구,210,201.51610744013735,197.94387978787304,202.03065,198.68225,0.9596005116197016,0.9425899037517764,0
B000003054,인천연화초등학교,연수구,731,701.4679739940019,689.0332196425486,700.67236,688.0916,0.9596005116197016,0.9425899037517764,0
B000003055,인천함박초등학교,연수구,665,638.1343402271016,626.8222859949313,638.18506,626.8574,0.9596005116197016,0.9425899037517764,0
B000003056,인천청학초등학교,연수구,455,436.61823278696426,428.8784062070583,436.8708,428.81967,0.9596005116197016,0.9425899037517764,0
B000003057,인천청량초등학교,연수구,565,542.1742890651315,532.5632956197537,542.24664,532.6703,0.9596005116197016,0.9425899037517764,0
B000003058,인천연성초등학교,연수구,304,291.7185555323893,286.54733074054,291.8467,286.9989,0.9596005116197016,0.9425899037517764,0
B000003059,인천동춘초등학교,연수구,475,455.81024301935827,447.7302042820938,455.4726,447.6467,0.9596005116197016,0.9425899037517764,0
B000003060,인천동막초등학교,연수구,343,329.14297548555766,323.30833698685933,329.6406,323.1795,0.9596005116197016,0.9425899037517764,0
B000003061,인천서면초등학교,연수구,429,411.668619484852,404.3710687095121,411.59308,404.33545,0.9596005116197016,0.9425899037517764,0
B000003062,인천연수초등학교,연수구,85,81.56604348767463,80.12014181890099,81.515816,79.953964,0.9596005116197016,0.9425899037517764,0
B000003063,인천문남초등학교,연수구,525,503.7902686003433,494.8596994696826,503.5368,494.3761,0.9596005116197016,0.9425899037517764,0
B000003064,인천옥련초등학교,연수구,1223,1173.591425710895,1152.7874522884226,1174.0068,1152.9541,0.9596005116197016,0.9425899037517764,0
B000003065,인천신정초등학교,연수구,1227,1177.429827757374,1156.5578119034296,1176.8625,1156.0388,0.9596005116197016,0.9425899037517764,0
B000003066,인천해송초등학교,연수구,452,433.73943125210513,426.05063649580296,433.57788,425.8893,0.9596005116197016,0.9425899037517764,0
B000003067,인천신송초등학교,연수구,240,230.3041227887284,226.22157690042633,230.20857,226.25208,0.9596005116197016,0.9425899037517764,0
B000003068,인천먼우금초등학교,연수구,535,513.3862737165404,504.2855985072004,513.1222,503.94955,0.9596005116197016,0.9425899037517764,0
B000003069,인천박문초등학교,연수구,289,277.32454785809375,272.4084821842634,277.2977,272.37897,0.9596005116197016,0.9425899037517764,0
B000003070,인천남촌초등학교,남동구,149,70.14190649777673,38.31358271472779,70.3458,38.3216,0.4707510503206492,0.2571381390250187,0
B000003071,인천성리초등학교,남동구,890,418.9684347853778,228.85294373226665,419.16888,229.03203,0.4707510503206492,0.2571381390250187,0
B000003073,인천정각초등학교,남동구,1397,657.6392172979469,359.2219802179511,656.6338,358.68127,0.4707510503206492,0.2571381390250187,0
B000003074,인천간석초등학교,남동구,1279,602.0905933601103,328.8796798129989,602.537,329.13293,0.4707510503206492,0.2571381390250187,0
B000003075,인천구월서초등학교,남동구,716,337.05775202958483,184.11090754191338,337.1682,183.9525,0.4707510503206492,0.2571381390250187,0
B000003076,인천상아초등학교,남동구,625,294.21940645040576,160.7113368906367,294.0017,160.49014,0.4707510503206492,0.2571381390250187,0
B000003077,상인천초등학교,남동구,843,396.84313542030725,216.76745119809075,396.8225,216.50926,0.4707510503206492,0.2571381390250187,0
B000003078,인천석정초등학교,남동구,643,302.6929253561774,165.33982339308702,302.53925,165.34091,0.4707510503206492,0.2571381390250187,0
B000003079,인천만수북초등학교,남동구,571,268.79884973309066,146.82587738328567,269.11496,147.04652,0.4707510503206492,0.2571381390250187,0
B000003080,인천동부초등학교,남동구,1089,512.6478937991869,280.02343339824534,512.0705,280.03094,0.4707510503206492,0.2571381390250187,0
B000003081,인천인수초등학교,남동구,292,137.45930669362957,75.08433659530546,138.29889,75.503044,0.4707510503206492,0.2571381390250187,0
B000003082,인천만수초등학교,남동구,317,149.2280829516458,81.51279007093093,148.88179,81.398445,0.4707510503206492,0.2571381390250187,0
B000003083,인천도림초등학교,남동구,60,28.245063019238952,15.428288341501123,28.57942,15.517511,0.4707510503206492,0.2571381390250187,0
B000003084,인천은봉초등학교,남동구,488,229.7265125564768,125.48341184420913,229.6616,125.2867,0.4707510503206492,0.2571381390250187,0
B000003085,인천장도초등학교,남동구,286,134.63480039170565,73.54150776115534,134.75389,73.67876,0.4707510503206492,0.2571381390250187,0
B000003086,인천동방초등학교,남동구,423,199.1276942856346,108.7694328075829,198.94145,108.88516,0.4707510503206492,0.2571381390250187,0
B000003087,인천원동초등학교,남동구,198,93.20870796348854,50.913351526953704,93.259224,50.953644,0.4707510503206492,0.2571381390250187,0
B000003088,인천사리울초등학교,남동구,334,157.23085080709683,85.88413843435625,157.19362,85.84625,0.4707510503206492,0.2571381390250187,0
B000003089,인천고잔초등학교,남동구,325,152.99409135421098,83.56989518313108,152.97798,83.59765,0.4707510503206492,0.2571381390250187,0
B000003090,인천약산초등학교,남동구,553,260.325330827319,142.19739088083534,260.04086,142.09506,0.4707510503206492,0.2571381390250187,0
B000003091,인천주원초등학교,남동구,395,185.94666487665643,101.56956491488239,186.4201,101.64489,0.4707510503206492,0.2571381390250187,0
B000003092,인천송천초등학교,남동구,712,335.1747478283022,183.0823549858133,335.12515,182.9588,0.4707510503206492,0.2571381390250187,0
B000003093,인천석천초등학교,남동구,664,312.578697412911,170.73972431261242,312.4436,170.61768,0.4707510503206492,0.2571381390250187,0
B000003094,인천신월초등학교,남동구,374,176.0608928199228,96.169663995357,176.24008,96.14941,0.4707510503206492,0.2571381390250187,0
B000003095,인천구월초등학교,남동구,1713,806.396549199272,440.477632149857,805.99854,440.61484,0.4707510503206492,0.2571381390250187,0
B000003096,인천소래초등학교,남동구,432,203.36445373852044,111.08367605880808,203.31049,111.1183,0.4707510503206492,0.2571381390250187,0
B000003097,인천논현초등학교,남동구,545,256.5593224247538,140.14028576863518,256.48923,139.92607,0.4707510503206492,0.2571381390250187,0
B000003098,인천논곡초등학교,남동구,182,85.67669115835815,46.7991413025534,85.62551,46.81568,0.4707510503206492,0.2571381390250187,0
B000003099,인천새말초등학교,남동구,967,455.21626566006773,248.65258043719308,455.12238,248.59232,0.4707510503206492,0.2571381390250187,0
B000003100,인천조동초등학교,남동구,679,319.6399631677208,174.5967963979877,319.54565,174.66481,0.4707510503206492,0.2571381390250187,0
B000003101,인천인동초등학교,남동구,1147,539.9514547177846,294.9374454616964,540.4675,294.89127,0.4707510503206492,0.2571381390250187,0
B000003102,인천장수초등학교,남동구,138,64.96364494424958,35.48506318545258,65.03,35.45427,0.4707510503206492,0.2571381390250187,0
B000003103,인천담방초등학교,남동구,273,128.51503673753723,70.1987119538301,128.55513,70.25313,0.4707510503206492,0.2571381390250187,0
B000003104,인천남동초등학교,남동구,423,199.1276942856346,108.7694328075829,199.08112,108.82517,0.4707510503206492,0.2571381390250187,0
B000003105,인천서창초등학교,남동구,644,303.1636764064981,165.59696153211203,303.2199,165.4345,0.4707510503206492,0.2571381390250187,0
B000003106,경인교육대학교부설초등학교,계양구,279,156.83392648919408,108.07060447265235,156.82266,108.003296,0.5621287687784734,0.3873498368195425,0
B000003107,인천효성동초등학교,계양구,588,330.53171604174236,227.761704049891,330.58505,227.5097,0.5621287687784734,0.3873498368195425,0
B000003108,인천효성남초등학교,계양구,702,394.61439568248835,271.9195854473188,394.86133,272.00238,0.5621287687784734,0.3873498368195425,0
B000003109,인천효성초등학교,계양구,276,155.14754018285865,106.90855496219373,154.97946,106.91559,0.5621287687784734,0.3873498368195425,0
B000003110,인천해서초등학교,계양구,226,127.04110174393499,87.54106312121661,127.23509,87.68105,0.5621287687784734,0.3873498368195425,0
B000003111,인천안남초등학교,계양구,726,408.10548613317167,281.21598153098785,408.22772,281.29996,0.5621287687784734,0.3873498368195425,0
B000003112,인천성지초등학교,계양구,497,279.3779980829013,192.51286889931262,278.91187,192.61835,0.5621287687784734,0.3873498368195425,0
B000003113,인천화전초등학교,계양구,825,463.75623424224057,319.5636153761226,463.51978,319.6057,0.5621287687784734,0.3873498368195425,0
B000003114,인천서운초등학교,계양구,363,204.05274306658583,140.60799076549392,204.1948,140.5677,0.5621287687784734,0.3873498368195425,0
B000003115,인천신대초등학교,계양구,216,121.41981405615026,83.66756475302118,121.76741,83.69783,0.5621287687784734,0.3873498368195425,0
B000003116,인천길주초등학교,계양구,374,210.23615952314904,144.8688389705089,210.11018,144.77557,0.5621287687784734,0.3873498368195425,0
B000003117,인천병방초등학교,계양구,590,331.6559735792993,228.53640372353007,330.6796,228.20386,0.5621287687784734,0.3873498368195425,0
B000003118,인천양촌초등학교,계양구,158,88.8163454669988,61.201274217487715,88.74433,61.107883,0.5621287687784734,0.3873498368195425,0
B000003119,인천소양초등학교,계양구,130,73.07673994120154,50.35547878654052,73.17555,50.47113,0.5621287687784734,0.3873498368195425,0
B000003120,인천당산초등학교,계양구,304,170.8871457086559,117.75435039314092,171.0248,117.88334,0.5621287687784734,0.3873498368195425,0
B000003121,인천귤현초등학교,계양구,245,137.72154835072598,94.90071002078791,137.8463,95.054535,0.5621287687784734,0.3873498368195425,0
B000003122,인천계양초등학교,계양구,207,116.360655137144,80.18141622164529,116.55585,80.37144,0.5621287687784734,0.3873498368195425,0
B000003123,인천계산초등학교,계양구,275,154.5854114140802,106.52120512537418,154.99057,106.612495,0.5621287687784734,0.3873498368195425,0
B000003124,인천안산초등학교,계양구,459,258.01710486931927,177.79357510017002,258.14917,177.76033,0.5621287687784734,0.3873498368195425,0
B000003125,인천부평초등학교,계양구,600,337.27726126708404,232.40990209172548,337.46793,232.37018,0.5621287687784734,0.3873498368195425,0
B000003126,인천부현초등학교,계양구,799,449.14088625400024,309.49251961881447,449.17133,309.28647,0.5621287687784734,0.3873498368195425,0
B000003127,인천부현동초등학교,계양구,634,356.38963940555215,245.57979654358994,356.2869,245.7895,0.5621287687784734,0.3873498368195425,0
B000003128,인천작전초등학교,계양구,550,309.1708228281604,213.04241025074836,309.161,212.55096,0.5621287687784734,0.3873498368195425,0
B000003129,인천작동초등학교,계양구,828,465.442620548576,320.72566488658117,465.351,320.46094,0.5621287687784734,0.3873498368195425,0
B000003130,인천명현초등학교,계양구,865,486.2413849933795,335.05760884890424,486.23798,335.6242,0.5621287687784734,0.3873498368195425,0
B000003131,인천효성서초등학교,계양구,198,111.30149621813773,76.69526769026942,111.40014,76.647865,0.5621287687784734,0.3873498368195425,0
B000003132,인천계양초등학교상야분교장,계양구,3,1.6863863063354203,1.1620495104586275,1.6067684,1.0775503,0.5621287687784734,0.3873498368195425,0
B000003133,인천해원초등학교,서구,642,681.0418045619919,695.5024963327331,680.96497,695.55493,1.060812779691576,1.0833372217020765,0
B000003134,인천경명초등학교,서구,223,236.56124987122146,241.58420043956306,236.96735,241.76952,1.060812779691576,1.0833372217020765,0
B000003135,인천공촌초등학교,서구,133,141.08809969897962,144.08385048637618,141.24178,144.09943,1.060812779691576,1.0833372217020765,0
B000003137,인천간재울초등학교,서구,229,242.9261265493709,248.08422376977552,243.36462,248.13031,1.060812779691576,1.0833372217020765,0
B000003138,인천경서초등학교,서구,174,184.58142366633425,188.5006765761613,184.26595,188.383,1.060812779691576,1.0833372217020765,0
B000003139,인천청라초등학교,서구,498,528.2847642864049,539.501936407634,528.44257,539.7981,1.060812779691576,1.0833372217020765,0
B000003140,인천초은초등학교,서구,404,428.56836299539674,437.66823756763887,428.5312,437.6779,1.060812779691576,1.0833372217020765,0
B000003141,인천양지초등학교,서구,148,157.00029139435327,160.33390881190732,157.36792,161.0706,1.060812779691576,1.0833372217020765,0
B000003142,인천심곡초등학교,서구,205,217.4666198367731,222.08413044892566,216.90623,221.74663,1.060812779691576,1.0833372217020765,0
B000003143,인천신석초등학교,서구,301,319.3046466871644,326.084503732325,319.8959,326.25653,1.060812779691576,1.0833372217020765,0
B000003144,인천석남초등학교,서구,167,177.15573420849321,180.91731602424676,177.19415,180.94539,1.060812779691576,1.0833372217020765,0
B000003145,인천천마초등학교,서구,114,120.93265688483967,123.50044327403671,121.201096,123.99883,1.060812779691576,1.0833372217020765,0
B000003146,인천봉수초등학교,서구,1087,1153.1034915247433,1177.5875599901572,1153.1101,1177.4264,1.060812779691576,1.0833372217020765,0
B000003147,인천신현북초등학교,서구,789,836.9812831766535,854.7530679229384,837.12286,854.61096,1.060812779691576,1.0833372217020765,0
B000003148,인천가림초등학교,서구,496,526.1631387270218,537.33526196423,526.39984,537.70557,1.060812779691576,1.0833372217020765,0
B000003149,인천봉화초등학교,서구,313,332.0344000434633,339.0845503927499,331.21558,338.69263,1.060812779691576,1.0833372217020765,0
B000003150,인천건지초등학교,서구,382,405.23048184218203,413.83481869019323,405.26337,413.6504,1.060812779691576,1.0833372217020765,0
B000003151,인천능내초등학교,서구,272,288.5410760761087,294.6677243029648,288.5984,294.9439,1.060812779691576,1.0833372217020765,0
B000003152,인천검단초등학교,서구,145,153.81785305527853,157.0838971468011,154.00557,157.208,1.060812779691576,1.0833372217020765,0
B000003153,인천완정초등학교,서구,603,639.6701061540203,653.2523446863521,639.6589,653.1081,1.060812779691576,1.0833372217020765,0
B000003154,인천불로초등학교,서구,449,476.30493808151766,486.41841254423235,476.2475,486.08023,1.060812779691576,1.0833372217020765,0
B000003155,인천목향초등학교,서구,177,187.76386200540895,191.75068824126754,188.06422,192.17816,1.060812779691576,1.0833372217020765,0
B000003156,인천왕길초등학교,서구,382,405.23048184218203,413.83481869019323,404.89462,413.9768,1.060812779691576,1.0833372217020765,0
B000003157,인천단봉초등학교,서구,146,154.8786658349701,158.16723436850316,154.79948,158.18777,1.060812779691576,1.0833372217020765,0
B000003158,인천원당초등학교,서구,61,64.70957956118615,66.08357052382667,65.10299,66.47762,1.060812779691576,1.0833372217020765,0
B000003159,인천발산초등학교,서구,580,615.2714122211141,628.3355885872044,615.01227,628.0573,1.060812779691576,1.0833372217020765,0
B000003160,인천창신초등학교,서구,224,237.62206265091305,242.66753766126513,237.84023,242.58214,1.060812779691576,1.0833372217020765,0
B000003161,인천금곡초등학교,서구,283,300.21001665271604,306.58443374168763,300.19336,306.8545,1.060812779691576,1.0833372217020765,0
B000003162,인천가석초등학교,서구,171,181.3989853272595,185.25066491105508,181.45892,185.23657,1.060812779691576,1.0833372217020765,0
B000003163,인천가좌초등학교,서구,507,537.832079303629,549.2519714029528,537.82733,549.09875,1.060812779691576,1.0833372217020765,0
B000003164,인천가정초등학교,서구,198,210.04093037893205,214.50076989701114,210.27724,214.53801,1.060812779691576,1.0833372217020765,0
B000003165,인천당하초등학교,서구,516,547.3793943208533,559.0020063982714,547.0061,558.6889,1.060812779691576,1.0833372217020765,0
B000003166,인천마전초등학교,서구,504,534.6496409645544,546.0019597378465,534.43445,545.87054,1.060812779691576,1.0833372217020765,0
B000003167,인천석남서초등학교,서구,413,438.1156780126209,447.41827256295755,438.005,447.5776,1.060812779691576,1.0833372217020765,0
B000003168,인천가현초등학교,서구,1431,1518.0230877386452,1550.2555642556715,1516.81,1549.0592,1.060812779691576,1.0833372217020765,0
B000003169,인천신현초등학교,서구,740,785.0014569717663,801.6695440595366,784.988,801.797,1.060812779691576,1.0833372217020765,0
B000003170,인천서곶초등학교,서구,151,160.18272973342798,163.58392047701355,160.3444,163.381,1.060812779691576,1.0833372217020765,0
B000003171,인천검암초등학교,서구,309,327.791148924697,334.75120150594165,327.86066,335.04956,1.060812779691576,1.0833372217020765,0
B000003172,인천은지초등학교,서구,191,202.61524092109102,206.91740934509662,202.38141,206.65222,1.060812779691576,1.0833372217020765,0
B000003173,길상초등학교,강화군,16,11.577588835301224,9.77009310202422,11.23761,9.615062,0.7235993022063265,0.6106308188765137,0
B000003174,양도초등학교,강화군,3,2.1707979066189793,1.8318924566295411,2.0708613,1.9243507,0.7235993022063265,0.6106308188765137,0
B000003175,조산초등학교,강화군,7,5.065195115444285,4.274415732135596,4.959887,3.2835968,0.7235993022063265,0.6106308188765137,0
B000003176,화도초등학교,강화군,4,2.894397208825306,2.442523275506055,2.5578382,1.9661449,0.7235993022063265,0.6106308188765137,0
B000003177,대월초등학교,강화군,3,2.1707979066189793,1.8318924566295411,2.2786741,2.1959107,0.7235993022063265,0.6106308188765137,0
B000003178,갑룡초등학교,강화군,78,56.44074557209347,47.629203872368066,56.485493,47.73202,0.7235993022063265,0.6106308188765137,0
B000003179,강화초등학교,강화군,91,65.84753650077572,55.567404517762746,65.671974,55.259426,0.7235993022063265,0.6106308188765137,0
B000003180,합일초등학교,강화군,135,97.68590579785408,82.43516054832935,97.70423,82.47953,0.7235993022063265,0.6106308188765137,0
B000003181,송해초등학교,강화군,4,2.894397208825306,2.442523275506055,3.2470827,2.3948436,0.7235993022063265,0.6106308188765137,0
B000003182,선원초등학교,강화군,13,9.406790928682245,7.938200645394678,8.853794,6.947717,0.7235993022063265,0.6106308188765137,0
B000003183,불은초등학교,강화군,3,2.1707979066189793,1.8318924566295411,2.525066,2.3123858,0.7235993022063265,0.6106308188765137,0
B000003184,삼성초등학교,강화군,3,2.1707979066189793,1.8318924566295411,2.424414,2.4615722,0.7235993022063265,0.6106308188765137,0
B000003185,하점초등학교,강화군,3,2.1707979066189793,1.8318924566295411,2.2033885,1.7413867,0.7235993022063265,0.6106308188765137,0
B000003186,명신초등학교,강화군,3,2.1707979066189793,1.8318924566295411,2.1358962,1.8727192,0.7235993022063265,0.6106308188765137,0
B000003187,양사초등학교,강화군,3,2.1707979066189793,1.8318924566295411,2.0771203,2.05897,0.7235993022063265,0.6106308188765137,0
B000003188,내가초등학교,강화군,2,1.447198604412653,1.2212616377530274,1.7396003,1.7167196,0.7235993022063265,0.6106308188765137,0
B000003189,해명초등학교,강화군,0,0.0,0.0,0.38426316,0.6237348,0.7235993022063265,0.6106308188765137,0
B000003190,삼산초등학교,강화군,3,2.1707979066189793,1.8318924566295411,2.0815442,1.3391495,0.7235993022063265,0.6106308188765137,0
B000003192,교동초등학교,강화군,5,3.617996511031633,3.0531540943825686,3.2195933,2.6108742,0.7235993022063265,0.6106308188765137,0
B000003194,서도초등학교,강화군,0,0.0,0.0,0.2656581,0.37330952,0.7235993022063265,0.6106308188765137,0
B000022832,인천한빛초등학교,남동구,421,198.1861921849933,108.25515652953287,198.27234,108.22795,0.4707510503206492,0.2571381390250187,0
B000022834,인천청람초등학교,서구,783,830.616406498504,848.2530445927259,831.1714,848.3744,1.060812779691576,1.0833372217020765,0
B000022839,인천청일초등학교,서구,680,721.3526901902717,736.669310757412,721.5107,736.83936,1.060812779691576,1.0833372217020765,0
B000024924,인천하늘초등학교,중구,465,510.96348417514133,529.4489653962787,511.07422,529.47296,1.0988462025271857,1.138599925583395,0
B000025189,인천송명초등학교,연수구,314,301.3145606485863,295.97322977805777,301.312,296.03064,0.9596005116197016,0.9425899037517764,0
B000025193,인천만월초등학교,남동구,540,254.20556717315057,138.8545950735101,254.29,138.77715,0.4707510503206492,0.2571381390250187,0
B000025196,인천장서초등학교,남동구,462,217.48698524813992,118.79782022955864,217.43689,118.88678,0.4707510503206492,0.2571381390250187,0
B000025202,인천장아초등학교,남동구,550,258.91307767635703,141.4259764637603,258.8161,141.42886,0.4707510503206492,0.2571381390250187,0
B000025206,인천새봄초등학교,연수구,86,82.52564399929435,81.06273172265277,83.14534,81.54228,0.9596005116197016,0.9425899037517764,0
B000025210,인천연송초등학교,연수구,588,564.2451008323845,554.2428634060445,564.7552,554.5311,0.9596005116197016,0.9425899037517764,0
B000025222,인천현송초등학교,연수구,199,190.96050181232062,187.5753908466035,190.92155,187.73366,0.9596005116197016,0.9425899037517764,0
B000025225,인천송빛초등학교,연수구,113,108.43485781302628,106.51265912395074,108.4763,106.329285,0.9596005116197016,0.9425899037517764,1
B000025226,인천송일초등학교,연수구,653,626.6191340876652,615.51120714991,626.4614,615.47076,0.9596005116197016,0.9425899037517764,0
B000025228,인천예송초등학교,연수구,616,591.1139151577362,580.6353807110943,591.21484,580.7815,0.9596005116197016,0.9425899037517764,0
B000025236,인천첨단초등학교,연수구,311,298.4357591137272,293.14546006680246,298.37338,293.11606,0.9596005116197016,0.9425899037517764,0
B000025246,인천미송초등학교,연수구,613,588.2351136228771,577.807610999839,588.3132,577.4676,0.9596005116197016,0.9425899037517764,0
B000025248,인천은송초등학교,연수구,369,354.0925887876699,347.8156744844055,353.908,347.96506,0.9596005116197016,0.9425899037517764,0
B000025256,인천송원초등학교,연수구,298,285.96095246267106,280.8917913180294,286.35388,281.49893,0.9596005116197016,0.9425899037517764,0
B000025512,인천용학초등학교,미추홀구,146,132.0599104624799,126.47434505952661,132.5967,127.008644,0.90451993467452,0.8662626373940179,0
B000025677,인천주안초등학교,미추홀구,702,634.972994141513,608.1163714506006,634.96356,608.2473,0.90451993467452,0.8662626373940179,0
B000025690,인천별빛초등학교,중구,642,705.4592620224532,730.9811522245395,705.3379,730.571,1.0988462025271857,1.138599925583395,0
B000025751,인천경연초등학교,서구,334,354.31146841698643,361.8346320484935,354.42966,361.74728,1.060812779691576,1.0833372217020765,0
B000025752,인천도담초등학교,서구,826,876.2313560252418,894.8365451259151,875.95294,894.8867,1.060812779691576,1.0833372217020765,0
B000025756,인천청호초등학교,서구,708,751.0554480216358,767.0027529650702,750.4914,766.354,1.060812779691576,1.0833372217020765,0
B000026155,인천한들초등학교,서구,76,80.62177125655978,82.33362884935781,80.77759,82.703445,1.060812779691576,1.0833372217020765,1
B000026332,인천백석초등학교,서구,349,370.22366011236005,378.08469037402466,370.79788,378.27322,1.060812779691576,1.0833372217020765,0
B000026333,인천가원초등학교,서구,1045,1108.549354777697,1132.0873966786698,1108.0233,1131.6914,1.060812779691576,1.0833372217020765,0
B000026466,인천아라초등학교,서구,243,257.77750546505297,263.25094487360457,258.05807,263.6603,1.060812779691576,1.0833372217020765,1
B000026467,인천해든초등학교,서구,605,641.7917317134035,655.4190191297563,641.64453,655.26776,1.060812779691576,1.0833372217020765,0
B000026468,인천아람초등학교,서구,392,415.8386096390978,424.66819090721395,415.83295,424.64627,1.060812779691576,1.0833372217020765,1
B000026469,인천한별초등학교,서구,463,491.1563169971997,501.5851336480614,491.07965,501.84933,1.060812779691576,1.0833372217020765,0
B000026470,인천이음초등학교,서구,988,1048.083026335277,1070.3371750416516,1047.519,1069.8845,1.060812779691576,1.0833372217020765,1
B000026471,인천신검단초등학교,서구,46,48.797387865812496,49.833512198295516,48.664486,49.64887,1.060812779691576,1.0833372217020765,1
B000026504,인천송담초등학교,연수구,446,427.9818281823869,420.3950970732923,427.9887,420.37225,0.9596005116197016,0.9425899037517764,0
B000027505,인천중산초등학교,중구,496,545.0277164534841,564.7455630893639,545.0628,564.65814,1.0988462025271857,1.138599925583395,0
