grid_id,cx,cy,linked_school_count,forecast_2029,forecast_2031,worst_case_type,avg_green_ratio,avg_playground_count,avg_park_dist_m,land_feasibility_level,priority_score,candidate_rank
CG_00795,126.72067830000049,37.49837889999981,3,3287,3290,1.0,0.232,0.0,488.4,high,4932.299999999999,1
CG_00815,126.72292830000049,37.49837889999981,3,3287,3290,1.0,0.232,0.0,488.4,high,4932.299999999999,2
CG_00850,126.7274283000005,37.49612889999981,3,3969,4022,2.0,0.44,0.0,291.7,medium,3990.2000000000003,3
CG_00408,126.6689283000004,37.518628899999776,3,2581,2545,1.0,0.0,0.333,351.367,high,3849.8999999999996,4
CG_00382,126.6666783000004,37.518628899999776,3,2581,2545,1.0,0.0,0.333,351.367,high,3849.8999999999996,5
CG_00682,126.70717830000046,37.50737889999979,3,2202,2233,1.0,0.0,0.0,928.033,high,3321.6000000000004,6
CG_00681,126.70717830000046,37.5051288999998,3,2202,2233,1.0,0.0,0.0,928.033,high,3321.6000000000004,7
CG_00702,126.70942830000047,37.50737889999979,3,2202,2233,1.0,0.0,0.0,928.033,high,3321.6000000000004,8
CG_00701,126.70942830000047,37.5051288999998,3,2202,2233,1.0,0.0,0.0,928.033,high,3321.6000000000004,9
CG_00668,126.70492830000046,37.50737889999979,3,2066,2139,1.0,0.0,0.0,613.7,high,3142.7999999999997,10
CG_00667,126.70492830000046,37.5051288999998,3,2066,2139,1.0,0.0,0.0,613.7,high,3142.7999999999997,11
CG_00837,126.7251783000005,37.5028788999998,2,2080,2114,1.0,0.222,0.0,580.6,high,3140.3999999999996,12
CG_00817,126.72292830000049,37.5028788999998,2,2080,2114,1.0,0.222,0.0,580.6,high,3140.3999999999996,13
CG_00796,126.72067830000049,37.5006288999998,2,2080,2114,1.0,0.222,0.0,580.6,high,3140.3999999999996,14
CG_00816,126.72292830000049,37.5006288999998,2,2080,2114,1.0,0.222,0.0,580.6,high,3140.3999999999996,15
CG_00836,126.7251783000005,37.5006288999998,2,2080,2114,1.0,0.222,0.0,580.6,high,3140.3999999999996,16
CG_00380,126.6666783000004,37.51412889999978,3,1972,1963,1.0,0.0,0.0,492.967,high,2952.6000000000004,17
CG_00873,126.7296783000005,37.5006288999998,2,2762,2846,2.0,0.535,0.0,285.55,medium,2795.6000000000004,18
CG_00851,126.7274283000005,37.49837889999981,2,2762,2846,2.0,0.535,0.0,285.55,medium,2795.6000000000004,19
CG_00852,126.7274283000005,37.5006288999998,2,2762,2846,2.0,0.535,0.0,285.55,medium,2795.6000000000004,20
CG_00849,126.7274283000005,37.493878899999814,2,2762,2846,2.0,0.439,0.0,233.05,medium,2795.6000000000004,21
CG_00872,126.7296783000005,37.49837889999981,2,2762,2846,2.0,0.535,0.0,285.55,medium,2795.6000000000004,22
CG_00195,126.64192830000036,37.473628899999845,4,1770,1820,1.0,0.163,0.0,377.125,high,2685.0,23
CG_00194,126.64192830000036,37.47137889999985,4,1770,1820,1.0,0.163,0.0,377.125,high,2685.0,24
CG_00208,126.64417830000036,37.47137889999985,4,1770,1820,1.0,0.163,0.0,377.125,high,2685.0,25
CG_00435,126.6711783000004,37.51637889999978,2,1684,1671,1.0,0.0,0.0,407.05,high,2518.2000000000003,26
CG_00356,126.6644283000004,37.51637889999978,2,1684,1671,1.0,0.0,0.0,407.05,high,2518.2000000000003,27
CG_00407,126.6689283000004,37.51637889999978,2,1684,1671,1.0,0.0,0.0,407.05,high,2518.2000000000003,28
CG_00436,126.6711783000004,37.518628899999776,2,1684,1671,1.0,0.0,0.0,407.05,high,2518.2000000000003,29
CG_00406,126.6689283000004,37.51412889999978,2,1684,1671,1.0,0.0,0.0,407.05,high,2518.2000000000003,30
CG_00381,126.6666783000004,37.51637889999978,2,1684,1671,1.0,0.0,0.0,407.05,high,2518.2000000000003,31
CG_00920,126.73417830000051,37.532128899999755,3,2464,2478,2.0,0.222,0.0,388.0,medium,2469.6,32
CG_00197,126.64192830000036,37.47812889999984,3,1621,1639,1.0,0.0,0.0,456.0,high,2442.2999999999997,33
CG_00225,126.64642830000037,37.47587889999984,3,1621,1639,1.0,0.0,0.0,456.0,high,2442.2999999999997,34
CG_00211,126.64417830000036,37.47812889999984,3,1621,1639,1.0,0.0,0.0,456.0,high,2442.2999999999997,35
CG_00196,126.64192830000036,37.47587889999984,3,1621,1639,1.0,0.0,0.0,456.0,high,2442.2999999999997,36
CG_00210,126.64417830000036,37.47587889999984,3,1621,1639,1.0,0.0,0.0,456.0,high,2442.2999999999997,37
CG_00794,126.72067830000049,37.49612889999981,2,2414,2352,2.0,0.347,0.0,356.5,medium,2389.2,38
CG_00814,126.72292830000049,37.49612889999981,2,2414,2352,2.0,0.347,0.0,356.5,medium,2389.2,39
CG_00834,126.7251783000005,37.49612889999981,2,2414,2352,2.0,0.347,0.0,356.5,medium,2389.2,40
CG_00835,126.7251783000005,37.49837889999981,2,2414,2352,2.0,0.347,0.0,356.5,medium,2389.2,41
CG_00209,126.64417830000036,37.473628899999845,3,1432,1472,1.0,0.113,0.0,488.367,high,2172.0,42
CG_00772,126.71842830000048,37.49162889999982,2,2009,1958,2.0,0.125,0.0,351.5,medium,1988.6,43
CG_00742,126.71392830000048,37.5051288999998,2,1332,1299,1.0,0.0,0.0,991.35,high,1978.1999999999998,44
CG_00725,126.71167830000047,37.50737889999979,2,1332,1299,1.0,0.0,0.0,991.35,high,1978.1999999999998,45
CG_00724,126.71167830000047,37.5051288999998,2,1332,1299,1.0,0.0,0.0,991.35,high,1978.1999999999998,46
CG_00723,126.71167830000047,37.5028788999998,2,1332,1299,1.0,0.0,0.0,991.35,high,1978.1999999999998,47
CG_00654,126.70267830000046,37.50737889999979,2,1264,1357,1.0,0.0,0.0,500.7,high,1951.8000000000002,48
CG_00653,126.70267830000046,37.5051288999998,2,1264,1357,1.0,0.0,0.0,500.7,high,1951.8000000000002,49
CG_00655,126.70267830000046,37.50962889999979,2,1264,1357,1.0,0.0,0.0,500.7,high,1951.8000000000002,50
CG_00634,126.70042830000045,37.50737889999979,2,1264,1357,1.0,0.0,0.0,500.7,high,1951.8000000000002,51
CG_00633,126.70042830000045,37.5051288999998,2,1264,1357,1.0,0.0,0.0,500.7,high,1951.8000000000002,52
CG_00510,126.68017830000042,37.45112889999988,2,1851,1948,2.0,0.316,0.0,182.75,medium,1889.8,53
CG_00509,126.68017830000042,37.44887889999988,2,1851,1948,2.0,0.316,0.0,182.75,medium,1889.8,54
CG_00863,126.7274283000005,37.54337889999974,3,1867,1869,2.0,0.371,0.0,313.4,medium,1867.8000000000002,55
CG_00845,126.7274283000005,37.460128899999866,2,1790,1876,2.0,0.105,1.0,265.8,medium,1824.4,56
CG_00866,126.7296783000005,37.460128899999866,2,1790,1876,2.0,0.105,1.0,265.8,medium,1824.4,57
CG_00942,126.73642830000051,37.54337889999974,3,1827,1803,2.0,0.378,0.0,362.367,medium,1817.4,58
CG_00383,126.6666783000004,37.52087889999977,2,1768,1723,2.0,0.0,0.5,226.0,medium,1750.0,59
CG_00358,126.6644283000004,37.52087889999977,2,1768,1723,2.0,0.0,0.5,226.0,medium,1750.0,60
CG_00409,126.6689283000004,37.52087889999977,2,1768,1723,2.0,0.0,0.5,226.0,medium,1750.0,61
CG_00918,126.73417830000051,37.52762889999976,2,1699,1733,2.0,0.03,0.0,418.5,medium,1712.6,62
CG_00900,126.7319283000005,37.52762889999976,2,1699,1733,2.0,0.03,0.0,418.5,medium,1712.6,63
CG_00917,126.73417830000051,37.525378899999765,2,1699,1733,2.0,0.03,0.0,418.5,medium,1712.6,64
CG_00919,126.73417830000051,37.52987889999976,2,1699,1733,2.0,0.03,0.0,418.5,medium,1712.6,65
CG_00936,126.73642830000051,37.52762889999976,2,1699,1733,2.0,0.03,0.0,418.5,medium,1712.6,66
CG_00937,126.73642830000051,37.52987889999976,2,1699,1733,2.0,0.03,0.0,418.5,medium,1712.6,67
CG_00901,126.7319283000005,37.52987889999976,2,1699,1733,2.0,0.03,0.0,418.5,medium,1712.6,68
CG_00012,126.54967830000021,37.48937889999982,2,1157,1104,1.0,0.0,3.0,389.5,high,1703.6999999999998,69
CG_00015,126.55192830000021,37.48937889999982,2,1157,1104,1.0,0.0,3.0,389.5,high,1703.6999999999998,70
CG_00016,126.55192830000021,37.49162889999982,2,1157,1104,1.0,0.0,3.0,389.5,high,1703.6999999999998,71
CG_00231,126.64867830000037,37.3993789,2,1141,1112,1.0,0.281,0.0,594.2,high,1694.1000000000001,72
CG_00217,126.64642830000037,37.4016289,2,1141,1112,1.0,0.281,0.0,594.2,high,1694.1000000000001,73
CG_00232,126.64867830000037,37.4016289,2,1141,1112,1.0,0.281,0.0,594.2,high,1694.1000000000001,74
CG_00224,126.64642830000037,37.473628899999845,2,1103,1134,1.0,0.0,0.0,580.0,high,1673.1000000000001,75
CG_00355,126.6644283000004,37.51412889999978,2,1101,1114,1.0,0.0,0.0,633.45,high,1659.3000000000002,76
CG_00379,126.6666783000004,37.511878899999786,2,1101,1114,1.0,0.0,0.0,633.45,high,1659.3000000000002,77
CG_00226,126.64642830000037,37.47812889999984,2,1073,1075,1.0,0.0,0.0,468.0,high,1610.6999999999998,78
CG_00212,126.64417830000036,37.480378899999835,2,1073,1075,1.0,0.0,0.0,468.0,high,1610.6999999999998,79
CG_00240,126.64867830000037,37.47812889999984,2,1073,1075,1.0,0.0,0.0,468.0,high,1610.6999999999998,80
CG_00227,126.64642830000037,37.480378899999835,2,1073,1075,1.0,0.0,0.0,468.0,high,1610.6999999999998,81
CG_00448,126.67342830000041,37.466878899999855,2,1571,1653,2.0,0.477,0.0,267.0,medium,1603.8,82
CG_00449,126.67342830000041,37.46912889999985,2,1571,1653,2.0,0.477,0.0,267.0,medium,1603.8,83
CG_00894,126.7319283000005,37.49837889999981,1,1555,1670,2.0,0.626,0.0,162.1,medium,1601.0,84
CG_00933,126.73642830000051,37.49612889999981,1,1555,1670,2.0,0.626,0.0,162.1,medium,1601.0,85
CG_00934,126.73642830000051,37.49837889999981,1,1555,1670,2.0,0.626,0.0,162.1,medium,1601.0,86
CG_00913,126.73417830000051,37.493878899999814,1,1555,1670,2.0,0.626,0.0,162.1,medium,1601.0,87
CG_00916,126.73417830000051,37.5006288999998,1,1555,1670,2.0,0.626,0.0,162.1,medium,1601.0,88
CG_00871,126.7296783000005,37.49612889999981,1,1555,1670,2.0,0.626,0.0,162.1,medium,1601.0,89
CG_00892,126.7319283000005,37.493878899999814,1,1555,1670,2.0,0.626,0.0,162.1,medium,1601.0,90
CG_00893,126.7319283000005,37.49612889999981,1,1555,1670,2.0,0.626,0.0,162.1,medium,1601.0,91
CG_00895,126.7319283000005,37.5006288999998,1,1555,1670,2.0,0.626,0.0,162.1,medium,1601.0,92
CG_00870,126.7296783000005,37.493878899999814,1,1555,1670,2.0,0.626,0.0,162.1,medium,1601.0,93
CG_00914,126.73417830000051,37.49612889999981,1,1555,1670,2.0,0.626,0.0,162.1,medium,1601.0,94
CG_00915,126.73417830000051,37.49837889999981,1,1555,1670,2.0,0.626,0.0,162.1,medium,1601.0,95
CG_00188,126.64192830000036,37.3971289,2,1556,1515,2.0,0.523,0.0,245.15,medium,1539.6,96
CG_00189,126.64192830000036,37.3993789,2,1556,1515,2.0,0.523,0.0,245.15,medium,1539.6,97
CG_00905,126.7319283000005,37.538878899999744,2,1530,1490,2.0,0.633,0.0,411.5,medium,1514.0,98
CG_00923,126.73417830000051,37.538878899999744,2,1530,1490,2.0,0.633,0.0,411.5,medium,1514.0,99
CG_00884,126.7296783000005,37.538878899999744,2,1530,1490,2.0,0.633,0.0,411.5,medium,1514.0,100
CG_00861,126.7274283000005,37.538878899999744,2,1530,1490,2.0,0.633,0.0,411.5,medium,1514.0,101
CG_00906,126.7319283000005,37.54112889999974,2,1530,1490,2.0,0.633,0.0,411.5,medium,1514.0,102
CG_00628,126.70042830000045,37.46237889999986,2,1444,1518,2.0,0.529,0.5,161.1,medium,1473.6,103
CG_00629,126.70042830000045,37.46462889999986,2,1444,1518,2.0,0.529,0.5,161.1,medium,1473.6,104
CG_00615,126.69817830000045,37.46462889999986,2,1444,1518,2.0,0.529,0.5,161.1,medium,1473.6,105
CG_00614,126.69817830000045,37.46237889999986,2,1444,1518,2.0,0.529,0.5,161.1,medium,1473.6,106
CG_00649,126.70267830000046,37.48262889999983,2,1445,1507,2.0,0.544,0.0,311.0,medium,1469.8000000000002,107
CG_00056,126.61267830000031,37.4128789,2,982,956,1.0,0.0,0.0,617.55,high,1457.3999999999999,108
CG_00063,126.61492830000032,37.4128789,2,982,956,1.0,0.0,0.0,617.55,high,1457.3999999999999,109
CG_00735,126.71167830000047,37.597378899999654,2,1397,1361,2.0,0.0,0.0,201.5,medium,1382.6,110
CG_00736,126.71167830000047,37.59962889999965,2,1397,1361,2.0,0.0,0.0,201.5,medium,1382.6,111
CG_00911,126.73417830000051,37.48487889999983,1,1334,1432,2.0,0.302,0.0,305.9,medium,1373.2,112
CG_00912,126.73417830000051,37.487128899999824,1,1334,1432,2.0,0.302,0.0,305.9,medium,1373.2,113
CG_00891,126.7319283000005,37.48487889999983,1,1334,1432,2.0,0.302,0.0,305.9,medium,1373.2,114
CG_00932,126.73642830000051,37.48937889999982,1,1334,1432,2.0,0.302,0.0,305.9,medium,1373.2,115
CG_00931,126.73642830000051,37.487128899999824,1,1334,1432,2.0,0.302,0.0,305.9,medium,1373.2,116
CG_00930,126.73642830000051,37.48487889999983,1,1334,1432,2.0,0.302,0.0,305.9,medium,1373.2,117
CG_00972,126.74317830000052,37.487128899999824,1,1334,1432,2.0,0.302,0.0,305.9,medium,1373.2,118
CG_00929,126.73642830000051,37.48262889999983,1,1334,1432,2.0,0.302,0.0,305.9,medium,1373.2,119
CG_00910,126.73417830000051,37.48262889999983,1,1334,1432,2.0,0.302,0.0,305.9,medium,1373.2,120
CG_00948,126.73867830000052,37.48262889999983,1,1334,1432,2.0,0.302,0.0,305.9,medium,1373.2,121
CG_00949,126.73867830000052,37.48487889999983,1,1334,1432,2.0,0.302,0.0,305.9,medium,1373.2,122
CG_00950,126.73867830000052,37.487128899999824,1,1334,1432,2.0,0.302,0.0,305.9,medium,1373.2,123
CG_00951,126.73867830000052,37.48937889999982,1,1334,1432,2.0,0.302,0.0,305.9,medium,1373.2,124
CG_00964,126.74092830000052,37.487128899999824,1,1334,1432,2.0,0.302,0.0,305.9,medium,1373.2,125
CG_00971,126.74317830000052,37.48487889999983,1,1334,1432,2.0,0.302,0.0,305.9,medium,1373.2,126
CG_00962,126.74092830000052,37.48262889999983,1,1334,1432,2.0,0.302,0.0,305.9,medium,1373.2,127
CG_00963,126.74092830000052,37.48487889999983,1,1334,1432,2.0,0.302,0.0,305.9,medium,1373.2,128
CG_00777,126.71842830000048,37.5028788999998,1,873,938,1.0,0.0,0.0,752.2,high,1348.5,129
CG_00775,126.71842830000048,37.49837889999981,1,873,938,1.0,0.0,0.0,752.2,high,1348.5,130
CG_00797,126.72067830000049,37.5028788999998,1,873,938,1.0,0.0,0.0,752.2,high,1348.5,131
CG_00798,126.72067830000049,37.5051288999998,1,873,938,1.0,0.0,0.0,752.2,high,1348.5,132
CG_00776,126.71842830000048,37.5006288999998,1,873,938,1.0,0.0,0.0,752.2,high,1348.5,133
CG_00778,126.71842830000048,37.5051288999998,1,873,938,1.0,0.0,0.0,752.2,high,1348.5,134
CG_00818,126.72292830000049,37.5051288999998,1,873,938,1.0,0.0,0.0,752.2,high,1348.5,135
CG_00669,126.70492830000046,37.50962889999979,1,870,934,1.0,0.0,0.0,801.4,high,1343.4,136
CG_00862,126.7274283000005,37.54112889999974,2,1344,1336,2.0,0.556,0.0,320.1,medium,1340.8,137
CG_00907,126.7319283000005,37.54337889999974,2,1288,1278,2.0,0.331,0.0,398.0,medium,1284.0,138
CG_00886,126.7296783000005,37.54337889999974,2,1288,1278,2.0,0.331,0.0,398.0,medium,1284.0,139
CG_00925,126.73417830000051,37.54337889999974,2,1288,1278,2.0,0.331,0.0,398.0,medium,1284.0,140
CG_00560,126.68692830000043,37.45787889999987,1,824,867,1.0,0.0,0.0,947.1,high,1261.8000000000002,141
CG_00549,126.68467830000043,37.45787889999987,1,824,867,1.0,0.0,0.0,947.1,high,1261.8000000000002,142
CG_00571,126.68917830000044,37.46462889999986,1,824,867,1.0,0.0,0.0,947.1,high,1261.8000000000002,143
CG_00570,126.68917830000044,37.46237889999986,1,824,867,1.0,0.0,0.0,947.1,high,1261.8000000000002,144
CG_00563,126.68692830000043,37.46462889999986,1,824,867,1.0,0.0,0.0,947.1,high,1261.8000000000002,145
CG_00569,126.68917830000044,37.460128899999866,1,824,867,1.0,0.0,0.0,947.1,high,1261.8000000000002,146
CG_00562,126.68692830000043,37.46237889999986,1,824,867,1.0,0.0,0.0,947.1,high,1261.8000000000002,147
CG_00532,126.68242830000042,37.46237889999986,1,824,867,1.0,0.0,0.0,947.1,high,1261.8000000000002,148
CG_00533,126.68242830000042,37.46462889999986,1,824,867,1.0,0.0,0.0,947.1,high,1261.8000000000002,149
CG_00561,126.68692830000043,37.460128899999866,1,824,867,1.0,0.0,0.0,947.1,high,1261.8000000000002,150
CG_00552,126.68467830000043,37.46462889999986,1,824,867,1.0,0.0,0.0,947.1,high,1261.8000000000002,151
CG_00551,126.68467830000043,37.46237889999986,1,824,867,1.0,0.0,0.0,947.1,high,1261.8000000000002,152
CG_00550,126.68467830000043,37.460128899999866,1,824,867,1.0,0.0,0.0,947.1,high,1261.8000000000002,153
CG_00130,126.63292830000034,37.3858789,2,1265,1233,2.0,0.422,0.0,57.0,medium,1252.2,154
CG_00180,126.63967830000036,37.47137889999985,3,1215,1250,2.0,0.217,0.0,260.167,medium,1229.0,155
CG_00166,126.63742830000035,37.47137889999985,3,1215,1250,2.0,0.217,0.0,260.167,medium,1229.0,156
CG_00181,126.63967830000036,37.473628899999845,3,1215,1250,2.0,0.217,0.0,260.167,medium,1229.0,157
CG_00479,126.67567830000041,37.51412889999978,1,813,822,1.0,0.0,0.0,602.1,high,1224.8999999999999,158
CG_00457,126.67342830000041,37.51637889999978,1,813,822,1.0,0.0,0.0,602.1,high,1224.8999999999999,159
CG_00433,126.6711783000004,37.511878899999786,1,813,822,1.0,0.0,0.0,602.1,high,1224.8999999999999,160
CG_00405,126.6689283000004,37.511878899999786,1,813,822,1.0,0.0,0.0,602.1,high,1224.8999999999999,161
CG_00455,126.67342830000041,37.511878899999786,1,813,822,1.0,0.0,0.0,602.1,high,1224.8999999999999,162
CG_00456,126.67342830000041,37.51412889999978,1,813,822,1.0,0.0,0.0,602.1,high,1224.8999999999999,163
CG_00434,126.6711783000004,37.51412889999978,1,813,822,1.0,0.0,0.0,602.1,high,1224.8999999999999,164
CG_00826,126.7251783000005,37.460128899999866,1,1198,1255,2.0,0.21,2.0,147.6,medium,1220.8,165
CG_00828,126.7251783000005,37.46462889999986,1,1198,1255,2.0,0.21,2.0,147.6,medium,1220.8,166
CG_00848,126.7274283000005,37.466878899999855,1,1198,1255,2.0,0.21,2.0,147.6,medium,1220.8,167
CG_00868,126.7296783000005,37.46462889999986,1,1198,1255,2.0,0.21,2.0,147.6,medium,1220.8,168
CG_00847,126.7274283000005,37.46462889999986,1,1198,1255,2.0,0.21,2.0,147.6,medium,1220.8,169
CG_00846,126.7274283000005,37.46237889999986,1,1198,1255,2.0,0.21,2.0,147.6,medium,1220.8,170
CG_00867,126.7296783000005,37.46237889999986,1,1198,1255,2.0,0.21,2.0,147.6,medium,1220.8,171
CG_00827,126.7251783000005,37.46237889999986,1,1198,1255,2.0,0.21,2.0,147.6,medium,1220.8,172
CG_00869,126.7296783000005,37.466878899999855,1,1198,1255,2.0,0.21,2.0,147.6,medium,1220.8,173
CG_00829,126.7251783000005,37.466878899999855,1,1198,1255,2.0,0.21,2.0,147.6,medium,1220.8,174
CG_00807,126.72292830000049,37.46237889999986,1,1198,1255,2.0,0.21,2.0,147.6,medium,1220.8,175
CG_00808,126.72292830000049,37.46462889999986,1,1198,1255,2.0,0.21,2.0,147.6,medium,1220.8,176
CG_00774,126.71842830000048,37.49612889999981,1,1207,1176,2.0,0.251,0.0,304.0,medium,1194.6,177
CG_00832,126.7251783000005,37.49162889999982,1,1207,1176,2.0,0.251,0.0,304.0,medium,1194.6,178
CG_00812,126.72292830000049,37.49162889999982,1,1207,1176,2.0,0.251,0.0,304.0,medium,1194.6,179
CG_00773,126.71842830000048,37.493878899999814,1,1207,1176,2.0,0.251,0.0,304.0,medium,1194.6,180
CG_00792,126.72067830000049,37.49162889999982,1,1207,1176,2.0,0.251,0.0,304.0,medium,1194.6,181
CG_00793,126.72067830000049,37.493878899999814,1,1207,1176,2.0,0.251,0.0,304.0,medium,1194.6,182
CG_00813,126.72292830000049,37.493878899999814,1,1207,1176,2.0,0.251,0.0,304.0,medium,1194.6,183
CG_00833,126.7251783000005,37.493878899999814,1,1207,1176,2.0,0.251,0.0,304.0,medium,1194.6,184
CG_00853,126.7274283000005,37.5028788999998,1,1207,1176,2.0,0.444,0.0,409.0,medium,1194.6,185
CG_00726,126.71167830000047,37.50962889999979,1,802,782,1.0,0.0,0.0,839.7,high,1191.0,186
CG_00700,126.70942830000047,37.5028788999998,1,802,782,1.0,0.0,0.0,839.7,high,1191.0,187
CG_00683,126.70717830000046,37.50962889999979,1,802,782,1.0,0.0,0.0,839.7,high,1191.0,188
CG_00680,126.70717830000046,37.5028788999998,1,802,782,1.0,0.0,0.0,839.7,high,1191.0,189
CG_00703,126.70942830000047,37.50962889999979,1,802,782,1.0,0.0,0.0,839.7,high,1191.0,190
CG_00743,126.71392830000048,37.50737889999979,1,802,782,1.0,0.0,0.0,839.7,high,1191.0,191
CG_00627,126.70042830000045,37.460128899999866,1,1092,1149,2.0,0.682,0.0,73.2,medium,1114.8,192
CG_00626,126.70042830000045,37.45787889999987,1,1092,1149,2.0,0.682,0.0,73.2,medium,1114.8,193
CG_00598,126.69592830000045,37.45787889999987,1,1092,1149,2.0,0.682,0.0,73.2,medium,1114.8,194
CG_00601,126.69592830000045,37.46462889999986,1,1092,1149,2.0,0.682,0.0,73.2,medium,1114.8,195
CG_00600,126.69592830000045,37.46237889999986,1,1092,1149,2.0,0.682,0.0,73.2,medium,1114.8,196
CG_00613,126.69817830000045,37.460128899999866,1,1092,1149,2.0,0.682,0.0,73.2,medium,1114.8,197
CG_00612,126.69817830000045,37.45787889999987,1,1092,1149,2.0,0.682,0.0,73.2,medium,1114.8,198
CG_00588,126.69367830000044,37.45787889999987,1,1092,1149,2.0,0.682,0.0,73.2,medium,1114.8,199
CG_00589,126.69367830000044,37.460128899999866,1,1092,1149,2.0,0.682,0.0,73.2,medium,1114.8,200
CG_00579,126.69142830000044,37.460128899999866,1,1092,1149,2.0,0.682,0.0,73.2,medium,1114.8,201
CG_00578,126.69142830000044,37.45787889999987,1,1092,1149,2.0,0.682,0.0,73.2,medium,1114.8,202
CG_00590,126.69367830000044,37.46237889999986,1,1092,1149,2.0,0.682,0.0,73.2,medium,1114.8,203
CG_00591,126.69367830000044,37.46462889999986,1,1092,1149,2.0,0.682,0.0,73.2,medium,1114.8,204
CG_00599,126.69592830000045,37.460128899999866,1,1092,1149,2.0,0.682,0.0,73.2,medium,1114.8,205
CG_00644,126.70267830000046,37.460128899999866,1,1092,1149,2.0,0.682,0.0,73.2,medium,1114.8,206
CG_00234,126.64867830000037,37.4218789,1,1089,1061,2.0,0.705,2.0,204.8,medium,1077.8,207
CG_00253,126.65092830000037,37.4241289,1,1089,1061,2.0,0.705,2.0,204.8,medium,1077.8,208
CG_00252,126.65092830000037,37.4218789,1,1089,1061,2.0,0.705,2.0,204.8,medium,1077.8,209
CG_00220,126.64642830000037,37.4218789,1,1089,1061,2.0,0.705,2.0,204.8,medium,1077.8,210
CG_00254,126.65092830000037,37.4263789,1,1089,1061,2.0,0.705,2.0,204.8,medium,1077.8,211
CG_00236,126.64867830000037,37.4263789,1,1089,1061,2.0,0.705,2.0,204.8,medium,1077.8,212
CG_00237,126.64867830000037,37.4286289,1,1089,1061,2.0,0.705,2.0,204.8,medium,1077.8,213
CG_00235,126.64867830000037,37.4241289,1,1089,1061,2.0,0.705,2.0,204.8,medium,1077.8,214
CG_00221,126.64642830000037,37.4241289,1,1089,1061,2.0,0.705,2.0,204.8,medium,1077.8,215
CG_00266,126.65317830000038,37.4218789,1,1089,1061,2.0,0.705,2.0,204.8,medium,1077.8,216
CG_00267,126.65317830000038,37.4241289,1,1089,1061,2.0,0.705,2.0,204.8,medium,1077.8,217
CG_00206,126.64417830000036,37.4241289,1,1089,1061,2.0,0.705,2.0,204.8,medium,1077.8,218
CG_00268,126.65317830000038,37.4263789,1,1089,1061,2.0,0.705,2.0,204.8,medium,1077.8,219
CG_00222,126.64642830000037,37.4263789,1,1089,1061,2.0,0.705,2.0,204.8,medium,1077.8,220
CG_00371,126.6666783000004,37.466878899999855,1,1050,1105,2.0,0.523,0.0,254.6,medium,1072.0,221
CG_00398,126.6689283000004,37.47137889999985,1,1050,1105,2.0,0.523,0.0,254.6,medium,1072.0,222
CG_00424,126.6711783000004,37.46912889999985,1,1050,1105,2.0,0.523,0.0,254.6,medium,1072.0,223
CG_00425,126.6711783000004,37.47137889999985,1,1050,1105,2.0,0.523,0.0,254.6,medium,1072.0,224
CG_00423,126.6711783000004,37.466878899999855,1,1050,1105,2.0,0.523,0.0,254.6,medium,1072.0,225
CG_00372,126.6666783000004,37.46912889999985,1,1050,1105,2.0,0.523,0.0,254.6,medium,1072.0,226
CG_00373,126.6666783000004,37.47137889999985,1,1050,1105,2.0,0.523,0.0,254.6,medium,1072.0,227
CG_00352,126.6644283000004,37.47137889999985,1,1050,1105,2.0,0.523,0.0,254.6,medium,1072.0,228
CG_00396,126.6689283000004,37.466878899999855,1,1050,1105,2.0,0.523,0.0,254.6,medium,1072.0,229
CG_00397,126.6689283000004,37.46912889999985,1,1050,1105,2.0,0.523,0.0,254.6,medium,1072.0,230
CG_00350,126.6644283000004,37.466878899999855,1,1050,1105,2.0,0.523,0.0,254.6,medium,1072.0,231
CG_00351,126.6644283000004,37.46912889999985,1,1050,1105,2.0,0.523,0.0,254.6,medium,1072.0,232
CG_00529,126.68242830000042,37.44887889999988,1,1049,1104,2.0,0.324,0.0,60.5,medium,1071.0,233
CG_00545,126.68467830000043,37.44662889999989,1,1049,1104,2.0,0.324,0.0,60.5,medium,1071.0,234
CG_00557,126.68692830000043,37.44887889999988,1,1049,1104,2.0,0.324,0.0,60.5,medium,1071.0,235
CG_00556,126.68692830000043,37.44662889999989,1,1049,1104,2.0,0.324,0.0,60.5,medium,1071.0,236
CG_00548,126.68467830000043,37.453378899999876,1,1049,1104,2.0,0.324,0.0,60.5,medium,1071.0,237
CG_00547,126.68467830000043,37.45112889999988,1,1049,1104,2.0,0.324,0.0,60.5,medium,1071.0,238
CG_00546,126.68467830000043,37.44887889999988,1,1049,1104,2.0,0.324,0.0,60.5,medium,1071.0,239
CG_00558,126.68692830000043,37.45112889999988,1,1049,1104,2.0,0.324,0.0,60.5,medium,1071.0,240
CG_00559,126.68692830000043,37.453378899999876,1,1049,1104,2.0,0.324,0.0,60.5,medium,1071.0,241
CG_00528,126.68242830000042,37.44662889999989,1,1049,1104,2.0,0.324,0.0,60.5,medium,1071.0,242
CG_00531,126.68242830000042,37.453378899999876,1,1049,1104,2.0,0.324,0.0,60.5,medium,1071.0,243
CG_00568,126.68917830000044,37.45112889999988,1,1049,1104,2.0,0.324,0.0,60.5,medium,1071.0,244
CG_00530,126.68242830000042,37.45112889999988,1,1049,1104,2.0,0.324,0.0,60.5,medium,1071.0,245
CG_00567,126.68917830000044,37.44887889999988,1,1049,1104,2.0,0.324,0.0,60.5,medium,1071.0,246
CG_00508,126.68017830000042,37.44662889999989,1,1049,1104,2.0,0.324,0.0,60.5,medium,1071.0,247
CG_00182,126.63967830000036,37.47587889999984,2,1066,1069,2.0,0.0,0.0,320.0,medium,1067.2,248
CG_00943,126.73642830000051,37.545628899999734,2,1062,1058,2.0,0.236,0.0,295.55,medium,1060.4,249
CG_00203,126.64417830000036,37.4016289,1,1042,1015,2.0,0.563,0.0,270.5,medium,1031.1999999999998,250
CG_00202,126.64417830000036,37.3993789,1,1042,1015,2.0,0.563,0.0,270.5,medium,1031.1999999999998,251
CG_00215,126.64642830000037,37.3971289,1,1042,1015,2.0,0.563,0.0,270.5,medium,1031.1999999999998,252
CG_00214,126.64642830000037,37.3948789,1,1042,1015,2.0,0.563,0.0,270.5,medium,1031.1999999999998,253
CG_00229,126.64867830000037,37.3948789,1,1042,1015,2.0,0.563,0.0,270.5,medium,1031.1999999999998,254
CG_00230,126.64867830000037,37.3971289,1,1042,1015,2.0,0.563,0.0,270.5,medium,1031.1999999999998,255
CG_00201,126.64417830000036,37.3971289,1,1042,1015,2.0,0.563,0.0,270.5,medium,1031.1999999999998,256
CG_00200,126.64417830000036,37.3948789,1,1042,1015,2.0,0.563,0.0,270.5,medium,1031.1999999999998,257
CG_00187,126.64192830000036,37.3948789,1,1042,1015,2.0,0.563,0.0,270.5,medium,1031.1999999999998,258
CG_00216,126.64642830000037,37.3993789,1,1042,1015,2.0,0.563,0.0,270.5,medium,1031.1999999999998,259
CG_00292,126.65542830000038,37.460128899999866,2,1009,1061,2.0,0.0,0.0,52.0,medium,1029.8,260
CG_00293,126.65542830000038,37.46237889999986,2,1009,1061,2.0,0.0,0.0,52.0,medium,1029.8,261
CG_00326,126.65992830000039,37.46237889999986,2,1009,1061,2.0,0.0,0.0,52.0,medium,1029.8,262
CG_00272,126.65317830000038,37.46237889999986,2,1009,1061,2.0,0.0,0.0,52.0,medium,1029.8,263
CG_00310,126.65767830000038,37.460128899999866,2,1009,1061,2.0,0.0,0.0,52.0,medium,1029.8,264
CG_00311,126.65767830000038,37.46237889999986,2,1009,1061,2.0,0.0,0.0,52.0,medium,1029.8,265
CG_00602,126.69592830000045,37.47812889999984,1,990,1063,2.0,0.419,0.0,300.0,medium,1019.2,266
CG_00603,126.69592830000045,37.480378899999835,1,990,1063,2.0,0.419,0.0,300.0,medium,1019.2,267
CG_00604,126.69592830000045,37.48262889999983,1,990,1063,2.0,0.419,0.0,300.0,medium,1019.2,268
CG_00630,126.70042830000045,37.47812889999984,1,990,1063,2.0,0.419,0.0,300.0,medium,1019.2,269
CG_00618,126.69817830000045,37.48262889999983,1,990,1063,2.0,0.419,0.0,300.0,medium,1019.2,270
CG_00616,126.69817830000045,37.47812889999984,1,990,1063,2.0,0.419,0.0,300.0,medium,1019.2,271
CG_00631,126.70042830000045,37.480378899999835,1,990,1063,2.0,0.419,0.0,300.0,medium,1019.2,272
CG_00632,126.70042830000045,37.48262889999983,1,990,1063,2.0,0.419,0.0,300.0,medium,1019.2,273
CG_00617,126.69817830000045,37.480378899999835,1,990,1063,2.0,0.419,0.0,300.0,medium,1019.2,274
CG_00648,126.70267830000046,37.480378899999835,1,990,1063,2.0,0.419,0.0,300.0,medium,1019.2,275
CG_00647,126.70267830000046,37.47812889999984,1,990,1063,2.0,0.419,0.0,300.0,medium,1019.2,276
CG_00320,126.65992830000039,37.44887889999988,2,668,691,1.0,0.329,0.0,558.0,high,1015.8000000000001,277
CG_00137,126.63292830000034,37.466878899999855,2,668,647,1.0,0.0,4.5,627.95,high,989.4000000000001,278
CG_00665,126.70492830000046,37.49612889999981,2,949,985,2.0,0.0,0.0,330.0,medium,963.4,279
CG_00676,126.70717830000046,37.49162889999982,2,949,985,2.0,0.0,0.0,330.0,medium,963.4,280
CG_00698,126.70942830000047,37.49612889999981,2,949,985,2.0,0.0,0.0,330.0,medium,963.4,281
CG_00678,126.70717830000046,37.49612889999981,2,949,985,2.0,0.0,0.0,330.0,medium,963.4,282
CG_00677,126.70717830000046,37.493878899999814,2,949,985,2.0,0.0,0.0,330.0,medium,963.4,283
CG_00699,126.70942830000047,37.49837889999981,2,949,985,2.0,0.0,0.0,330.0,medium,963.4,284
CG_00697,126.70942830000047,37.493878899999814,2,949,985,2.0,0.0,0.0,330.0,medium,963.4,285
CG_00664,126.70492830000046,37.493878899999814,2,949,985,2.0,0.0,0.0,330.0,medium,963.4,286
CG_00452,126.67342830000041,37.49837889999981,2,615,611,1.0,0.0,0.0,439.1,high,920.0999999999999,287
CG_00403,126.6689283000004,37.5006288999998,2,615,611,1.0,0.0,0.0,439.1,high,920.0999999999999,288
CG_00402,126.6689283000004,37.49837889999981,2,615,611,1.0,0.0,0.0,439.1,high,920.0999999999999,289
CG_00430,126.6711783000004,37.5006288999998,2,615,611,1.0,0.0,0.0,439.1,high,920.0999999999999,290
CG_00401,126.6689283000004,37.49612889999981,2,615,611,1.0,0.0,0.0,439.1,high,920.0999999999999,291
CG_00428,126.6711783000004,37.49612889999981,2,615,611,1.0,0.0,0.0,439.1,high,920.0999999999999,292
CG_00429,126.6711783000004,37.49837889999981,2,615,611,1.0,0.0,0.0,439.1,high,920.0999999999999,293
CG_00375,126.6666783000004,37.49837889999981,2,615,611,1.0,0.0,0.0,439.1,high,920.0999999999999,294
CG_00167,126.63742830000035,37.473628899999845,2,886,912,2.0,0.157,0.0,237.7,medium,896.4000000000001,295
CG_00955,126.73867830000052,37.532128899999755,1,885,902,2.0,0.0,0.0,437.0,medium,891.8,296
CG_00953,126.73867830000052,37.52762889999976,1,885,902,2.0,0.0,0.0,437.0,medium,891.8,297
CG_00954,126.73867830000052,37.52987889999976,1,885,902,2.0,0.0,0.0,437.0,medium,891.8,298
CG_00952,126.73867830000052,37.525378899999765,1,885,902,2.0,0.0,0.0,437.0,medium,891.8,299
CG_00966,126.74092830000052,37.52987889999976,1,885,902,2.0,0.0,0.0,437.0,medium,891.8,300
CG_00965,126.74092830000052,37.52762889999976,1,885,902,2.0,0.0,0.0,437.0,medium,891.8,301
CG_00938,126.73642830000051,37.532128899999755,1,885,902,2.0,0.0,0.0,437.0,medium,891.8,302
CG_00935,126.73642830000051,37.525378899999765,1,885,902,2.0,0.0,0.0,437.0,medium,891.8,303
CG_00385,126.6666783000004,37.525378899999765,1,897,874,2.0,0.0,1.0,240.0,medium,887.8,304
CG_00384,126.6666783000004,37.52312889999977,1,897,874,2.0,0.0,1.0,240.0,medium,887.8,305
CG_00458,126.67342830000041,37.52087889999977,1,897,874,2.0,0.0,1.0,240.0,medium,887.8,306
CG_00437,126.6711783000004,37.52087889999977,1,897,874,2.0,0.0,1.0,240.0,medium,887.8,307
CG_00411,126.6689283000004,37.525378899999765,1,897,874,2.0,0.0,1.0,240.0,medium,887.8,308
CG_00410,126.6689283000004,37.52312889999977,1,897,874,2.0,0.0,1.0,240.0,medium,887.8,309
CG_00359,126.6644283000004,37.52312889999977,1,897,874,2.0,0.0,1.0,240.0,medium,887.8,310
CG_00438,126.6711783000004,37.52312889999977,1,897,874,2.0,0.0,1.0,240.0,medium,887.8,311
CG_00439,126.6711783000004,37.525378899999765,1,897,874,2.0,0.0,1.0,240.0,medium,887.8,312
CG_00459,126.67342830000041,37.52312889999977,1,897,874,2.0,0.0,1.0,240.0,medium,887.8,313
CG_00507,126.67792830000042,37.52987889999976,1,871,849,2.0,0.0,0.0,65.0,medium,862.2,314
CG_00343,126.66217830000039,37.532128899999755,1,871,849,2.0,0.0,0.0,98.0,medium,862.2,315
CG_00342,126.66217830000039,37.52987889999976,1,871,849,2.0,0.0,0.0,98.0,medium,862.2,316
CG_00504,126.67792830000042,37.52312889999977,1,871,849,2.0,0.0,0.0,65.0,medium,862.2,317
CG_00505,126.67792830000042,37.525378899999765,1,871,849,2.0,0.0,0.0,65.0,medium,862.2,318
CG_00340,126.66217830000039,37.518628899999776,1,871,849,2.0,0.0,0.0,212.0,medium,862.2,319
CG_00341,126.66217830000039,37.52762889999976,1,871,849,2.0,0.0,0.0,98.0,medium,862.2,320
CG_00339,126.66217830000039,37.51637889999978,1,871,849,2.0,0.0,0.0,212.0,medium,862.2,321
CG_00767,126.71617830000048,37.60187889999965,1,871,849,2.0,0.0,0.0,190.0,medium,862.2,322
CG_00387,126.6666783000004,37.52987889999976,1,871,849,2.0,0.0,0.0,98.0,medium,862.2,323
CG_00386,126.6666783000004,37.52762889999976,1,871,849,2.0,0.0,0.0,98.0,medium,862.2,324
CG_00765,126.71617830000048,37.597378899999654,1,871,849,2.0,0.0,0.0,190.0,medium,862.2,325
CG_00766,126.71617830000048,37.59962889999965,1,871,849,2.0,0.0,0.0,190.0,medium,862.2,326
CG_00360,126.6644283000004,37.52762889999976,1,871,849,2.0,0.0,0.0,98.0,medium,862.2,327
CG_00361,126.6644283000004,37.52987889999976,1,871,849,2.0,0.0,0.0,98.0,medium,862.2,328
CG_00357,126.6644283000004,37.518628899999776,1,871,849,2.0,0.0,0.0,212.0,medium,862.2,329
CG_00362,126.6644283000004,37.532128899999755,1,871,849,2.0,0.0,0.0,98.0,medium,862.2,330
CG_00524,126.68017830000042,37.52312889999977,1,871,849,2.0,0.0,0.0,65.0,medium,862.2,331
CG_00525,126.68017830000042,37.525378899999765,1,871,849,2.0,0.0,0.0,65.0,medium,862.2,332
CG_00527,126.68017830000042,37.52987889999976,1,871,849,2.0,0.0,0.0,65.0,medium,862.2,333
CG_00526,126.68017830000042,37.52762889999976,1,871,849,2.0,0.0,0.0,65.0,medium,862.2,334
CG_00388,126.6666783000004,37.532128899999755,1,871,849,2.0,0.0,0.0,98.0,medium,862.2,335
CG_00764,126.71617830000048,37.59512889999966,1,871,849,2.0,0.0,0.0,190.0,medium,862.2,336
CG_00506,126.67792830000042,37.52762889999976,1,871,849,2.0,0.0,0.0,65.0,medium,862.2,337
CG_00329,126.65992830000039,37.52762889999976,1,871,849,2.0,0.0,0.0,98.0,medium,862.2,338
CG_00737,126.71167830000047,37.60187889999965,1,871,849,2.0,0.0,0.0,190.0,medium,862.2,339
CG_00748,126.71392830000048,37.59512889999966,1,871,849,2.0,0.0,0.0,190.0,medium,862.2,340
CG_00330,126.65992830000039,37.52987889999976,1,871,849,2.0,0.0,0.0,98.0,medium,862.2,341
CG_00751,126.71392830000048,37.60187889999965,1,871,849,2.0,0.0,0.0,190.0,medium,862.2,342
CG_00412,126.6689283000004,37.52762889999976,1,871,849,2.0,0.0,0.0,98.0,medium,862.2,343
CG_00413,126.6689283000004,37.52987889999976,1,871,849,2.0,0.0,0.0,98.0,medium,862.2,344
CG_00483,126.67567830000041,37.52987889999976,1,871,849,2.0,0.0,0.0,65.0,medium,862.2,345
CG_00481,126.67567830000041,37.525378899999765,1,871,849,2.0,0.0,0.0,65.0,medium,862.2,346
CG_00461,126.67342830000041,37.52762889999976,1,871,849,2.0,0.0,0.0,65.0,medium,862.2,347
CG_00414,126.6689283000004,37.532128899999755,1,871,849,2.0,0.0,0.0,98.0,medium,862.2,348
CG_00480,126.67567830000041,37.52312889999977,1,871,849,2.0,0.0,0.0,65.0,medium,862.2,349
CG_00460,126.67342830000041,37.525378899999765,1,871,849,2.0,0.0,0.0,65.0,medium,862.2,350
CG_00749,126.71392830000048,37.597378899999654,1,871,849,2.0,0.0,0.0,190.0,medium,862.2,351
CG_00750,126.71392830000048,37.59962889999965,1,871,849,2.0,0.0,0.0,190.0,medium,862.2,352
CG_00482,126.67567830000041,37.52762889999976,1,871,849,2.0,0.0,0.0,65.0,medium,862.2,353
CG_00544,126.68242830000042,37.52762889999976,1,871,849,2.0,0.0,0.0,65.0,medium,862.2,354
CG_00543,126.68242830000042,37.525378899999765,1,871,849,2.0,0.0,0.0,65.0,medium,862.2,355
CG_00802,126.72067830000049,37.54337889999974,2,849,854,2.0,0.464,0.0,206.2,medium,851.0,356
CG_00801,126.72067830000049,37.54112889999974,2,849,854,2.0,0.464,0.0,206.2,medium,851.0,357
CG_00785,126.71842830000048,37.54337889999974,2,849,854,2.0,0.464,0.0,206.2,medium,851.0,358
CG_00784,126.71842830000048,37.54112889999974,2,849,854,2.0,0.464,0.0,206.2,medium,851.0,359
CG_00800,126.72067830000049,37.538878899999744,2,849,854,2.0,0.464,0.0,206.2,medium,851.0,360
CG_00238,126.64867830000037,37.473628899999845,1,555,570,1.0,0.0,0.0,728.0,high,841.5,361
CG_00239,126.64867830000037,37.47587889999984,1,555,570,1.0,0.0,0.0,728.0,high,841.5,362
CG_00223,126.64642830000037,37.47137889999985,1,555,570,1.0,0.0,0.0,728.0,high,841.5,363
CG_00858,126.7274283000005,37.52762889999976,1,814,831,2.0,0.06,0.0,400.0,medium,820.8,364
CG_00878,126.7296783000005,37.525378899999765,1,814,831,2.0,0.06,0.0,400.0,medium,820.8,365
CG_00859,126.7274283000005,37.52987889999976,1,814,831,2.0,0.06,0.0,400.0,medium,820.8,366
CG_00880,126.7296783000005,37.52987889999976,1,814,831,2.0,0.06,0.0,400.0,medium,820.8,367
CG_00881,126.7296783000005,37.532128899999755,1,814,831,2.0,0.06,0.0,400.0,medium,820.8,368
CG_00902,126.7319283000005,37.532128899999755,1,814,831,2.0,0.06,0.0,400.0,medium,820.8,369
CG_00899,126.7319283000005,37.525378899999765,1,814,831,2.0,0.06,0.0,400.0,medium,820.8,370
CG_00879,126.7296783000005,37.52762889999976,1,814,831,2.0,0.06,0.0,400.0,medium,820.8,371
CG_00469,126.67567830000041,37.453378899999876,1,802,844,2.0,0.308,0.0,305.0,medium,818.8,372
CG_00445,126.67342830000041,37.44887889999988,1,802,844,2.0,0.308,0.0,305.0,medium,818.8,373
CG_00447,126.67342830000041,37.453378899999876,1,802,844,2.0,0.308,0.0,305.0,medium,818.8,374
CG_00466,126.67567830000041,37.44662889999989,1,802,844,2.0,0.308,0.0,305.0,medium,818.8,375
CG_00467,126.67567830000041,37.44887889999988,1,802,844,2.0,0.308,0.0,305.0,medium,818.8,376
CG_00491,126.67792830000042,37.453378899999876,1,802,844,2.0,0.308,0.0,305.0,medium,818.8,377
CG_00490,126.67792830000042,37.45112889999988,1,802,844,2.0,0.308,0.0,305.0,medium,818.8,378
CG_00488,126.67792830000042,37.44662889999989,1,802,844,2.0,0.308,0.0,305.0,medium,818.8,379
CG_00489,126.67792830000042,37.44887889999988,1,802,844,2.0,0.308,0.0,305.0,medium,818.8,380
CG_00444,126.67342830000041,37.44662889999989,1,802,844,2.0,0.308,0.0,305.0,medium,818.8,381
CG_00446,126.67342830000041,37.45112889999988,1,802,844,2.0,0.308,0.0,305.0,medium,818.8,382
CG_00468,126.67567830000041,37.45112889999988,1,802,844,2.0,0.308,0.0,305.0,medium,818.8,383
CG_00417,126.6711783000004,37.44887889999988,1,802,844,2.0,0.308,0.0,305.0,medium,818.8,384
CG_00419,126.6711783000004,37.453378899999876,1,802,844,2.0,0.308,0.0,305.0,medium,818.8,385
CG_00418,126.6711783000004,37.45112889999988,1,802,844,2.0,0.308,0.0,305.0,medium,818.8,386
CG_00511,126.68017830000042,37.453378899999876,1,802,844,2.0,0.308,0.0,305.0,medium,818.8,387
CG_00729,126.71167830000047,37.53437889999975,2,803,819,2.0,0.0,0.0,178.0,medium,809.4,388
CG_00831,126.7251783000005,37.48937889999982,1,802,782,2.0,0.0,0.0,399.0,medium,794.0,389
CG_00809,126.72292830000049,37.48487889999983,1,802,782,2.0,0.0,0.0,399.0,medium,794.0,390
CG_00756,126.71617830000048,37.48937889999982,1,802,782,2.0,0.0,0.0,399.0,medium,794.0,391
CG_00770,126.71842830000048,37.487128899999824,1,802,782,2.0,0.0,0.0,399.0,medium,794.0,392
CG_00769,126.71842830000048,37.48487889999983,1,802,782,2.0,0.0,0.0,399.0,medium,794.0,393
CG_00771,126.71842830000048,37.48937889999982,1,802,782,2.0,0.0,0.0,399.0,medium,794.0,394
CG_00790,126.72067830000049,37.487128899999824,1,802,782,2.0,0.0,0.0,399.0,medium,794.0,395
CG_00789,126.72067830000049,37.48487889999983,1,802,782,2.0,0.0,0.0,399.0,medium,794.0,396
CG_00811,126.72292830000049,37.48937889999982,1,802,782,2.0,0.0,0.0,399.0,medium,794.0,397
CG_00757,126.71617830000048,37.49162889999982,1,802,782,2.0,0.0,0.0,399.0,medium,794.0,398
CG_00830,126.7251783000005,37.487128899999824,1,802,782,2.0,0.0,0.0,399.0,medium,794.0,399
CG_00810,126.72292830000049,37.487128899999824,1,802,782,2.0,0.0,0.0,399.0,medium,794.0,400
CG_00755,126.71617830000048,37.487128899999824,1,802,782,2.0,0.0,0.0,399.0,medium,794.0,401
CG_00791,126.72067830000049,37.48937889999982,1,802,782,2.0,0.0,0.0,399.0,medium,794.0,402
CG_00671,126.70492830000046,37.58612889999967,2,802,780,2.0,0.0,0.0,170.5,medium,793.2,403
CG_00670,126.70492830000046,37.583878899999675,2,802,780,2.0,0.0,0.0,170.5,medium,793.2,404
CG_00144,126.63517830000035,37.3836289,1,797,777,2.0,0.405,0.0,114.0,medium,789.0,405
CG_00157,126.63742830000035,37.3836289,1,797,777,2.0,0.405,0.0,114.0,medium,789.0,406
CG_00114,126.63067830000034,37.3836289,1,797,777,2.0,0.405,0.0,114.0,medium,789.0,407
CG_00113,126.63067830000034,37.3813789,1,797,777,2.0,0.405,0.0,114.0,medium,789.0,408
CG_00145,126.63517830000035,37.3858789,1,797,777,2.0,0.405,0.0,114.0,medium,789.0,409
CG_00143,126.63517830000035,37.3813789,1,797,777,2.0,0.405,0.0,114.0,medium,789.0,410
CG_00158,126.63742830000035,37.3858789,1,797,777,2.0,0.405,0.0,114.0,medium,789.0,411
CG_00129,126.63292830000034,37.3836289,1,797,777,2.0,0.405,0.0,114.0,medium,789.0,412
CG_00128,126.63292830000034,37.3813789,1,797,777,2.0,0.405,0.0,114.0,medium,789.0,413
CG_00924,126.73417830000051,37.54112889999974,1,765,745,2.0,0.662,0.0,496.0,medium,757.0,414
CG_00941,126.73642830000051,37.54112889999974,1,765,745,2.0,0.662,0.0,496.0,medium,757.0,415
CG_00921,126.73417830000051,37.53437889999975,1,765,745,2.0,0.605,0.0,327.0,medium,757.0,416
CG_00882,126.7296783000005,37.53437889999975,1,765,745,2.0,0.605,0.0,327.0,medium,757.0,417
CG_00940,126.73642830000051,37.538878899999744,1,765,745,2.0,0.605,0.0,327.0,medium,757.0,418
CG_00883,126.7296783000005,37.53662889999975,1,765,745,2.0,0.605,0.0,327.0,medium,757.0,419
CG_00860,126.7274283000005,37.53662889999975,1,765,745,2.0,0.605,0.0,327.0,medium,757.0,420
CG_00939,126.73642830000051,37.53662889999975,1,765,745,2.0,0.605,0.0,327.0,medium,757.0,421
CG_00922,126.73417830000051,37.53662889999975,1,765,745,2.0,0.605,0.0,327.0,medium,757.0,422
CG_00885,126.7296783000005,37.54112889999974,1,765,745,2.0,0.662,0.0,496.0,medium,757.0,423
CG_00903,126.7319283000005,37.53437889999975,1,765,745,2.0,0.605,0.0,327.0,medium,757.0,424
CG_00904,126.7319283000005,37.53662889999975,1,765,745,2.0,0.605,0.0,327.0,medium,757.0,425
CG_00660,126.70492830000046,37.45562889999987,1,733,768,2.0,0.387,0.0,180.0,medium,747.0,426
CG_00673,126.70717830000046,37.45562889999987,1,733,768,2.0,0.387,0.0,180.0,medium,747.0,427
CG_00008,126.5474283000002,37.487128899999824,1,496,473,1.0,0.0,5.0,544.0,high,730.1999999999999,428
CG_00011,126.54967830000021,37.487128899999824,1,496,473,1.0,0.0,5.0,544.0,high,730.1999999999999,429
CG_00013,126.54967830000021,37.49162889999982,1,496,473,1.0,0.0,5.0,544.0,high,730.1999999999999,430
CG_00010,126.5474283000002,37.49162889999982,1,496,473,1.0,0.0,5.0,544.0,high,730.1999999999999,431
CG_00009,126.5474283000002,37.48937889999982,1,496,473,1.0,0.0,5.0,544.0,high,730.1999999999999,432
CG_00069,126.61717830000032,37.4128789,1,491,478,1.0,0.0,0.0,746.1,high,728.6999999999999,433
CG_00053,126.61267830000031,37.4061289,1,491,478,1.0,0.0,0.0,746.1,high,728.6999999999999,434
CG_00055,126.61267830000031,37.4106289,1,491,478,1.0,0.0,0.0,746.1,high,728.6999999999999,435
CG_00054,126.61267830000031,37.4083789,1,491,478,1.0,0.0,0.0,746.1,high,728.6999999999999,436
CG_00046,126.61042830000031,37.4083789,1,491,478,1.0,0.0,0.0,746.1,high,728.6999999999999,437
CG_00045,126.61042830000031,37.4061289,1,491,478,1.0,0.0,0.0,746.1,high,728.6999999999999,438
CG_00062,126.61492830000032,37.4106289,1,491,478,1.0,0.0,0.0,746.1,high,728.6999999999999,439
CG_00179,126.63967830000036,37.46912889999985,2,667,686,2.0,0.326,0.0,174.25,medium,674.6,440
CG_00207,126.64417830000036,37.46912889999985,2,667,686,2.0,0.326,0.0,174.25,medium,674.6,441
CG_00193,126.64192830000036,37.46912889999985,2,667,686,2.0,0.326,0.0,174.25,medium,674.6,442
CG_00135,126.63292830000034,37.46237889999986,1,443,429,1.0,0.0,7.0,533.7,high,656.1,443
CG_00163,126.63742830000035,37.46237889999986,1,443,429,1.0,0.0,7.0,533.7,high,656.1,444
CG_00149,126.63517830000035,37.46237889999986,1,443,429,1.0,0.0,7.0,533.7,high,656.1,445
CG_00178,126.63967830000036,37.466878899999855,1,443,429,1.0,0.0,7.0,533.7,high,656.1,446
CG_00162,126.63742830000035,37.460128899999866,1,443,429,1.0,0.0,7.0,533.7,high,656.1,447
CG_00165,126.63742830000035,37.466878899999855,1,443,429,1.0,0.0,7.0,533.7,high,656.1,448
CG_00151,126.63517830000035,37.466878899999855,1,443,429,1.0,0.0,7.0,533.7,high,656.1,449
CG_00176,126.63967830000036,37.46237889999986,1,443,429,1.0,0.0,7.0,533.7,high,656.1,450
CG_00175,126.63967830000036,37.460128899999866,1,443,429,1.0,0.0,7.0,533.7,high,656.1,451
CG_00148,126.63517830000035,37.460128899999866,1,443,429,1.0,0.0,7.0,533.7,high,656.1,452
CG_00150,126.63517830000035,37.46462889999986,1,443,429,1.0,0.0,7.0,533.7,high,656.1,453
CG_00164,126.63742830000035,37.46462889999986,1,443,429,1.0,0.0,7.0,533.7,high,656.1,454
CG_00136,126.63292830000034,37.46462889999986,1,443,429,1.0,0.0,7.0,533.7,high,656.1,455
CG_00177,126.63967830000036,37.46462889999986,1,443,429,1.0,0.0,7.0,533.7,high,656.1,456
CG_00023,126.55642830000022,37.48937889999982,1,661,631,2.0,0.0,1.0,235.0,medium,649.0,457
CG_00022,126.55642830000022,37.487128899999824,1,661,631,2.0,0.0,1.0,235.0,medium,649.0,458
CG_00018,126.55417830000022,37.48937889999982,1,661,631,2.0,0.0,1.0,235.0,medium,649.0,459
CG_00014,126.55192830000021,37.487128899999824,1,661,631,2.0,0.0,1.0,235.0,medium,649.0,460
CG_00017,126.55417830000022,37.487128899999824,1,661,631,2.0,0.0,1.0,235.0,medium,649.0,461
CG_00019,126.55417830000022,37.49162889999982,1,661,631,2.0,0.0,1.0,235.0,medium,649.0,462
CG_00839,126.7251783000005,37.52087889999977,1,609,654,2.0,0.0,0.0,385.0,medium,627.0,463
CG_00838,126.7251783000005,37.518628899999776,1,609,654,2.0,0.0,0.0,385.0,medium,627.0,464
CG_00897,126.7319283000005,37.52087889999977,1,609,654,2.0,0.0,0.0,385.0,medium,627.0,465
CG_00896,126.7319283000005,37.518628899999776,1,609,654,2.0,0.0,0.0,385.0,medium,627.0,466
CG_00855,126.7274283000005,37.518628899999776,1,609,654,2.0,0.0,0.0,385.0,medium,627.0,467
CG_00856,126.7274283000005,37.52087889999977,1,609,654,2.0,0.0,0.0,385.0,medium,627.0,468
CG_00854,126.7274283000005,37.51637889999978,1,609,654,2.0,0.0,0.0,385.0,medium,627.0,469
CG_00857,126.7274283000005,37.52312889999977,1,609,654,2.0,0.0,0.0,385.0,medium,627.0,470
CG_00877,126.7296783000005,37.52312889999977,1,609,654,2.0,0.0,0.0,385.0,medium,627.0,471
CG_00875,126.7296783000005,37.518628899999776,1,609,654,2.0,0.0,0.0,385.0,medium,627.0,472
CG_00876,126.7296783000005,37.52087889999977,1,609,654,2.0,0.0,0.0,385.0,medium,627.0,473
CG_00898,126.7319283000005,37.52312889999977,1,609,654,2.0,0.0,0.0,385.0,medium,627.0,474
CG_00874,126.7296783000005,37.51637889999978,1,609,654,2.0,0.0,0.0,385.0,medium,627.0,475
CG_00651,126.70267830000046,37.49612889999981,1,604,649,2.0,0.0,0.0,343.0,medium,622.0,476
CG_00652,126.70267830000046,37.49837889999981,1,604,649,2.0,0.0,0.0,343.0,medium,622.0,477
CG_00663,126.70492830000046,37.49162889999982,1,604,649,2.0,0.0,0.0,343.0,medium,622.0,478
CG_00679,126.70717830000046,37.49837889999981,1,604,649,2.0,0.0,0.0,343.0,medium,622.0,479
CG_00666,126.70492830000046,37.49837889999981,1,604,649,2.0,0.0,0.0,343.0,medium,622.0,480
CG_00650,126.70267830000046,37.493878899999814,1,604,649,2.0,0.0,0.0,343.0,medium,622.0,481
CG_00269,126.65317830000038,37.45562889999987,1,605,636,2.0,0.0,0.0,50.0,medium,617.4,482
CG_00270,126.65317830000038,37.45787889999987,1,605,636,2.0,0.0,0.0,50.0,medium,617.4,483
CG_00271,126.65317830000038,37.460128899999866,1,605,636,2.0,0.0,0.0,50.0,medium,617.4,484
CG_00323,126.65992830000039,37.45562889999987,1,605,636,2.0,0.0,0.0,50.0,medium,617.4,485
CG_00308,126.65767830000038,37.45562889999987,1,605,636,2.0,0.0,0.0,50.0,medium,617.4,486
CG_00309,126.65767830000038,37.45787889999987,1,605,636,2.0,0.0,0.0,50.0,medium,617.4,487
CG_00290,126.65542830000038,37.45562889999987,1,605,636,2.0,0.0,0.0,50.0,medium,617.4,488
CG_00325,126.65992830000039,37.460128899999866,1,605,636,2.0,0.0,0.0,50.0,medium,617.4,489
CG_00291,126.65542830000038,37.45787889999987,1,605,636,2.0,0.0,0.0,50.0,medium,617.4,490
CG_00324,126.65992830000039,37.45787889999987,1,605,636,2.0,0.0,0.0,50.0,medium,617.4,491
CG_00844,126.7274283000005,37.45787889999987,1,592,621,2.0,0.0,0.0,384.0,medium,603.6,492
CG_00865,126.7296783000005,37.45787889999987,1,592,621,2.0,0.0,0.0,384.0,medium,603.6,493
CG_00889,126.7319283000005,37.45787889999987,1,592,621,2.0,0.0,0.0,384.0,medium,603.6,494
CG_00890,126.7319283000005,37.460128899999866,1,592,621,2.0,0.0,0.0,384.0,medium,603.6,495
CG_00821,126.72292830000049,37.54337889999974,1,579,591,2.0,0.451,0.0,144.2,medium,583.8,496
CG_00822,126.72292830000049,37.545628899999734,1,579,591,2.0,0.451,0.0,144.2,medium,583.8,497
CG_00840,126.7251783000005,37.538878899999744,1,579,591,2.0,0.451,0.0,144.2,medium,583.8,498
CG_00843,126.7251783000005,37.545628899999734,1,579,591,2.0,0.451,0.0,144.2,medium,583.8,499
CG_00841,126.7251783000005,37.54112889999974,1,579,591,2.0,0.451,0.0,144.2,medium,583.8,500
CG_00842,126.7251783000005,37.54337889999974,1,579,591,2.0,0.451,0.0,144.2,medium,583.8,501
CG_00803,126.72067830000049,37.545628899999734,1,579,591,2.0,0.451,0.0,144.2,medium,583.8,502
CG_00819,126.72292830000049,37.538878899999744,1,579,591,2.0,0.451,0.0,144.2,medium,583.8,503
CG_00820,126.72292830000049,37.54112889999974,1,579,591,2.0,0.451,0.0,144.2,medium,583.8,504
CG_00125,126.63067830000034,37.47812889999984,1,555,570,2.0,0.213,0.0,182.0,medium,561.0,505
CG_00127,126.63067830000034,37.48262889999983,1,555,570,2.0,0.213,0.0,182.0,medium,561.0,506
CG_00140,126.63292830000034,37.47812889999984,1,555,570,2.0,0.213,0.0,182.0,medium,561.0,507
CG_00142,126.63292830000034,37.48262889999983,1,555,570,2.0,0.213,0.0,182.0,medium,561.0,508
CG_00154,126.63517830000035,37.47812889999984,1,555,570,2.0,0.213,0.0,182.0,medium,561.0,509
CG_00155,126.63517830000035,37.480378899999835,1,555,570,2.0,0.213,0.0,182.0,medium,561.0,510
CG_00169,126.63742830000035,37.480378899999835,1,555,570,2.0,0.213,0.0,182.0,medium,561.0,511
CG_00156,126.63517830000035,37.48262889999983,1,555,570,2.0,0.213,0.0,182.0,medium,561.0,512
CG_00141,126.63292830000034,37.480378899999835,1,555,570,2.0,0.213,0.0,182.0,medium,561.0,513
CG_00126,126.63067830000034,37.480378899999835,1,555,570,2.0,0.213,0.0,182.0,medium,561.0,514
CG_00168,126.63742830000035,37.47587889999984,1,548,564,2.0,0.0,0.0,432.0,medium,554.4000000000001,515
CG_00257,126.65317830000038,37.3768789,2,552,536,2.0,0.0,0.0,97.5,medium,545.6,516
CG_00276,126.65542830000038,37.3768789,2,552,536,2.0,0.0,0.0,97.5,medium,545.6,517
CG_00275,126.65542830000038,37.3746289,2,552,536,2.0,0.0,0.0,97.5,medium,545.6,518
CG_00256,126.65317830000038,37.3746289,2,552,536,2.0,0.0,0.0,97.5,medium,545.6,519
CG_00255,126.65317830000038,37.3723789,2,552,536,2.0,0.0,0.0,97.5,medium,545.6,520
CG_00242,126.65092830000037,37.3723789,2,552,536,2.0,0.0,0.0,97.5,medium,545.6,521
CG_00956,126.73867830000052,37.54337889999974,1,539,525,2.0,0.472,0.0,291.1,medium,533.4,522
CG_00976,126.74317830000052,37.55012889999973,1,539,525,2.0,0.472,0.0,291.1,medium,533.4,523
CG_00958,126.73867830000052,37.54787889999973,1,539,525,2.0,0.472,0.0,291.1,medium,533.4,524
CG_00957,126.73867830000052,37.545628899999734,1,539,525,2.0,0.472,0.0,291.1,medium,533.4,525
CG_00959,126.73867830000052,37.55012889999973,1,539,525,2.0,0.472,0.0,291.1,medium,533.4,526
CG_00973,126.74317830000052,37.54337889999974,1,539,525,2.0,0.472,0.0,291.1,medium,533.4,527
CG_00974,126.74317830000052,37.545628899999734,1,539,525,2.0,0.472,0.0,291.1,medium,533.4,528
CG_00975,126.74317830000052,37.54787889999973,1,539,525,2.0,0.472,0.0,291.1,medium,533.4,529
CG_00944,126.73642830000051,37.54787889999973,1,539,525,2.0,0.472,0.0,291.1,medium,533.4,530
CG_00967,126.74092830000052,37.54337889999974,1,539,525,2.0,0.472,0.0,291.1,medium,533.4,531
CG_00968,126.74092830000052,37.545628899999734,1,539,525,2.0,0.472,0.0,291.1,medium,533.4,532
CG_00969,126.74092830000052,37.54787889999973,1,539,525,2.0,0.472,0.0,291.1,medium,533.4,533
CG_00970,126.74092830000052,37.55012889999973,1,539,525,2.0,0.472,0.0,291.1,medium,533.4,534
CG_00535,126.68242830000042,37.46912889999985,1,521,548,2.0,0.43,0.0,279.4,medium,531.8,535
CG_00534,126.68242830000042,37.466878899999855,1,521,548,2.0,0.43,0.0,279.4,medium,531.8,536
CG_00495,126.67792830000042,37.47137889999985,1,521,548,2.0,0.43,0.0,279.4,medium,531.8,537
CG_00494,126.67792830000042,37.46912889999985,1,521,548,2.0,0.43,0.0,279.4,medium,531.8,538
CG_00493,126.67792830000042,37.466878899999855,1,521,548,2.0,0.43,0.0,279.4,medium,531.8,539
CG_00492,126.67792830000042,37.46462889999986,1,521,548,2.0,0.43,0.0,279.4,medium,531.8,540
CG_00472,126.67567830000041,37.47137889999985,1,521,548,2.0,0.43,0.0,279.4,medium,531.8,541
CG_00471,126.67567830000041,37.46912889999985,1,521,548,2.0,0.43,0.0,279.4,medium,531.8,542
CG_00470,126.67567830000041,37.466878899999855,1,521,548,2.0,0.43,0.0,279.4,medium,531.8,543
CG_00392,126.6689283000004,37.453378899999876,1,521,548,2.0,0.657,0.0,331.7,medium,531.8,544
CG_00391,126.6689283000004,37.45112889999988,1,521,548,2.0,0.657,0.0,331.7,medium,531.8,545
CG_00512,126.68017830000042,37.46462889999986,1,521,548,2.0,0.43,0.0,279.4,medium,531.8,546
CG_00338,126.66217830000039,37.45562889999987,1,521,548,2.0,0.657,0.0,331.7,medium,531.8,547
CG_00337,126.66217830000039,37.453378899999876,1,521,548,2.0,0.657,0.0,331.7,medium,531.8,548
CG_00367,126.6666783000004,37.45562889999987,1,521,548,2.0,0.657,0.0,331.7,medium,531.8,549
CG_00366,126.6666783000004,37.453378899999876,1,521,548,2.0,0.657,0.0,331.7,medium,531.8,550
CG_00365,126.6666783000004,37.45112889999988,1,521,548,2.0,0.657,0.0,331.7,medium,531.8,551
CG_00364,126.6666783000004,37.44887889999988,1,521,548,2.0,0.657,0.0,331.7,medium,531.8,552
CG_00322,126.65992830000039,37.453378899999876,1,521,548,2.0,0.657,0.0,331.7,medium,531.8,553
CG_00321,126.65992830000039,37.45112889999988,1,521,548,2.0,0.657,0.0,331.7,medium,531.8,554
CG_00347,126.6644283000004,37.45562889999987,1,521,548,2.0,0.657,0.0,331.7,medium,531.8,555
CG_00346,126.6644283000004,37.453378899999876,1,521,548,2.0,0.657,0.0,331.7,medium,531.8,556
CG_00345,126.6644283000004,37.45112889999988,1,521,548,2.0,0.657,0.0,331.7,medium,531.8,557
CG_00344,126.6644283000004,37.44887889999988,1,521,548,2.0,0.657,0.0,331.7,medium,531.8,558
CG_00336,126.66217830000039,37.45112889999988,1,521,548,2.0,0.657,0.0,331.7,medium,531.8,559
CG_00335,126.66217830000039,37.44887889999988,1,521,548,2.0,0.657,0.0,331.7,medium,531.8,560
CG_00515,126.68017830000042,37.47137889999985,1,521,548,2.0,0.43,0.0,279.4,medium,531.8,561
CG_00514,126.68017830000042,37.46912889999985,1,521,548,2.0,0.43,0.0,279.4,medium,531.8,562
CG_00513,126.68017830000042,37.466878899999855,1,521,548,2.0,0.43,0.0,279.4,medium,531.8,563
CG_00741,126.71392830000048,37.46237889999986,1,536,522,2.0,0.0,0.0,434.0,medium,530.4,564
CG_00740,126.71392830000048,37.460128899999866,1,536,522,2.0,0.0,0.0,434.0,medium,530.4,565
CG_00739,126.71392830000048,37.45787889999987,1,536,522,2.0,0.0,0.0,434.0,medium,530.4,566
CG_00738,126.71392830000048,37.45562889999987,1,536,522,2.0,0.0,0.0,434.0,medium,530.4,567
CG_00717,126.71167830000047,37.46237889999986,1,536,522,2.0,0.0,0.0,434.0,medium,530.4,568
CG_00753,126.71617830000048,37.45787889999987,1,536,522,2.0,0.0,0.0,434.0,medium,530.4,569
CG_00752,126.71617830000048,37.45562889999987,1,536,522,2.0,0.0,0.0,434.0,medium,530.4,570
CG_00754,126.71617830000048,37.460128899999866,1,536,522,2.0,0.0,0.0,434.0,medium,530.4,571
CG_00716,126.71167830000047,37.460128899999866,1,536,522,2.0,0.0,0.0,434.0,medium,530.4,572
CG_00715,126.71167830000047,37.45787889999987,1,536,522,2.0,0.0,0.0,434.0,medium,530.4,573
CG_00780,126.71842830000048,37.532128899999755,1,523,533,2.0,0.0,0.0,280.0,medium,527.0,574
CG_00779,126.71842830000048,37.52987889999976,1,523,533,2.0,0.0,0.0,280.0,medium,527.0,575
CG_00781,126.71842830000048,37.53437889999975,1,523,533,2.0,0.0,0.0,280.0,medium,527.0,576
CG_00759,126.71617830000048,37.532128899999755,1,523,533,2.0,0.0,0.0,280.0,medium,527.0,577
CG_00761,126.71617830000048,37.53662889999975,1,523,533,2.0,0.0,0.0,280.0,medium,527.0,578
CG_00760,126.71617830000048,37.53437889999975,1,523,533,2.0,0.0,0.0,280.0,medium,527.0,579
CG_00926,126.73417830000051,37.545628899999734,1,523,533,2.0,0.0,0.0,300.0,medium,527.0,580
CG_00888,126.7296783000005,37.54787889999973,1,523,533,2.0,0.0,0.0,300.0,medium,527.0,581
CG_00908,126.7319283000005,37.545628899999734,1,523,533,2.0,0.0,0.0,300.0,medium,527.0,582
CG_00909,126.7319283000005,37.54787889999973,1,523,533,2.0,0.0,0.0,300.0,medium,527.0,583
CG_00864,126.7274283000005,37.545628899999734,1,523,533,2.0,0.0,0.0,300.0,medium,527.0,584
CG_00887,126.7296783000005,37.545628899999734,1,523,533,2.0,0.0,0.0,300.0,medium,527.0,585
CG_00727,126.71167830000047,37.52987889999976,1,523,533,2.0,0.0,0.0,280.0,medium,527.0,586
CG_00728,126.71167830000047,37.532128899999755,1,523,533,2.0,0.0,0.0,280.0,medium,527.0,587
CG_00758,126.71617830000048,37.52987889999976,1,523,533,2.0,0.0,0.0,280.0,medium,527.0,588
CG_00746,126.71392830000048,37.53437889999975,1,523,533,2.0,0.0,0.0,280.0,medium,527.0,589
CG_00747,126.71392830000048,37.53662889999975,1,523,533,2.0,0.0,0.0,280.0,medium,527.0,590
CG_00745,126.71392830000048,37.532128899999755,1,523,533,2.0,0.0,0.0,280.0,medium,527.0,591
CG_00744,126.71392830000048,37.52987889999976,1,523,533,2.0,0.0,0.0,280.0,medium,527.0,592
CG_00704,126.70942830000047,37.532128899999755,1,523,533,2.0,0.0,0.0,280.0,medium,527.0,593
CG_00691,126.70717830000046,37.59287889999966,1,526,512,2.0,0.0,0.0,213.0,medium,520.4,594
CG_00690,126.70717830000046,37.590628899999665,1,526,512,2.0,0.0,0.0,175.0,medium,520.4,595
CG_00672,126.70492830000046,37.58837889999967,1,526,512,2.0,0.0,0.0,175.0,medium,520.4,596
CG_00687,126.70717830000046,37.583878899999675,1,526,512,2.0,0.0,0.0,175.0,medium,520.4,597
CG_00688,126.70717830000046,37.58612889999967,1,526,512,2.0,0.0,0.0,175.0,medium,520.4,598
CG_00733,126.71167830000047,37.58612889999967,1,526,512,2.0,0.0,0.0,175.0,medium,520.4,599
CG_00712,126.70942830000047,37.59512889999966,1,526,512,2.0,0.0,0.0,213.0,medium,520.4,600
CG_00709,126.70942830000047,37.58612889999967,1,526,512,2.0,0.0,0.0,175.0,medium,520.4,601
CG_00711,126.70942830000047,37.59287889999966,1,526,512,2.0,0.0,0.0,213.0,medium,520.4,602
CG_00734,126.71167830000047,37.59512889999966,1,526,512,2.0,0.0,0.0,213.0,medium,520.4,603
CG_00732,126.71167830000047,37.583878899999675,1,526,512,2.0,0.0,0.0,175.0,medium,520.4,604
CG_00714,126.70942830000047,37.59962889999965,1,526,512,2.0,0.0,0.0,213.0,medium,520.4,605
CG_00689,126.70717830000046,37.58837889999967,1,526,512,2.0,0.0,0.0,175.0,medium,520.4,606
CG_00710,126.70942830000047,37.58837889999967,1,526,512,2.0,0.0,0.0,175.0,medium,520.4,607
CG_00708,126.70942830000047,37.583878899999675,1,526,512,2.0,0.0,0.0,175.0,medium,520.4,608
CG_00694,126.70717830000046,37.59962889999965,1,526,512,2.0,0.0,0.0,213.0,medium,520.4,609
CG_00693,126.70717830000046,37.597378899999654,1,526,512,2.0,0.0,0.0,213.0,medium,520.4,610
CG_00692,126.70717830000046,37.59512889999966,1,526,512,2.0,0.0,0.0,213.0,medium,520.4,611
CG_00713,126.70942830000047,37.597378899999654,1,526,512,2.0,0.0,0.0,213.0,medium,520.4,612
CG_00198,126.64192830000036,37.480378899999835,1,518,505,2.0,0.0,0.0,208.0,medium,512.8,613
CG_00199,126.64192830000036,37.48262889999983,1,518,505,2.0,0.0,0.0,208.0,medium,512.8,614
CG_00213,126.64417830000036,37.48262889999983,1,518,505,2.0,0.0,0.0,208.0,medium,512.8,615
CG_00241,126.64867830000037,37.480378899999835,1,518,505,2.0,0.0,0.0,208.0,medium,512.8,616
CG_00228,126.64642830000037,37.48262889999983,1,518,505,2.0,0.0,0.0,208.0,medium,512.8,617
CG_00183,126.63967830000036,37.47812889999984,1,518,505,2.0,0.0,0.0,208.0,medium,512.8,618
CG_00184,126.63967830000036,37.480378899999835,1,518,505,2.0,0.0,0.0,208.0,medium,512.8,619
CG_00159,126.63742830000035,37.3971289,1,514,500,2.0,0.483,0.0,219.8,medium,508.4,620
CG_00160,126.63742830000035,37.3993789,1,514,500,2.0,0.483,0.0,219.8,medium,508.4,621
CG_00174,126.63967830000036,37.4016289,1,514,500,2.0,0.483,0.0,219.8,medium,508.4,622
CG_00173,126.63967830000036,37.3993789,1,514,500,2.0,0.483,0.0,219.8,medium,508.4,623
CG_00172,126.63967830000036,37.3971289,1,514,500,2.0,0.483,0.0,219.8,medium,508.4,624
CG_00161,126.63742830000035,37.4016289,1,514,500,2.0,0.483,0.0,219.8,medium,508.4,625
CG_00191,126.64192830000036,37.4038789,1,514,500,2.0,0.483,0.0,219.8,medium,508.4,626
CG_00190,126.64192830000036,37.4016289,1,514,500,2.0,0.483,0.0,219.8,medium,508.4,627
CG_00147,126.63517830000035,37.3993789,1,514,500,2.0,0.483,0.0,219.8,medium,508.4,628
CG_00146,126.63517830000035,37.3971289,1,514,500,2.0,0.483,0.0,219.8,medium,508.4,629
CG_00064,126.61492830000032,37.4151289,1,491,478,2.0,0.0,0.0,489.0,medium,485.79999999999995,630
CG_00065,126.61492830000032,37.4173789,1,491,478,2.0,0.0,0.0,489.0,medium,485.79999999999995,631
CG_00057,126.61267830000031,37.4151289,1,491,478,2.0,0.0,0.0,489.0,medium,485.79999999999995,632
CG_00058,126.61267830000031,37.4173789,1,491,478,2.0,0.0,0.0,489.0,medium,485.79999999999995,633
CG_00363,126.6666783000004,37.4038789,1,491,478,2.0,0.0,0.0,310.0,medium,485.79999999999995,634
CG_00390,126.6689283000004,37.4061289,1,491,478,2.0,0.0,0.0,310.0,medium,485.79999999999995,635
CG_00442,126.67342830000041,37.4038789,1,491,478,2.0,0.0,0.0,310.0,medium,485.79999999999995,636
CG_00415,126.6711783000004,37.4038789,1,491,478,2.0,0.0,0.0,310.0,medium,485.79999999999995,637
CG_00416,126.6711783000004,37.4061289,1,491,478,2.0,0.0,0.0,310.0,medium,485.79999999999995,638
CG_00389,126.6689283000004,37.4038789,1,491,478,2.0,0.0,0.0,310.0,medium,485.79999999999995,639
CG_00443,126.67342830000041,37.4061289,1,491,478,2.0,0.0,0.0,310.0,medium,485.79999999999995,640
CG_00348,126.6644283000004,37.460128899999866,1,323,315,1.0,0.0,0.0,605.3,high,479.69999999999993,641
CG_00349,126.6644283000004,37.46237889999986,1,323,315,1.0,0.0,0.0,605.3,high,479.69999999999993,642
CG_00368,126.6666783000004,37.460128899999866,1,323,315,1.0,0.0,0.0,605.3,high,479.69999999999993,643
CG_00394,126.6689283000004,37.46237889999986,1,323,315,1.0,0.0,0.0,605.3,high,479.69999999999993,644
CG_00393,126.6689283000004,37.460128899999866,1,323,315,1.0,0.0,0.0,605.3,high,479.69999999999993,645
CG_00369,126.6666783000004,37.46237889999986,1,323,315,1.0,0.0,0.0,605.3,high,479.69999999999993,646
CG_00395,126.6689283000004,37.46462889999986,1,323,315,1.0,0.0,0.0,605.3,high,479.69999999999993,647
CG_00370,126.6666783000004,37.46462889999986,1,323,315,1.0,0.0,0.0,605.3,high,479.69999999999993,648
CG_00422,126.6711783000004,37.46462889999986,1,323,315,1.0,0.0,0.0,605.3,high,479.69999999999993,649
CG_00420,126.6711783000004,37.460128899999866,1,323,315,1.0,0.0,0.0,605.3,high,479.69999999999993,650
CG_00421,126.6711783000004,37.46237889999986,1,323,315,1.0,0.0,0.0,605.3,high,479.69999999999993,651
CG_00279,126.65542830000038,37.3926289,1,481,468,2.0,0.435,0.0,0.0,medium,475.79999999999995,652
CG_00278,126.65542830000038,37.3903789,1,481,468,2.0,0.435,0.0,0.0,medium,475.79999999999995,653
CG_00299,126.65767830000038,37.3948789,1,481,468,2.0,0.435,0.0,0.0,medium,475.79999999999995,654
CG_00298,126.65767830000038,37.3926289,1,481,468,2.0,0.435,0.0,0.0,medium,475.79999999999995,655
CG_00259,126.65317830000038,37.3926289,1,481,468,2.0,0.435,0.0,0.0,medium,475.79999999999995,656
CG_00258,126.65317830000038,37.3903789,1,481,468,2.0,0.435,0.0,0.0,medium,475.79999999999995,657
CG_00246,126.65092830000037,37.3948789,1,481,468,2.0,0.435,0.0,0.0,medium,475.79999999999995,658
CG_00247,126.65092830000037,37.3971289,1,481,468,2.0,0.435,0.0,0.0,medium,475.79999999999995,659
CG_00245,126.65092830000037,37.3926289,1,481,468,2.0,0.435,0.0,0.0,medium,475.79999999999995,660
CG_00244,126.65092830000037,37.3903789,1,481,468,2.0,0.435,0.0,0.0,medium,475.79999999999995,661
CG_00261,126.65317830000038,37.3971289,1,481,468,2.0,0.435,0.0,0.0,medium,475.79999999999995,662
CG_00280,126.65542830000038,37.3948789,1,481,468,2.0,0.435,0.0,0.0,medium,475.79999999999995,663
CG_00281,126.65542830000038,37.3971289,1,481,468,2.0,0.435,0.0,0.0,medium,475.79999999999995,664
CG_00260,126.65317830000038,37.3948789,1,481,468,2.0,0.435,0.0,0.0,medium,475.79999999999995,665
CG_00117,126.63067830000034,37.3903789,1,468,456,2.0,0.438,0.0,0.0,medium,463.20000000000005,666
CG_00100,126.62842830000034,37.3881289,1,468,456,2.0,0.438,0.0,0.0,medium,463.20000000000005,667
CG_00131,126.63292830000034,37.3881289,1,468,456,2.0,0.438,0.0,0.0,medium,463.20000000000005,668
CG_00115,126.63067830000034,37.3858789,1,468,456,2.0,0.438,0.0,0.0,medium,463.20000000000005,669
CG_00116,126.63067830000034,37.3881289,1,468,456,2.0,0.438,0.0,0.0,medium,463.20000000000005,670
CG_00099,126.62842830000034,37.3858789,1,468,456,2.0,0.438,0.0,0.0,medium,463.20000000000005,671
CG_00132,126.63292830000034,37.3903789,1,468,456,2.0,0.438,0.0,0.0,medium,463.20000000000005,672
CG_00101,126.62842830000034,37.3903789,1,468,456,2.0,0.438,0.0,0.0,medium,463.20000000000005,673
CG_00031,126.56092830000023,37.49837889999981,1,469,447,2.0,0.0,2.0,124.0,medium,460.2,674
CG_00028,126.55867830000022,37.49612889999981,1,469,447,2.0,0.0,2.0,124.0,medium,460.2,675
CG_00020,126.55417830000022,37.49837889999981,1,469,447,2.0,0.0,2.0,124.0,medium,460.2,676
CG_00029,126.55867830000022,37.49837889999981,1,469,447,2.0,0.0,2.0,124.0,medium,460.2,677
CG_00032,126.56317830000023,37.49612889999981,1,469,447,2.0,0.0,2.0,124.0,medium,460.2,678
CG_00027,126.55642830000022,37.5006288999998,1,469,447,2.0,0.0,2.0,124.0,medium,460.2,679
CG_00026,126.55642830000022,37.49837889999981,1,469,447,2.0,0.0,2.0,124.0,medium,460.2,680
CG_00025,126.55642830000022,37.49612889999981,1,469,447,2.0,0.0,2.0,124.0,medium,460.2,681
CG_00024,126.55642830000022,37.493878899999814,1,469,447,2.0,0.0,2.0,124.0,medium,460.2,682
CG_00033,126.56317830000023,37.49837889999981,1,469,447,2.0,0.0,2.0,124.0,medium,460.2,683
CG_00030,126.56092830000023,37.49612889999981,1,469,447,2.0,0.0,2.0,124.0,medium,460.2,684
CG_00021,126.55417830000022,37.5006288999998,1,469,447,2.0,0.0,2.0,124.0,medium,460.2,685
CG_00661,126.70492830000046,37.480378899999835,1,455,444,2.0,0.669,0.0,322.0,medium,450.6,686
CG_00662,126.70492830000046,37.48262889999983,1,455,444,2.0,0.669,0.0,322.0,medium,450.6,687
CG_00674,126.70717830000046,37.47812889999984,1,455,444,2.0,0.669,0.0,322.0,medium,450.6,688
CG_00675,126.70717830000046,37.480378899999835,1,455,444,2.0,0.669,0.0,322.0,medium,450.6,689
CG_00354,126.6644283000004,37.511878899999786,1,288,292,1.0,0.0,0.0,664.8,high,434.40000000000003,690
CG_00378,126.6666783000004,37.50962889999979,1,288,292,1.0,0.0,0.0,664.8,high,434.40000000000003,691
CG_00353,126.6644283000004,37.50962889999979,1,288,292,1.0,0.0,0.0,664.8,high,434.40000000000003,692
CG_00497,126.67792830000042,37.5051288999998,2,280,279,1.0,0.0,0.0,806.5,high,419.40000000000003,693
CG_00521,126.68017830000042,37.51412889999978,2,280,279,1.0,0.0,0.0,1166.65,high,419.40000000000003,694
CG_00501,126.67792830000042,37.51412889999978,2,280,279,1.0,0.0,0.0,1166.65,high,419.40000000000003,695
CG_00517,126.68017830000042,37.5051288999998,2,280,279,1.0,0.0,0.0,806.5,high,419.40000000000003,696
CG_00327,126.65992830000039,37.46462889999986,1,404,425,2.0,0.0,0.0,54.0,medium,412.4,697
CG_00294,126.65542830000038,37.46462889999986,1,404,425,2.0,0.0,0.0,54.0,medium,412.4,698
CG_00312,126.65767830000038,37.46462889999986,1,404,425,2.0,0.0,0.0,54.0,medium,412.4,699
CG_00274,126.65317830000038,37.466878899999855,1,404,425,2.0,0.0,0.0,54.0,medium,412.4,700
CG_00273,126.65317830000038,37.46462889999986,1,404,425,2.0,0.0,0.0,54.0,medium,412.4,701
CG_00295,126.65542830000038,37.466878899999855,1,404,425,2.0,0.0,0.0,54.0,medium,412.4,702
CG_00313,126.65767830000038,37.466878899999855,1,404,425,2.0,0.0,0.0,54.0,medium,412.4,703
CG_00328,126.65992830000039,37.466878899999855,1,404,425,2.0,0.0,0.0,54.0,medium,412.4,704
CG_00091,126.62617830000033,37.4151289,1,276,268,1.0,0.0,0.0,1575.0,high,409.20000000000005,705
CG_00573,126.68917830000044,37.493878899999814,1,276,268,1.0,0.0,0.0,663.1,high,409.20000000000005,706
CG_00572,126.68917830000044,37.49162889999982,1,276,268,1.0,0.0,0.0,663.1,high,409.20000000000005,707
CG_00564,126.68692830000043,37.48937889999982,1,276,268,1.0,0.0,0.0,663.1,high,409.20000000000005,708
CG_00566,126.68692830000043,37.493878899999814,1,276,268,1.0,0.0,0.0,663.1,high,409.20000000000005,709
CG_00565,126.68692830000043,37.49162889999982,1,276,268,1.0,0.0,0.0,663.1,high,409.20000000000005,710
CG_00553,126.68467830000043,37.48937889999982,1,276,268,1.0,0.0,0.0,663.1,high,409.20000000000005,711
CG_00537,126.68242830000042,37.493878899999814,1,276,268,1.0,0.0,0.0,663.1,high,409.20000000000005,712
CG_00105,126.62842830000034,37.4173789,1,276,268,1.0,0.0,0.0,1575.0,high,409.20000000000005,713
CG_00104,126.62842830000034,37.4151289,1,276,268,1.0,0.0,0.0,1575.0,high,409.20000000000005,714
CG_00426,126.6711783000004,37.49162889999982,1,276,268,1.0,0.0,0.0,608.2,high,409.20000000000005,715
CG_00427,126.6711783000004,37.493878899999814,1,276,268,1.0,0.0,0.0,608.2,high,409.20000000000005,716
CG_00082,126.62392830000033,37.4128789,1,276,268,1.0,0.0,0.0,1575.0,high,409.20000000000005,717
CG_00083,126.62392830000033,37.4151289,1,276,268,1.0,0.0,0.0,1575.0,high,409.20000000000005,718
CG_00090,126.62617830000033,37.4128789,1,276,268,1.0,0.0,0.0,1575.0,high,409.20000000000005,719
CG_00089,126.62617830000033,37.4106289,1,276,268,1.0,0.0,0.0,1575.0,high,409.20000000000005,720
CG_00374,126.6666783000004,37.49612889999981,1,276,268,1.0,0.0,0.0,608.2,high,409.20000000000005,721
CG_00103,126.62842830000034,37.4128789,1,276,268,1.0,0.0,0.0,1575.0,high,409.20000000000005,722
CG_00102,126.62842830000034,37.4106289,1,276,268,1.0,0.0,0.0,1575.0,high,409.20000000000005,723
CG_00400,126.6689283000004,37.493878899999814,1,276,268,1.0,0.0,0.0,608.2,high,409.20000000000005,724
CG_00451,126.67342830000041,37.49612889999981,1,276,268,1.0,0.0,0.0,608.2,high,409.20000000000005,725
CG_00450,126.67342830000041,37.493878899999814,1,276,268,1.0,0.0,0.0,608.2,high,409.20000000000005,726
CG_00399,126.6689283000004,37.49162889999982,1,276,268,1.0,0.0,0.0,608.2,high,409.20000000000005,727
CG_00555,126.68467830000043,37.493878899999814,1,276,268,1.0,0.0,0.0,663.1,high,409.20000000000005,728
CG_00554,126.68467830000043,37.49162889999982,1,276,268,1.0,0.0,0.0,663.1,high,409.20000000000005,729
CG_00574,126.68917830000044,37.49612889999981,1,276,268,1.0,0.0,0.0,663.1,high,409.20000000000005,730
CG_00536,126.68242830000042,37.49162889999982,1,276,268,1.0,0.0,0.0,663.1,high,409.20000000000005,731
CG_00645,126.70267830000046,37.46237889999986,1,352,369,2.0,0.376,1.0,249.0,medium,358.79999999999995,732
CG_00646,126.70267830000046,37.46462889999986,1,352,369,2.0,0.376,1.0,249.0,medium,358.79999999999995,733
CG_00153,126.63517830000035,37.473628899999845,1,338,348,2.0,0.313,0.0,43.4,medium,342.0,734
CG_00152,126.63517830000035,37.47137889999985,1,338,348,2.0,0.313,0.0,43.4,medium,342.0,735
CG_00696,126.70942830000047,37.49162889999982,1,345,336,2.0,0.0,0.0,317.0,medium,341.4,736
CG_00695,126.70942830000047,37.48937889999982,1,345,336,2.0,0.0,0.0,317.0,medium,341.4,737
CG_00720,126.71167830000047,37.493878899999814,1,345,336,2.0,0.0,0.0,317.0,medium,341.4,738
CG_00719,126.71167830000047,37.49162889999982,1,345,336,2.0,0.0,0.0,317.0,medium,341.4,739
CG_00721,126.71167830000047,37.49612889999981,1,345,336,2.0,0.0,0.0,317.0,medium,341.4,740
CG_00718,126.71167830000047,37.48937889999982,1,345,336,2.0,0.0,0.0,317.0,medium,341.4,741
CG_00722,126.71167830000047,37.49837889999981,1,345,336,2.0,0.0,0.0,317.0,medium,341.4,742
CG_00474,126.67567830000041,37.5006288999998,1,339,343,2.0,0.0,0.0,270.0,medium,340.6,743
CG_00473,126.67567830000041,37.49837889999981,1,339,343,2.0,0.0,0.0,270.0,medium,340.6,744
CG_00432,126.6711783000004,37.5051288999998,1,339,343,2.0,0.0,0.0,270.0,medium,340.6,745
CG_00404,126.6689283000004,37.5028788999998,1,339,343,2.0,0.0,0.0,270.0,medium,340.6,746
CG_00431,126.6711783000004,37.5028788999998,1,339,343,2.0,0.0,0.0,270.0,medium,340.6,747
CG_00376,126.6666783000004,37.5006288999998,1,339,343,2.0,0.0,0.0,270.0,medium,340.6,748
CG_00377,126.6666783000004,37.5028788999998,1,339,343,2.0,0.0,0.0,270.0,medium,340.6,749
CG_00454,126.67342830000041,37.5028788999998,1,339,343,2.0,0.0,0.0,270.0,medium,340.6,750
CG_00453,126.67342830000041,37.5006288999998,1,339,343,2.0,0.0,0.0,270.0,medium,340.6,751
CG_00098,126.62617830000033,37.473628899999845,1,225,218,1.0,0.0,2.0,722.2,high,333.29999999999995,752
CG_00123,126.63067830000034,37.47137889999985,1,225,218,1.0,0.0,2.0,722.2,high,333.29999999999995,753
CG_00097,126.62617830000033,37.47137889999985,1,225,218,1.0,0.0,2.0,722.2,high,333.29999999999995,754
CG_00139,126.63292830000034,37.47137889999985,1,225,218,1.0,0.0,2.0,722.2,high,333.29999999999995,755
CG_00124,126.63067830000034,37.473628899999845,1,225,218,1.0,0.0,2.0,722.2,high,333.29999999999995,756
CG_00109,126.62842830000034,37.466878899999855,1,225,218,1.0,0.0,2.0,722.2,high,333.29999999999995,757
CG_00122,126.63067830000034,37.46912889999985,1,225,218,1.0,0.0,2.0,722.2,high,333.29999999999995,758
CG_00111,126.62842830000034,37.47137889999985,1,225,218,1.0,0.0,2.0,722.2,high,333.29999999999995,759
CG_00121,126.63067830000034,37.466878899999855,1,225,218,1.0,0.0,2.0,722.2,high,333.29999999999995,760
CG_00110,126.62842830000034,37.46912889999985,1,225,218,1.0,0.0,2.0,722.2,high,333.29999999999995,761
CG_00138,126.63292830000034,37.46912889999985,1,225,218,1.0,0.0,2.0,722.2,high,333.29999999999995,762
CG_00112,126.62842830000034,37.473628899999845,1,225,218,1.0,0.0,2.0,722.2,high,333.29999999999995,763
CG_00084,126.62392830000033,37.46912889999985,1,225,218,1.0,0.0,2.0,722.2,high,333.29999999999995,764
CG_00085,126.62392830000033,37.47137889999985,1,225,218,1.0,0.0,2.0,722.2,high,333.29999999999995,765
CG_00095,126.62617830000033,37.466878899999855,1,225,218,1.0,0.0,2.0,722.2,high,333.29999999999995,766
CG_00096,126.62617830000033,37.46912889999985,1,225,218,1.0,0.0,2.0,722.2,high,333.29999999999995,767
CG_00192,126.64192830000036,37.466878899999855,1,329,338,2.0,0.338,0.0,305.1,medium,332.6,768
CG_00786,126.72067830000049,37.3858789,1,331,322,2.0,0.0,0.0,137.0,medium,327.4,769
CG_00788,126.72067830000049,37.3903789,1,331,322,2.0,0.0,0.0,137.0,medium,327.4,770
CG_00805,126.72292830000049,37.3881289,1,331,322,2.0,0.0,0.0,137.0,medium,327.4,771
CG_00806,126.72292830000049,37.3903789,1,331,322,2.0,0.0,0.0,137.0,medium,327.4,772
CG_00825,126.7251783000005,37.3903789,1,331,322,2.0,0.0,0.0,137.0,medium,327.4,773
CG_00824,126.7251783000005,37.3881289,1,331,322,2.0,0.0,0.0,137.0,medium,327.4,774
CG_00823,126.7251783000005,37.3858789,1,331,322,2.0,0.0,0.0,137.0,medium,327.4,775
CG_00787,126.72067830000049,37.3881289,1,331,322,2.0,0.0,0.0,137.0,medium,327.4,776
CG_00804,126.72292830000049,37.3858789,1,331,322,2.0,0.0,0.0,137.0,medium,327.4,777
CG_00768,126.71842830000048,37.3858789,1,331,322,2.0,0.0,0.0,137.0,medium,327.4,778
CG_00705,126.70942830000047,37.53437889999975,1,280,286,2.0,0.0,0.0,76.0,medium,282.4,779
CG_00637,126.70042830000045,37.52987889999976,1,280,286,2.0,0.0,0.0,478.0,medium,282.4,780
CG_00706,126.70942830000047,37.53662889999975,1,280,286,2.0,0.0,0.0,76.0,medium,282.4,781
CG_00707,126.70942830000047,37.538878899999744,1,280,286,2.0,0.0,0.0,76.0,medium,282.4,782
CG_00619,126.69817830000045,37.525378899999765,1,280,286,2.0,0.0,0.0,478.0,medium,282.4,783
CG_00606,126.69592830000045,37.52762889999976,1,280,286,2.0,0.0,0.0,478.0,medium,282.4,784
CG_00621,126.69817830000045,37.52987889999976,1,280,286,2.0,0.0,0.0,478.0,medium,282.4,785
CG_00731,126.71167830000047,37.538878899999744,1,280,286,2.0,0.0,0.0,76.0,medium,282.4,786
CG_00730,126.71167830000047,37.53662889999975,1,280,286,2.0,0.0,0.0,76.0,medium,282.4,787
CG_00607,126.69592830000045,37.52987889999976,1,280,286,2.0,0.0,0.0,478.0,medium,282.4,788
CG_00605,126.69592830000045,37.525378899999765,1,280,286,2.0,0.0,0.0,478.0,medium,282.4,789
CG_00635,126.70042830000045,37.525378899999765,1,280,286,2.0,0.0,0.0,478.0,medium,282.4,790
CG_00620,126.69817830000045,37.52762889999976,1,280,286,2.0,0.0,0.0,478.0,medium,282.4,791
CG_00685,126.70717830000046,37.53662889999975,1,280,286,2.0,0.0,0.0,76.0,medium,282.4,792
CG_00656,126.70267830000046,37.52762889999976,1,280,286,2.0,0.0,0.0,478.0,medium,282.4,793
CG_00684,126.70717830000046,37.53437889999975,1,280,286,2.0,0.0,0.0,76.0,medium,282.4,794
CG_00686,126.70717830000046,37.538878899999744,1,280,286,2.0,0.0,0.0,76.0,medium,282.4,795
CG_00636,126.70042830000045,37.52762889999976,1,280,286,2.0,0.0,0.0,478.0,medium,282.4,796
CG_00120,126.63067830000034,37.453378899999876,1,190,184,1.0,0.0,1.0,796.8,high,281.40000000000003,797
CG_00107,126.62842830000034,37.45112889999988,1,190,184,1.0,0.0,1.0,796.8,high,281.40000000000003,798
CG_00108,126.62842830000034,37.453378899999876,1,190,184,1.0,0.0,1.0,796.8,high,281.40000000000003,799
CG_00106,126.62842830000034,37.44887889999988,1,190,184,1.0,0.0,1.0,796.8,high,281.40000000000003,800
CG_00094,126.62617830000033,37.453378899999876,1,190,184,1.0,0.0,1.0,796.8,high,281.40000000000003,801
CG_00093,126.62617830000033,37.45112889999988,1,190,184,1.0,0.0,1.0,796.8,high,281.40000000000003,802
CG_00092,126.62617830000033,37.44887889999988,1,190,184,1.0,0.0,1.0,796.8,high,281.40000000000003,803
CG_00133,126.63292830000034,37.45112889999988,1,190,184,1.0,0.0,1.0,796.8,high,281.40000000000003,804
CG_00134,126.63292830000034,37.453378899999876,1,190,184,1.0,0.0,1.0,796.8,high,281.40000000000003,805
CG_00119,126.63067830000034,37.45112889999988,1,190,184,1.0,0.0,1.0,796.8,high,281.40000000000003,806
CG_00118,126.63067830000034,37.44887889999988,1,190,184,1.0,0.0,1.0,796.8,high,281.40000000000003,807
CG_00071,126.61942830000032,37.3948789,1,276,268,2.0,0.0,0.0,122.0,medium,272.8,808
CG_00072,126.61942830000032,37.3971289,1,276,268,2.0,0.0,0.0,122.0,medium,272.8,809
CG_00641,126.70042830000045,37.58837889999967,1,276,268,2.0,0.0,0.0,166.0,medium,272.8,810
CG_00185,126.63967830000036,37.53662889999975,1,276,268,2.0,0.0,0.0,96.0,medium,272.8,811
CG_00170,126.63742830000035,37.53662889999975,1,276,268,2.0,0.0,0.0,96.0,medium,272.8,812
CG_00171,126.63742830000035,37.538878899999744,1,276,268,2.0,0.0,0.0,96.0,medium,272.8,813
CG_00068,126.61717830000032,37.3948789,1,276,268,2.0,0.0,0.0,122.0,medium,272.8,814
CG_00070,126.61942830000032,37.3926289,1,276,268,2.0,0.0,0.0,122.0,medium,272.8,815
CG_00640,126.70042830000045,37.58612889999967,1,276,268,2.0,0.0,0.0,166.0,medium,272.8,816
CG_00186,126.63967830000036,37.538878899999744,1,276,268,2.0,0.0,0.0,96.0,medium,272.8,817
CG_00077,126.62167830000033,37.3971289,1,276,268,2.0,0.0,0.0,122.0,medium,272.8,818
CG_00076,126.62167830000033,37.3948789,1,276,268,2.0,0.0,0.0,122.0,medium,272.8,819
CG_00657,126.70267830000046,37.583878899999675,1,276,268,2.0,0.0,0.0,166.0,medium,272.8,820
CG_00659,126.70267830000046,37.58837889999967,1,276,268,2.0,0.0,0.0,166.0,medium,272.8,821
CG_00658,126.70267830000046,37.58612889999967,1,276,268,2.0,0.0,0.0,166.0,medium,272.8,822
CG_00066,126.61717830000032,37.3903789,1,276,268,2.0,0.0,0.0,122.0,medium,272.8,823
CG_00639,126.70042830000045,37.583878899999675,1,276,268,2.0,0.0,0.0,166.0,medium,272.8,824
CG_00638,126.70042830000045,37.58162889999968,1,276,268,2.0,0.0,0.0,166.0,medium,272.8,825
CG_00243,126.65092830000037,37.3746289,1,276,268,2.0,0.0,0.0,100.0,medium,272.8,826
CG_00277,126.65542830000038,37.3791289,1,276,268,2.0,0.0,0.0,95.0,medium,272.8,827
CG_00078,126.62167830000033,37.3993789,1,276,268,2.0,0.0,0.0,122.0,medium,272.8,828
CG_00067,126.61717830000032,37.3926289,1,276,268,2.0,0.0,0.0,122.0,medium,272.8,829
CG_00296,126.65767830000038,37.3768789,1,276,268,2.0,0.0,0.0,95.0,medium,272.8,830
CG_00297,126.65767830000038,37.3791289,1,276,268,2.0,0.0,0.0,95.0,medium,272.8,831
CG_00763,126.71617830000048,37.54112889999974,1,270,263,2.0,0.478,0.0,268.2,medium,267.2,832
CG_00799,126.72067830000049,37.53662889999975,1,270,263,2.0,0.478,0.0,268.2,medium,267.2,833
CG_00782,126.71842830000048,37.53662889999975,1,270,263,2.0,0.478,0.0,268.2,medium,267.2,834
CG_00783,126.71842830000048,37.538878899999744,1,270,263,2.0,0.478,0.0,268.2,medium,267.2,835
CG_00762,126.71617830000048,37.538878899999744,1,270,263,2.0,0.478,0.0,268.2,medium,267.2,836
CG_00498,126.67792830000042,37.50737889999979,1,171,173,1.0,0.0,0.0,1010.3,high,257.70000000000005,837
CG_00477,126.67567830000041,37.50962889999979,1,171,173,1.0,0.0,0.0,1010.3,high,257.70000000000005,838
CG_00478,126.67567830000041,37.511878899999786,1,171,173,1.0,0.0,0.0,1010.3,high,257.70000000000005,839
CG_00499,126.67792830000042,37.50962889999979,1,171,173,1.0,0.0,0.0,1010.3,high,257.70000000000005,840
CG_00500,126.67792830000042,37.511878899999786,1,171,173,1.0,0.0,0.0,1010.3,high,257.70000000000005,841
CG_00539,126.68242830000042,37.511878899999786,1,171,173,1.0,0.0,0.0,1010.3,high,257.70000000000005,842
CG_00476,126.67567830000041,37.50737889999979,1,171,173,1.0,0.0,0.0,1010.3,high,257.70000000000005,843
CG_00518,126.68017830000042,37.50737889999979,1,171,173,1.0,0.0,0.0,1010.3,high,257.70000000000005,844
CG_00519,126.68017830000042,37.50962889999979,1,171,173,1.0,0.0,0.0,1010.3,high,257.70000000000005,845
CG_00520,126.68017830000042,37.511878899999786,1,171,173,1.0,0.0,0.0,1010.3,high,257.70000000000005,846
CG_00538,126.68242830000042,37.50962889999979,1,171,173,1.0,0.0,0.0,1010.3,high,257.70000000000005,847
CG_00961,126.74092830000052,37.45112889999988,1,149,145,1.0,0.0,0.0,602.6,high,221.09999999999997,848
CG_00928,126.73642830000051,37.45112889999988,1,149,145,1.0,0.0,0.0,602.6,high,221.09999999999997,849
CG_00945,126.73867830000052,37.44887889999988,1,149,145,1.0,0.0,0.0,602.6,high,221.09999999999997,850
CG_00927,126.73642830000051,37.44887889999988,1,149,145,1.0,0.0,0.0,602.6,high,221.09999999999997,851
CG_00960,126.74092830000052,37.44887889999988,1,149,145,1.0,0.0,0.0,602.6,high,221.09999999999997,852
CG_00946,126.73867830000052,37.45112889999988,1,149,145,1.0,0.0,0.0,602.6,high,221.09999999999997,853
CG_00947,126.73867830000052,37.453378899999876,1,149,145,1.0,0.0,0.0,602.6,high,221.09999999999997,854
CG_00287,126.65542830000038,37.44662889999989,1,147,143,1.0,0.0,0.0,784.3,high,218.10000000000002,855
CG_00305,126.65767830000038,37.44662889999989,1,147,143,1.0,0.0,0.0,784.3,high,218.10000000000002,856
CG_00319,126.65992830000039,37.44662889999989,1,147,143,1.0,0.0,0.0,784.3,high,218.10000000000002,857
CG_00307,126.65767830000038,37.45112889999988,1,147,143,1.0,0.0,0.0,784.3,high,218.10000000000002,858
CG_00306,126.65767830000038,37.44887889999988,1,147,143,1.0,0.0,0.0,784.3,high,218.10000000000002,859
CG_00288,126.65542830000038,37.44887889999988,1,147,143,1.0,0.0,0.0,784.3,high,218.10000000000002,860
CG_00289,126.65542830000038,37.45112889999988,1,147,143,1.0,0.0,0.0,784.3,high,218.10000000000002,861
CG_00522,126.68017830000042,37.51637889999978,1,109,106,1.0,0.0,0.0,1323.0,high,161.7,862
CG_00523,126.68017830000042,37.518628899999776,1,109,106,1.0,0.0,0.0,1323.0,high,161.7,863
CG_00542,126.68242830000042,37.518628899999776,1,109,106,1.0,0.0,0.0,1323.0,high,161.7,864
CG_00540,126.68242830000042,37.51412889999978,1,109,106,1.0,0.0,0.0,1323.0,high,161.7,865
CG_00541,126.68242830000042,37.51637889999978,1,109,106,1.0,0.0,0.0,1323.0,high,161.7,866
CG_00503,126.67792830000042,37.518628899999776,1,109,106,1.0,0.0,0.0,1323.0,high,161.7,867
CG_00475,126.67567830000041,37.5028788999998,1,109,106,1.0,0.0,0.0,602.7,high,161.7,868
CG_00502,126.67792830000042,37.51637889999978,1,109,106,1.0,0.0,0.0,1323.0,high,161.7,869
CG_00516,126.68017830000042,37.5028788999998,1,109,106,1.0,0.0,0.0,602.7,high,161.7,870
CG_00496,126.67792830000042,37.5028788999998,1,109,106,1.0,0.0,0.0,602.7,high,161.7,871
CG_00586,126.69367830000044,37.4218789,1,99,97,1.0,0.0,0.0,714.9,high,147.3,872
CG_00587,126.69367830000044,37.4241289,1,99,97,1.0,0.0,0.0,714.9,high,147.3,873
CG_00233,126.64867830000037,37.4038789,1,99,97,1.0,0.0,0.0,917.9,high,147.3,874
CG_00204,126.64417830000036,37.4038789,1,99,97,1.0,0.0,0.0,917.9,high,147.3,875
CG_00218,126.64642830000037,37.4038789,1,99,97,1.0,0.0,0.0,917.9,high,147.3,876
CG_00219,126.64642830000037,37.4061289,1,99,97,1.0,0.0,0.0,917.9,high,147.3,877
CG_00049,126.61267830000031,37.3836289,1,99,97,1.0,0.0,0.0,716.0,high,147.3,878
CG_00051,126.61267830000031,37.3881289,1,99,97,1.0,0.0,0.0,716.0,high,147.3,879
CG_00044,126.61042830000031,37.3858789,1,99,97,1.0,0.0,0.0,716.0,high,147.3,880
CG_00205,126.64417830000036,37.4061289,1,99,97,1.0,0.0,0.0,917.9,high,147.3,881
CG_00585,126.69367830000044,37.4196289,1,99,97,1.0,0.0,0.0,714.9,high,147.3,882
CG_00052,126.61267830000031,37.3903789,1,99,97,1.0,0.0,0.0,716.0,high,147.3,883
CG_00061,126.61492830000032,37.3881289,1,99,97,1.0,0.0,0.0,716.0,high,147.3,884
CG_00059,126.61492830000032,37.3836289,1,99,97,1.0,0.0,0.0,716.0,high,147.3,885
CG_00050,126.61267830000031,37.3858789,1,99,97,1.0,0.0,0.0,716.0,high,147.3,886
CG_00060,126.61492830000032,37.3858789,1,99,97,1.0,0.0,0.0,716.0,high,147.3,887
CG_00248,126.65092830000037,37.3993789,1,99,97,1.0,0.0,0.0,917.9,high,147.3,888
CG_00249,126.65092830000037,37.4016289,1,99,97,1.0,0.0,0.0,917.9,high,147.3,889
CG_00596,126.69592830000045,37.4196289,1,99,97,1.0,0.0,0.0,714.9,high,147.3,890
CG_00577,126.69142830000044,37.4218789,1,99,97,1.0,0.0,0.0,714.9,high,147.3,891
CG_00597,126.69592830000045,37.4218789,1,99,97,1.0,0.0,0.0,714.9,high,147.3,892
CG_00977,126.74542830000053,37.480378899999835,1,133,130,2.0,0.0,0.0,415.0,medium,131.8,893
CG_00981,126.74992830000053,37.480378899999835,1,133,130,2.0,0.0,0.0,415.0,medium,131.8,894
CG_00982,126.74992830000053,37.48262889999983,1,133,130,2.0,0.0,0.0,415.0,medium,131.8,895
CG_00980,126.74767830000053,37.48262889999983,1,133,130,2.0,0.0,0.0,415.0,medium,131.8,896
CG_00979,126.74767830000053,37.480378899999835,1,133,130,2.0,0.0,0.0,415.0,medium,131.8,897
CG_00978,126.74542830000053,37.48262889999983,1,133,130,2.0,0.0,0.0,415.0,medium,131.8,898
CG_00080,126.62167830000033,37.47812889999984,1,124,120,2.0,0.0,4.0,247.0,medium,122.39999999999999,899
CG_00087,126.62392830000033,37.47812889999984,1,124,120,2.0,0.0,4.0,247.0,medium,122.39999999999999,900
CG_00075,126.61942830000032,37.480378899999835,1,124,120,2.0,0.0,4.0,247.0,medium,122.39999999999999,901
CG_00073,126.61942830000032,37.47587889999984,1,124,120,2.0,0.0,4.0,247.0,medium,122.39999999999999,902
CG_00074,126.61942830000032,37.47812889999984,1,124,120,2.0,0.0,4.0,247.0,medium,122.39999999999999,903
CG_00088,126.62392830000033,37.480378899999835,1,124,120,2.0,0.0,4.0,247.0,medium,122.39999999999999,904
CG_00086,126.62392830000033,37.47587889999984,1,124,120,2.0,0.0,4.0,247.0,medium,122.39999999999999,905
CG_00081,126.62167830000033,37.480378899999835,1,124,120,2.0,0.0,4.0,247.0,medium,122.39999999999999,906
CG_00079,126.62167830000033,37.47587889999984,1,124,120,2.0,0.0,4.0,247.0,medium,122.39999999999999,907
CG_00593,126.69367830000044,37.59287889999966,1,109,106,2.0,0.0,0.0,320.0,medium,107.8,908
CG_00595,126.69367830000044,37.61537889999963,1,109,106,2.0,0.0,0.0,235.0,medium,107.8,909
CG_00594,126.69367830000044,37.59512889999966,1,109,106,2.0,0.0,0.0,320.0,medium,107.8,910
CG_00486,126.67567830000041,37.58162889999968,1,109,106,2.0,0.0,0.0,91.0,medium,107.8,911
CG_00487,126.67567830000041,37.583878899999675,1,109,106,2.0,0.0,0.0,91.0,medium,107.8,912
CG_00610,126.69592830000045,37.61312889999963,1,109,106,2.0,0.0,0.0,235.0,medium,107.8,913
CG_00609,126.69592830000045,37.61087889999963,1,109,106,2.0,0.0,0.0,95.0,medium,107.8,914
CG_00484,126.67567830000041,37.577128899999686,1,109,106,2.0,0.0,0.0,91.0,medium,107.8,915
CG_00465,126.67342830000041,37.583878899999675,1,109,106,2.0,0.0,0.0,91.0,medium,107.8,916
CG_00623,126.69817830000045,37.61087889999963,1,109,106,2.0,0.0,0.0,95.0,medium,107.8,917
CG_00624,126.69817830000045,37.61312889999963,1,109,106,2.0,0.0,0.0,235.0,medium,107.8,918
CG_00625,126.69817830000045,37.61537889999963,1,109,106,2.0,0.0,0.0,235.0,medium,107.8,919
CG_00643,126.70042830000045,37.61087889999963,1,109,106,2.0,0.0,0.0,95.0,medium,107.8,920
CG_00440,126.6711783000004,37.577128899999686,1,109,106,2.0,0.0,0.0,91.0,medium,107.8,921
CG_00642,126.70042830000045,37.60862889999964,1,109,106,2.0,0.0,0.0,95.0,medium,107.8,922
CG_00441,126.6711783000004,37.57937889999968,1,109,106,2.0,0.0,0.0,91.0,medium,107.8,923
CG_00584,126.69142830000044,37.61762889999962,1,109,106,2.0,0.0,0.0,235.0,medium,107.8,924
CG_00608,126.69592830000045,37.60862889999964,1,109,106,2.0,0.0,0.0,95.0,medium,107.8,925
CG_00611,126.69592830000045,37.61537889999963,1,109,106,2.0,0.0,0.0,235.0,medium,107.8,926
CG_00622,126.69817830000045,37.60862889999964,1,109,106,2.0,0.0,0.0,95.0,medium,107.8,927
CG_00575,126.68917830000044,37.61537889999963,1,109,106,2.0,0.0,0.0,235.0,medium,107.8,928
CG_00576,126.68917830000044,37.61762889999962,1,109,106,2.0,0.0,0.0,235.0,medium,107.8,929
CG_00485,126.67567830000041,37.57937889999968,1,109,106,2.0,0.0,0.0,91.0,medium,107.8,930
CG_00583,126.69142830000044,37.61537889999963,1,109,106,2.0,0.0,0.0,235.0,medium,107.8,931
CG_00592,126.69367830000044,37.590628899999665,1,109,106,2.0,0.0,0.0,320.0,medium,107.8,932
CG_00582,126.69142830000044,37.59512889999966,1,109,106,2.0,0.0,0.0,320.0,medium,107.8,933
CG_00463,126.67342830000041,37.57937889999968,1,109,106,2.0,0.0,0.0,91.0,medium,107.8,934
CG_00464,126.67342830000041,37.58162889999968,1,109,106,2.0,0.0,0.0,91.0,medium,107.8,935
CG_00581,126.69142830000044,37.59287889999966,1,109,106,2.0,0.0,0.0,320.0,medium,107.8,936
CG_00462,126.67342830000041,37.577128899999686,1,109,106,2.0,0.0,0.0,91.0,medium,107.8,937
CG_00580,126.69142830000044,37.590628899999665,1,109,106,2.0,0.0,0.0,320.0,medium,107.8,938
CG_00318,126.65992830000039,37.4151289,1,99,97,2.0,0.0,0.0,120.0,low,98.2,939
CG_00332,126.66217830000039,37.4083789,1,99,97,2.0,0.0,0.0,120.0,low,98.2,940
CG_00317,126.65992830000039,37.4128789,1,99,97,2.0,0.0,0.0,120.0,low,98.2,941
CG_00334,126.66217830000039,37.4128789,1,99,97,2.0,0.0,0.0,120.0,low,98.2,942
CG_00314,126.65992830000039,37.4061289,1,99,97,2.0,0.0,0.0,120.0,low,98.2,943
CG_00282,126.65542830000038,37.4061289,1,99,97,2.0,0.0,0.0,120.0,low,98.2,944
CG_00284,126.65542830000038,37.4106289,1,99,97,2.0,0.0,0.0,120.0,low,98.2,945
CG_00303,126.65767830000038,37.4128789,1,99,97,2.0,0.0,0.0,120.0,low,98.2,946
CG_00302,126.65767830000038,37.4106289,1,99,97,2.0,0.0,0.0,120.0,low,98.2,947
CG_00331,126.66217830000039,37.4061289,1,99,97,2.0,0.0,0.0,120.0,low,98.2,948
CG_00300,126.65767830000038,37.4061289,1,99,97,2.0,0.0,0.0,120.0,low,98.2,949
CG_00301,126.65767830000038,37.4083789,1,99,97,2.0,0.0,0.0,120.0,low,98.2,950
CG_00333,126.66217830000039,37.4106289,1,99,97,2.0,0.0,0.0,120.0,low,98.2,951
CG_00316,126.65992830000039,37.4106289,1,99,97,2.0,0.0,0.0,120.0,low,98.2,952
CG_00315,126.65992830000039,37.4083789,1,99,97,2.0,0.0,0.0,120.0,low,98.2,953
CG_00263,126.65317830000038,37.4083789,1,99,97,2.0,0.0,0.0,120.0,low,98.2,954
CG_00262,126.65317830000038,37.4061289,1,99,97,2.0,0.0,0.0,120.0,low,98.2,955
CG_00304,126.65767830000038,37.4151289,1,99,97,2.0,0.0,0.0,120.0,low,98.2,956
CG_00283,126.65542830000038,37.4083789,1,99,97,2.0,0.0,0.0,120.0,low,98.2,957
CG_00285,126.65542830000038,37.4128789,1,99,97,2.0,0.0,0.0,120.0,low,98.2,958
CG_00286,126.65542830000038,37.4151289,1,99,97,2.0,0.0,0.0,120.0,low,98.2,959
CG_00250,126.65092830000037,37.4083789,1,99,97,2.0,0.0,0.0,120.0,low,98.2,960
CG_00251,126.65092830000037,37.4106289,1,99,97,2.0,0.0,0.0,120.0,low,98.2,961
CG_00265,126.65317830000038,37.4128789,1,99,97,2.0,0.0,0.0,120.0,low,98.2,962
CG_00264,126.65317830000038,37.4106289,1,99,97,2.0,0.0,0.0,120.0,low,98.2,963
CG_00035,126.6036783000003,37.453378899999876,1,25,24,1.0,0.0,1.0,620.0,high,36.900000000000006,964
CG_00034,126.6036783000003,37.45112889999988,1,25,24,1.0,0.0,1.0,620.0,high,36.900000000000006,965
CG_00038,126.6059283000003,37.45112889999988,1,25,24,1.0,0.0,1.0,620.0,high,36.900000000000006,966
CG_00037,126.6059283000003,37.44887889999988,1,25,24,1.0,0.0,1.0,620.0,high,36.900000000000006,967
CG_00040,126.6059283000003,37.45562889999987,1,25,24,1.0,0.0,1.0,620.0,high,36.900000000000006,968
CG_00039,126.6059283000003,37.453378899999876,1,25,24,1.0,0.0,1.0,620.0,high,36.900000000000006,969
CG_00041,126.6081783000003,37.45112889999988,1,25,24,1.0,0.0,1.0,620.0,high,36.900000000000006,970
CG_00042,126.6081783000003,37.453378899999876,1,25,24,1.0,0.0,1.0,620.0,high,36.900000000000006,971
CG_00043,126.6081783000003,37.45562889999987,1,25,24,1.0,0.0,1.0,620.0,high,36.900000000000006,972
CG_00047,126.61042830000031,37.453378899999876,1,25,24,1.0,0.0,1.0,620.0,high,36.900000000000006,973
CG_00048,126.61042830000031,37.45562889999987,1,25,24,1.0,0.0,1.0,620.0,high,36.900000000000006,974
CG_00036,126.6036783000003,37.45562889999987,1,25,24,1.0,0.0,1.0,620.0,high,36.900000000000006,975
CG_00007,126.4146783,37.44887889999988,1,5,5,1.0,0.0,0.0,13471.8,high,7.5,976
CG_00006,126.4146783,37.44662889999989,1,5,5,1.0,0.0,0.0,13471.8,high,7.5,977
CG_00003,126.4124283,37.44437889999989,1,5,5,1.0,0.0,0.0,13471.8,high,7.5,978
CG_00005,126.4124283,37.44887889999988,1,5,5,1.0,0.0,0.0,13471.8,high,7.5,979
CG_00002,126.4101783,37.44887889999988,1,5,5,1.0,0.0,0.0,13471.8,high,7.5,980
CG_00000,126.4101783,37.44437889999989,1,5,5,1.0,0.0,0.0,13471.8,high,7.5,981
CG_00004,126.4124283,37.44662889999989,1,5,5,1.0,0.0,0.0,13471.8,high,7.5,982
CG_00001,126.4101783,37.44662889999989,1,5,5,1.0,0.0,0.0,13471.8,high,7.5,983
