도서관명,유형,구,위도,경도,장서수,열람좌석수,평일운영,휴관일,기준일,좌표출처
강화도서관,공공,강화군,37.7488047,126.4831601,85849,241,09:00~22:00,월,2026-04-30,원본
내가도서관,공공,강화군,37.7193494,126.3898462,17837,60,09:00~18:00,금,2026-04-30,원본
지혜의숲도서관,공공,강화군,37.72281752,126.4830801,22025,82,09:00~22:00,금,2026-04-30,원본
계양도서관,공공,계양구,37.5460036103084,126.730110081149,211481,606,06:00~22:00,매주화요일+법정공휴일,2026-02-09,지오코딩
동양도서관,공공,계양구,37.561924,126.757834,50477,393,06:00~22:00,월,2026-05-19,원본
별똥별어린이도서관,공공,계양구,37.529267,126.70576,15093,48,09:00~22:00,금,2026-05-19,원본
서운도서관,공공,계양구,37.526429,126.743024,43297,174,06:00~22:00,월,2026-05-19,원본
인천광역시교육청계양도서관,공공,계양구,37.54600361,126.7301101,205385,606,06:00~22:00,화+국가지정공휴일,2025-08-07,원본
임학도서관,공공,계양구,37.544347,126.736191,20884,109,06:00~22:00,금,2026-05-19,원본
작전도서관,공공,계양구,37.533007,126.737729,45734,374,06:00~22:00,금,2026-05-19,원본
효성도서관,공공,계양구,37.529137,126.715058,51383,281,06:00~22:00,월,2026-05-19,원본
간석3동어린이도서관,공공,남동구,37.46611169,126.714682,39881,80,09:00~18:00,월+국가지정 공휴일,2026-03-16,원본
남동논현도서관,공공,남동구,37.40243916,126.7264659,54860,333,08:00~22:00,금+국가지정 공휴일,2026-03-16,원본
논현도서관,공공,남동구,37.4024391618622,126.726465928329,46716,36,08:00~22:00,매주금요일+법정공휴일,2026-02-09,지오코딩
만수2동어린이도서관,공공,남동구,37.4613894,126.7311617,35390,65,09:00~18:00,월+국가지정 공휴일,2026-03-16,원본
서창도서관,공공,남동구,37.4363253,126.7462252,89858,183,08:00~22:00,월+국가지정 공휴일,2026-03-16,원본
소래도서관,공공,남동구,37.39318223,126.7231934,118513,150,08:00~22:00,월+국가지정 공휴일,2026-03-16,원본
인천광역시교육청 인천광역시교육청중앙도서관,공공,남동구,37.455674,126.702493,303482,360,09:00~20:00,매주 월요일+국가지정공휴일,2025-08-04,원본
인천도서관,공공,남동구,37.4470474098541,126.724870300665,727364,1169,09:00~22:00,매주금요일+법정공휴일,2026-02-09,지오코딩
중앙도서관,공공,남동구,37.4563282077476,126.703137949262,304597,888,06:00~22:00,매주월요일+법정공휴일,2026-02-09,지오코딩
꿈드림어린이영어도서관,공공,동구,37.47645272,126.6481858,23227,100,09:00~18:00,금+공휴일,2025-12-04,원본
송림도서관,공공,동구,37.47472957,126.6488089,98787,465,06:00~22:00,월+공휴일,2025-12-04,원본
이룸청소년도서관,공공,동구,37.47520498,126.6446852,7127,50,10:00~21:00,월+공휴일,2025-12-04,원본
인천광역시교육청화도진도서관,공공,동구,37.48184083,126.6283577,176709,662,09:00~20:00,매주수요일+국가지정공휴일,2025-08-06,원본
화도진도서관,공공,동구,37.4818408717906,126.628357614461,180271,662,06:00~22:00,매주수요일+법정공휴일,2026-02-09,지오코딩
관교어린이도서관,어린이,미추홀구,37.4441559,126.696806,29031,73,10:00~22:00,매주월요일+법정공휴일,2024-10-31,원본
독정골어린이도서관,어린이,미추홀구,37.456027,126.6563009,19829,62,10:00~18:00,매주월요일+법정공휴일,2024-10-31,원본
석바위어린이도서관,어린이,미추홀구,37.46127661,126.6923112,25120,35,10:00~22:00,매주월요일+법정공휴일,2024-10-31,원본
소금꽃어린이도서관,어린이,미추홀구,37.46591921,126.6870517,27041,52,10:00~18:00,매주월요일+법정공휴일,2024-10-31,원본
수봉도서관,공공,미추홀구,37.4626954812154,126.666844568769,113854,463,09:00~22:00,매주월요일+법정공휴일,2026-02-09,지오코딩
쑥골어린이도서관,어린이,미추홀구,37.4755613,126.6612852,23743,88,10:00~18:00,매주월요일+법정공휴일,2024-10-31,원본
용비도서관,공공,미추홀구,37.44931994,126.6404994,43584,98,10:00~22:00,매주월요일+법정공휴일,2024-10-31,원본
이랑도서관,공공,미추홀구,37.44923613,126.6803368,22881,32,10:00~18:00,매주월요일+법정공휴일,2024-10-31,원본
인천광역시교육청 주안도서관,공공,미추홀구,37.45550009,126.6928788,250447,835,06:00~22:00,매주목요일,2025-08-04,원본
장사래어린이도서관,어린이,미추홀구,37.4627916,126.6473658,21512,50,10:00~18:00,매주월요일+법정공휴일,2024-10-31,원본
제물포도서관,공공,미추홀구,37.46412824,126.6560197,19907,35,10:00~18:00,매주월요일+법정공휴일,2024-10-31,원본
주안도서관,공공,미추홀구,37.4555000934994,126.692878809393,247131,835,06:00~22:00,매주목요일+법정공휴일,2026-02-09,지오코딩
학나래도서관,공공,미추홀구,37.44658054,126.6674754,54668,115,10:00~22:00,매주월요일+법정공휴일,2024-10-31,원본
한우리어린이도서관,어린이,미추홀구,37.4637642,126.6765574,23044,18,10:00~18:00,매주월요일+법정공휴일,2024-10-31,원본
갈산도서관,공공,부평구,37.517563,126.7271369,30708,92,09:00~18:00,일+월+법정공휴일,2025-10-31,원본
갈산밀알도서관,작은,부평구,37.51074117,126.7257141,9459,30,10:00~16:00,토+일+법정공휴일,2025-10-31,원본
글마루도서관,작은,부평구,37.494259,126.7200663,13041,60,10:00~18:00,토+일+법정공휴일,2025-10-31,원본
꿈꾸는작은도서관,작은,부평구,37.474552,126.702253,1005,24,14:00~20:00,일+법정공휴일,2025-10-31,원본
꿈나무작은도서관,작은,부평구,37.50174046,126.711437,11034,42,10:00~18:00,토+일+법정공휴일,2025-10-31,원본
꿈땅도서관,작은,부평구,37.48684648,126.7303786,12482,70,09:30~17:30,일+월+법정공휴일,2025-10-31,원본
꿈쟁이어린이도서관,작은,부평구,37.499561,126.715083,6500,26,09:00~17:00,일+월+법정공휴일,2025-10-31,원본
노동자의 작은도서관 사람,작은,부평구,37.469743,126.707685,5293,17,10:00~22:00,일+법정공휴일,2025-10-31,원본
늘푸른도서관,작은,부평구,37.490433,126.726575,2508,30,13:00~18:00,일+월+법정공휴일,2025-10-31,원본
동그라미도서관,작은,부평구,37.47967346,126.7029085,2000,40,15:00~18:00,토+일+법정공휴일,2025-10-31,원본
동수작은도서관,작은,부평구,37.4880013,126.724491,10340,33,10:00~19:00,토+일+법정공휴일,2025-10-31,원본
로뎀나무도서관,작은,부평구,37.52006146,126.746528,9639,20,10:00~18:00,토+일+법정공휴일,2025-10-31,원본
마을도서관,작은,부평구,37.51992711,126.748044,3000,30,09:00~18:00,토+일+법정공휴일,2025-10-31,원본
민들레작은도서관,작은,부평구,37.50525856,126.738012,11041,30,10:00~18:00,토+일+법정공휴일,2025-10-31,원본
부개도서관,공공,부평구,37.491051,126.7395091,77534,227,09:00~22:00,일+월+법정공휴일,2025-10-31,원본
부개어린이도서관,공공,부평구,37.48552079,126.737024,24895,70,09:00~18:00,일+월+법정공휴일,2025-10-31,원본
부평기적의도서관,공공,부평구,37.50344695,126.7401943,55857,120,09:00~18:00,일+월+법정공휴일,2025-10-31,원본
부평도서관,공공,부평구,37.4849964881751,126.704586115378,198134,1051,06:00~22:00,매주목요일+법정공휴일,2026-02-09,지오코딩
부평마을작은도서관,작은,부평구,37.50156,126.7258697892,1476,30,06:00~17:00,일+법정공휴일,2025-10-31,원본
부평현대1단지아파트작은도서관,작은,부평구,37.490572,126.7064071,1291,60,09:00~18:00,일+법정공휴일,2025-10-31,원본
북구도서관,공공,부평구,37.50658091,126.7236393,308092,500,09:00~20:00,매주 월요일,2024-08-09,원본
사랑채작은도서관,작은,부평구,37.5010106,126.7258266,6300,20,16:00~20:00,토+일+법정공휴일,2025-10-31,원본
산곡글향기도서관,작은,부평구,37.50504,126.6986,8720,16,10:00~18:00,일+월+법정공휴일,2025-10-31,원본
삼산도서관,공공,부평구,37.522166,126.743035,81156,204,09:00~22:00,일+월+법정공휴일,2025-10-31,원본
상동무지개작은도서관,작은,부평구,37.516550278,126.7588701907,1250,30,10:00~18:00,토+일+법정공휴일,2025-10-31,원본
샘터도서관,작은,부평구,37.473805,126.707884,7687,9,10:00~18:00,토+일+법정공휴일,2025-10-31,원본
선일비전영어작은도서관,작은,부평구,37.510818,126.706111,3600,16,13:00~18:00,토+일+법정공휴일,2025-10-31,원본
신나는여성주의도서관 랄라,작은,부평구,37.522677,126.7385122,8273,80,10:00~18:00,토+일+월+법정공휴일,2025-10-31,원본
신트리도서관,공공,부평구,37.5065901002623,126.723638107662,297481,1220,06:00~22:00,매주월요일+법정공휴일,2026-02-09,지오코딩
엘림작은도서관,작은,부평구,37.48154749,126.7411791,7417,40,13:00~17:00,일+월+수+목+금+법정공휴일,2025-10-31,원본
여울도서관,작은,부평구,37.51219785,126.7429963,1000,10,09:00~18:00,토+일+법정공휴일,2025-10-31,원본
열방작은도서관,작은,부평구,37.49258443,126.7409216,9078,10,13:00~18:00,일+법정공휴일,2025-10-31,원본
옹달샘도서관,작은,부평구,37.47772017,126.7496127,10025,45,14:00~18:00,토+일+법정공휴일,2025-10-31,원본
인천광역시교육청 인천광역시교육청부평도서관,공공,부평구,37.48499649,126.7045861,192571,574,06:00~20:00,매주 월요일+국가지정공휴일,2025-08-19,원본
인천광역시교육청신트리도서관,공공,부평구,37.50658091,126.7236393,310119,500,09:00~20:00,매주 월요일,2025-08-11,원본
조이도서관,작은,부평구,37.51326245,126.705691,2508,20,09:00~18:00,일+법정공휴일,2025-10-31,원본
지혜로작은도서관,작은,부평구,37.506052,126.7039764,2639,15,09:00~18:00,토+일+법정공휴일,2025-10-31,원본
청개구리어린이도서관,작은,부평구,37.49579548,126.7048289,8979,50,10:00~18:00,토+일+월+법정공휴일,2025-10-31,원본
청소년인문학도서관 두잉,작은,부평구,37.48207762,126.7088104,5420,50,13:00~21:00,월+일+법정공휴일,2025-10-31,원본
청천도서관,공공,부평구,37.5058741,126.714391,68573,149,09:00~22:00,일+월+법정공휴일,2025-10-31,원본
초록필그림도서관,작은,부평구,37.48367,126.7450353942,1000,42,10:00~14:00,일+월+법정공휴일,2025-10-31,원본
춤추는달팽이도서관,작은,부평구,37.47695911,126.708486,7681,50,09:00~18:00,토+일+법정공휴일,2025-10-31,원본
포도나무 작은도서관,작은,부평구,37.493988,126.7027288,2793,10,10:00~18:00,일+법정공휴일,2025-10-31,원본
하브루타도서관,작은,부평구,37.48839372,126.7231464,2653,20,09:00~16:30,일+월+법정공휴일,2025-10-31,원본
하우스디 작은도서관,작은,부평구,37.51163779,126.7088263,2802,18,13:00~18:00,토+일+법정공휴일,2025-10-31,원본
하하작은도서관,작은,부평구,37.486154,126.7129067,4237,30,10:00~18:00,월+일+법정공휴일,2025-10-31,원본
한아름작은도서관,작은,부평구,37.50838429,126.728054,1099,16,14:00~18:00,일+월+법정공휴일,2025-10-31,원본
함께하는 사랑밭 그림책도서관 1호점,작은,부평구,37.48507961,126.720672,4116,10,10:00~19:00,월+일+법정공휴일,2025-10-31,원본
해오름작은도서관,작은,부평구,37.512637,126.707052,5481,12,09:00~18:00,일+월+법정공휴일,2025-10-31,원본
호별 작은도서관,작은,부평구,37.50464773,126.7198167,1300,6,12:00~18:00,화+토+일+법정공휴일,2025-10-31,원본
홀리스디어린이도서관,작은,부평구,37.51506,126.7336,1585,30,13:00~17:00,일+월+법정공휴일,2025-10-31,원본
희망천작은도서관,작은,부평구,37.482228,126.7145029,13667,26,10:00~18:00,토+일+법정공휴일,2025-10-31,원본
5B2F(빠삐뚜엡) 작은도서관,작은,서구,37.5894066,126.6790581,3004,34,12:30~17:00,월+토+일+법정공휴일,2025-11-14,원본
S.F 영어 작은도서관,작은,서구,37.54244373,126.6716546,2300,20,10:00~18:00,토+일+법정공휴일,2025-11-14,원본
SK리더스뷰 작은도서관,작은,서구,37.52195565,126.6765082,2500,44,10:00~18:00,금+일+법정공휴일,2025-11-14,원본
The Way 작은도서관,작은,서구,37.54822157,126.6766898,5521,15,10:00~18:00,일+월+법정공휴일,2025-11-14,원본
e편한세상 검단어반센트로 작은도서관,작은,서구,37.58908783,126.7028069,1000,40,10:00~18:00,토+일+법정공휴일,2025-11-14,원본
가재울 작은도서관,작은,서구,37.48748624,126.683403,11271,40,09:00~18:00,토+일+법정공휴일,2025-11-14,원본
가재울꿈어린이도서관,공공,서구,37.4943618068813,126.679628282051,263047,485,09:00~18:00,매주금요일+법정공휴일,2026-02-09,지오코딩
가정 행복 작은도서관,작은,서구,37.5383869821008,126.664531758977,1011,20,10:00~18:00,토+일+법정공휴일,2025-11-14,지오코딩
가정LH3단지 작은도서관,작은,서구,37.53233704,126.6645242,3000,24,09:00~17:00,일+법정공휴일,2025-11-14,원본
가정골 북카페,작은,서구,37.515517,126.677826,5504,30,09:00~18:00,토+일+법정공휴일,2025-11-14,원본
가정동 작은도서관,작은,서구,37.51981713,126.6736892,5000,24,11:00~17:00,월+법정공휴일,2025-11-14,원본
거북골 작은도서관,작은,서구,37.5025911,126.6746007,13705,6,09:00~17:00,토+일+법정공휴일,2025-11-14,원본
검단LH13단지 아라작은도서관,작은,서구,37.58421986,126.7052687,1020,18,10:00~17:00,토+일+법정공휴일,2025-11-14,원본
검단금호어울림센트럴 작은도서관,작은,서구,37.59624887,126.7143568,5594,40,10:00~18:00,토+일+법정공휴일,2025-11-14,원본
검단도서관,공공,서구,37.600564,126.6653487,59282,265,09:00~22:00,월+국가지정공휴일,2025-11-14,원본
검단신안인스빌어반퍼스트 작은도서관,작은,서구,37.58189046,126.7125394,1500,32,10:00~18:00,토+일+법정공휴일,2025-11-14,원본
검단행복 북카페,작은,서구,37.60508641,126.6618003,1965,40,09:00~18:00,토+일+법정공휴일,2025-11-14,원본
검암도서관,공공,서구,37.56602786,126.6830625,59928,350,09:00~22:00,월+국가지정공휴일,2025-11-14,원본
글잎새 작은도서관,작은,서구,37.56574195,126.6761717,1290,15,00:00~00:00,휴관,2025-11-14,원본
금곡하나아파트 문고,작은,서구,37.60378972,126.6527762,4745,12,09:00~17:30,일+법정공휴일,2025-11-14,원본
꿈꾸는 나무 도서관,작은,서구,37.53671329,126.6570027,5944,30,14:30~17:00,토+일+법정공휴일,2025-11-14,원본
꿈꾸는 작은도서관,작은,서구,37.49526648,126.6844068,4876,8,15:00~18:00,화+수+금+토+일+법정공휴일,2025-11-14,원본
꿈나무 작은도서관,작은,서구,37.494311,126.672569,11761,25,09:00~18:00,토+일+법정공휴일,2025-11-14,원본
꿈땅 작은도서관,작은,서구,37.56719611,126.6826249,4750,24,10:00~17:00,월+법정공휴일,2025-11-14,원본
꿈마을 작은도서관,작은,서구,37.566352,126.6825031,1620,15,13:00~18:00,일+법정공휴일,2025-11-14,원본
꿈빛도서관,작은,서구,37.49663164,126.6826083,2000,20,13:00~18:00,일+법정공휴일,2025-11-14,원본
꿈사랑 작은도서관,작은,서구,37.6006953,126.6576523,9896,40,14:00~18:00,토+일+법정공휴일,2025-11-14,원본
꿈을 굽는 작은도서관,작은,서구,37.59328217,126.6968709,6482,16,14:00~18:00,금+일+법정공휴일,2025-11-14,원본
나비사랑 작은도서관,작은,서구,37.53493817,126.660403,1460,32,10:00~18:00,월,2025-11-14,원본
느티나무 도서관,작은,서구,37.49602907,126.680365,6900,24,10:00~20:00,법정공휴일,2025-11-14,원본
다독다독 북카페,작은,서구,37.59701626,126.6376311,1605,35,10:00~17:00,토+일+법정공휴일,2025-11-14,원본
단봉늘봄도서관,공공,서구,37.5964968296682,126.639805617486,41393,193,09:00~22:00,매주월요일+법정공휴일,2026-02-09,지오코딩
당하동 책이있는쉼터,작은,서구,37.59210105,126.6746306,10128,80,10:00~16:00,토+일+법정공휴일,2025-11-14,원본
당하마루 작은도서관,작은,서구,37.5904265522369,126.680364384667,1007,30,10:00~18:00,토+일+법정공휴일,2025-11-14,지오코딩
동행 작은도서관,작은,서구,37.48846687,126.6837645,1138,22,11:00~15:00,일+월+법정공휴일,2025-11-14,원본
드림파크 어울림 1단지 문고,작은,서구,37.59565987,126.6392635,4000,15,14:00~18:00,월+수+목+토+일+법정공휴일,2025-11-14,원본
드림하이 작은도서관,작은,서구,37.596244,126.673545,3385,26,11:00~17:00,월+법정공휴일,2025-11-14,원본
디에트르 더힐 작은도서관,작은,서구,37.6022774,126.708984,3000,63,09:00~20:00,법정공휴일,2025-11-14,원본
로이 작은도서관,작은,서구,37.51542354,126.6689779,1027,12,00:00~00:00,휴관,2025-11-14,원본
루에블리 작은도서관,작은,서구,37.52394782,126.6670938,3313,15,10:00~17:00,토+일+법정공휴일,2025-11-14,원본
루원더퍼스트 작은도서관,작은,서구,37.53346514,126.6651474,5000,30,13:00~18:00,일+법정공휴일,2025-11-14,원본
루원시티2차SK리더스뷰 작은도서관,작은,서구,37.52195565,126.6765082,5029,28,10:00~18:00,토+일+법정공휴일,2025-11-14,원본
루원시티센트럴타운 작은도서관,작은,서구,37.520482,126.6668257,1048,14,10:00~18:00,토+일+법정공휴일,2025-11-14,원본
마을서재 느루,작은,서구,37.48822247,126.6822368,6000,40,14:00~22:00,월+법정공휴일,2025-11-14,원본
마음이음 작은도서관,작은,서구,37.51792192,126.6670859,1018,20,10:00~18:00,토+일+법정공휴일,2025-11-14,원본
마전도서관,공공,서구,37.5941149132792,126.66347146746,72144,490,09:00~22:00,매주금요일+법정공휴일,2026-02-09,지오코딩
맑은내 작은도서관,작은,서구,37.48699602,126.6872148,3000,25,10:30~18:00,일+법정공휴일,2025-11-14,원본
물푸레 작은도서관,작은,서구,37.59234272,126.6949518,19229,18,10:00~18:00,일+법정공휴일,2025-11-14,원본
민들레작은도서관,작은,서구,37.59146981,126.667843,3276,30,00:00~00:00,월+화+수+목+금+법정공휴일,2025-11-14,원본
베르힐도서관,작은,서구,37.52442845,126.6653226,1428,28,09:00~22:00,법정공휴일,2025-11-14,원본
불로 작은도서관,작은,서구,37.61386507,126.6850796,5450,24,09:30~17:00,월+법정공휴일,2025-11-14,원본
불로문화체육센터 작은도서관,작은,서구,37.61299724,126.6858828,1220,54,07:00~20:00,일+법정공휴일,2025-11-14,원본
블루힐도서관,작은,서구,37.53463287,126.6664964,1043,30,10:00~18:00,법정공휴일,2025-11-14,원본
비전 작은도서관,작은,서구,37.49445846,126.6786235,1546,20,09:00~17:00,법정공휴일,2025-11-14,원본
빛과진리 작은도서관,작은,서구,37.50434469,126.6691833,4338,20,10:00~18:00,토+일+법정공휴일,2025-11-14,원본
빛난이슬 작은도서관,작은,서구,37.53260237,126.656837,2100,56,09:00~17:00,일+법정공휴일,2025-11-14,원본
사랑방 작은도서관,작은,서구,37.59533187,126.6927384,2300,50,10:00~17:00,월,2025-11-14,원본
사랑의 작은도서관 북카페,작은,서구,37.56441978,126.673601,11238,6,10:00~16:00,토+일+법정공휴일,2025-11-14,원본
새일꾼 작은도서관(휴관),작은,서구,37.55594433,126.6739956,1520,6,10:00~19:00,휴관,2025-11-14,원본
서구도서관,공공,서구,37.4943618068813,126.679628282051,253958,480,06:00~22:00,매주금요일+법정공휴일,2026-02-09,지오코딩
서로사랑하는도서관,작은,서구,37.59504508,126.673142,3000,20,10:00~19:00,법정공휴일,2025-11-14,원본
서인천월드메르디앙 문고,작은,서구,37.51162305,126.6687306,3994,12,16:00~19:00,월+화+수+금+토+일+법정공휴일,2025-11-14,원본
석남도서관,공공,서구,37.511809,126.678265,61945,198,09:00~22:00,월+국가지정공휴일,2025-11-14,원본
선한사랑 어린이도서관,작은,서구,37.56515844,126.6735443,1304,33,10:00~17:00,일+법정공휴일,2025-11-14,원본
소담터 불로작은도서관,작은,서구,37.6169613537589,126.68230842183,3251,45,09:00~18:00,월+법정공휴일,2025-11-14,지오코딩
솔라북 도서관,작은,서구,37.60933965,126.6693411,4087,30,10:00~18:00,토+일+법정공휴일,2025-11-14,원본
수정 작은도서관,작은,서구,37.61396855,126.6790437,6573,12,09:00~17:00,토+일+법정공휴일,2025-11-14,원본
신석도서관,공공,서구,37.511704,126.6681209,69744,147,09:00~22:00,월+국가지정공휴일,2025-11-14,원본
신현어린이도서관,작은,서구,37.52221027,126.6632878,1556,30,18:00~20:00,월~목+법정공휴일,2025-11-14,원본
심곡도서관,공공,서구,37.5424302,126.6732215,77649,237,09:00~22:00,월+국가지정공휴일,2025-11-14,원본
아라꿈 도서관,작은,서구,37.57093944,126.6730774,1350,26,09:00~18:00,법정공휴일,2025-11-14,원본
아라이음 작은도서관,작은,서구,37.58850941,126.7170892,1036,36,10:00~18:00,토+일+법정공휴일,2025-11-14,원본
엑슬루타워 북카페,작은,서구,37.53080502,126.6513493,5816,50,13:00~19:00,월+법정공휴일,2025-11-14,원본
엘림 작은도서관,작은,서구,37.48890469,126.6819914,1758,22,10:00~18:00,토+일+법정공휴일,2025-11-14,원본
연희주민 문고,작은,서구,37.54103678,126.6721551,4500,20,11:00~17:00,토+일+법정공휴일,2025-11-14,원본
원당 작은 영어도서관,작은,서구,37.59304899,126.6949082,10000,35,10:30~18:30,일+법정공휴일,2025-11-14,원본
웰카 작은도서관,작은,서구,37.53871528,126.6579901,8000,24,14:00~17:00,화+목+토+일+법정공휴일,2025-11-14,원본
위즈덤 작은도서관,작은,서구,37.5391649,126.6276727,2794,30,00:00~00:00,휴관,2025-11-14,원본
으뜸골 작은도서관,작은,서구,37.59508098,126.7017075,12719,50,10:30~18:00,토+일+법정공휴일,2025-11-14,원본
이든샘 작은도서관,작은,서구,37.59946756,126.6374502,2726,36,10:00~18:00,일+월+법정공휴일,2025-11-14,원본
인천광역시교육청서구도서관,공공,서구,37.49436027,126.6796281,262532,965,06:00~22:00,매주금요일+일요일을제외한법정공휴일,2025-07-02,원본
자작나무도서관,작은,서구,37.53437221,126.6420888,8000,20,09:00~18:00,일+법정공휴일,2025-11-14,원본
정다운 도서관,작은,서구,37.54666268,126.6800697,5324,20,09:00~18:00,월+법정공휴일,2025-11-14,원본
조은생각 BOOK CAFE,작은,서구,37.617022,126.6889361,2800,12,09:00~18:00,토+일+법정공휴일,2025-11-14,원본
책노리 도서관,작은,서구,37.52771617,126.6482613,2500,17,14:00~17:00,일+법정공휴일,2025-11-14,원본
책향 북카페,작은,서구,37.52195565,126.6765082,1302,14,10:00~17:00,토+일+법정공휴일,2025-11-14,원본
청라 자이도서관,작은,서구,37.52767404,126.6570669,1396,93,10:00~18:00,토+일+법정공휴일,2025-11-14,원본
청라 책나누미 CAFE,작은,서구,37.53263807,126.6441486,11614,30,10:00~18:00,토+일+법정공휴일,2025-11-14,원본
청라국제도서관,공공,서구,37.5320550838215,126.660320746599,108933,220,09:00~22:00,매주월요일+법정공휴일,2026-02-09,지오코딩
청라시티프라디움 작은도서관,작은,서구,37.53684033,126.6267297,1011,10,10:00~18:00,토+일+법정공휴일,2025-11-14,원본
청라호수도서관,공공,서구,37.5305631104341,126.636323165996,130869,633,09:00~22:00,매주금요일+법정공휴일,2026-02-09,지오코딩
청초랑 북카페,작은,서구,37.53266259,126.6537321,3650,50,10:00~18:00,토+일+법정공휴일,2025-11-14,원본
청호초중학교 작은도서관,작은,서구,37.53864489,126.6415165,5661,60,09:00~17:00,토+일+법정공휴일,2025-11-14,원본
키다리아저씨,작은,서구,37.59541612,126.6704982,2200,30,10:00~17:00,법정공휴일,2025-11-14,원본
포레나루원시티 작은도서관,작은,서구,37.52195565,126.6765082,1009,64,10:00~18:00,토+일+법정공휴일,2025-11-14,원본
푸른 도서관,작은,서구,37.53508877,126.6371569,2800,100,09:00~18:00,법정공휴일,2025-11-14,원본
푸른길 작은도서관,작은,서구,37.61233136,126.6867536,2700,119,11:00~17:00,월+일+법정공휴일,2025-11-14,원본
푸른꿈 작은도서관,작은,서구,37.53870993,126.6526687,4858,30,19:00~21:00,토+일+법정공휴일,2025-11-14,원본
푸른샘 어린이도서관,작은,서구,37.49083842,126.6848481,11029,16,11:00~17:00,토+일+법정공휴일,2025-11-14,원본
푸른숲 작은도서관,작은,서구,37.503068,126.677356,10090,20,10:00~19:00,토+일+법정공휴일,2025-11-14,원본
하늘샘 도서관,작은,서구,37.59780318,126.674779,3000,20,00:00~00:00,휴관,2025-11-14,원본
한국민들레도서관,작은,서구,37.54470422,126.6723203,25000,60,09:00~18:00,일+법정공휴일,2025-11-14,원본
한신 작은도서관,작은,서구,37.54029753,126.6751939,1366,50,10:00~18:00,토+일+법정공휴일,2025-11-14,원본
한신더휴어반파크 작은도서관,작은,서구,37.58727269,126.7082031,1003,60,10:00~18:00,토+일+법정공휴일,2025-11-14,원본
행복한나라 문고,작은,서구,37.60605688,126.659704,3200,15,10:00~18:00,일+법정공휴일,2025-11-14,원본
회화나무 도서관,작은,서구,37.514608,126.6722843,12932,16,09:00~18:00,토+일+법정공휴일,2025-11-14,원본
힐데스 작은도서관,작은,서구,37.52770121,126.6505059,1367,31,13:00~19:00,일+법정공휴일,2025-11-14,원본
누리공원작은도서관,작은,연수구,37.37861056,126.6555701,10517,28,10:00~18:00,월+일+국가지정공휴일,2026-04-30,원본
동춘나래도서관,공공,연수구,37.40769326,126.6641127,40410,154,09:00~18:00,월+일+국가지정공휴일,2026-04-30,원본
문화공원작은도서관,작은,연수구,37.41812199,126.6823541,3505,40,10:00~18:00,월+일+국가지정공휴일,2026-04-30,원본
선학별빛도서관,공공,연수구,37.42984697,126.6978867,63215,247,09:00~22:00,월+일+국가지정공휴일,2026-04-30,원본
솔안공원작은도서관,작은,연수구,37.41231176,126.6828579,11532,32,10:00~18:00,월+일+국가지정공휴일,2026-04-30,원본
송도2동작은도서관,작은,연수구,37.40321868,126.6416744,18709,20,10:00~18:00,토+일+국가지정공휴일,2026-04-30,원본
송도3동작은도서관,작은,연수구,37.37148829,126.6601719,18057,20,10:00~18:00,토+일+국가지정공휴일,2026-04-30,원본
송도5동작은도서관,작은,연수구,37.413912,126.623216,11787,34,10:00~18:00,월+일+국가지정공휴일,2026-04-30,원본
송도국제기구도서관,공공,연수구,37.3957475440498,126.633795278616,27237,76,09:00~18:00,주말+법정공휴일,2026-02-09,지오코딩
송도국제도서관,공공,연수구,37.3806385,126.6318499,49339,49,09:00~21:00,월+일+국가지정공휴일,2026-04-30,원본
송도국제어린이도서관,어린이,연수구,37.39798351,126.6536818,69243,104,09:00~18:00,월+일+국가지정공휴일,2026-04-30,원본
연수1동작은도서관,작은,연수구,37.42225406,126.6810562,13590,20,10:00~18:00,토+일+국가지정공휴일,2026-04-30,원본
연수꿈담도서관,공공,연수구,37.41232194,126.6747371,48752,220,09:00~22:00,월+일+국가지정공휴일,2026-04-30,원본
연수도서관,공공,연수구,37.4179154908913,126.685325161603,237870,484,06:00~22:00,매주수요일+법정공휴일,2026-02-09,지오코딩
연수청학도서관,공공,연수구,37.42559122,126.6609778,82028,400,09:00~22:00,월+일+국가지정공휴일,2026-04-30,원본
옥련1동작은도서관,작은,연수구,37.42733824,126.6550908,17134,34,10:00~18:00,토+일+국가지정공휴일,2026-04-30,원본
옥련2동작은도서관,작은,연수구,37.42619045,126.6482901,22831,20,10:00~18:00,토+일+국가지정공휴일,2026-04-30,원본
인천광역시교육청연수도서관,공공,연수구,37.41791595,126.6853266,247697,743,06:00~22:00,수+법정공휴일,2025-08-04,원본
함박비류도서관,공공,연수구,37.42570148,126.686803,39127,142,09:00~18:00,월+일+국가지정공휴일,2026-04-30,원본
해돋이도서관,공공,연수구,37.38582193,126.6590477,70313,165,09:00~22:00,월+일+국가지정공휴일,2026-04-30,원본
해찬솔공원작은도서관,작은,연수구,37.38816269,126.6680769,12771,33,10:00~18:00,월+일+국가지정공휴일,2026-04-30,원본
대청도서관,공공,옹진군,37.832716,124.6955698,18526,51,09:00~18:00,매주월요일,2025-07-03,원본
덕적작은도서관,작은,옹진군,37.22648044,126.1467783,1987,25,09:00~15:00,공휴일,2025-07-03,원본
백령도서관,공공,옹진군,37.97038803,124.7196892,29065,38,09:00~21:00,매주월요일,2025-07-03,원본
연평도서관,공공,옹진군,37.66251644,125.7048912,7164,59,09:00~21:00,매주월요일,2025-07-03,원본
영흥도서관,공공,옹진군,37.25609956,126.4833427,37021,92,09:00~21:00,매주월요일,2025-07-03,원본
Sk뷰 꿈꾸는 도서관,작은,중구,37.4825925,126.5010433,1003,0,09:00~18:00,국가지정공휴일,2025-12-28,원본
개항장 마을문고 한중도서관,작은,중구,37.47318745,126.6213227,5450,30,09:30~18:00,일+국가지정공휴일,2025-12-28,원본
경성작은도서관,작은,중구,37.49332092,126.535512,1175,0,09:00~16:00,토+일+국가지정공휴일,2025-12-28,원본
그림책도서관 잇:다,작은,중구,37.49437217,126.541931,1061,42,10:00~17:00,일+월+국가지정공휴일,2025-12-28,원본
글마루작은도서관,작은,중구,37.4683075,126.6408148,2100,50,13:00~18:00,월+법정공휴일,2025-12-28,원본
꿈나래어린이도서관,작은,중구,37.4649185,126.6410493,11378,60,11:00~18:00,월+국가지정공휴일,2025-12-28,원본
꿈벗도서관,공공,중구,37.47314771,126.6249926,29725,86,09:00~18:00,월+국가지정공휴일,2025-12-28,원본
단비도서관,작은,중구,37.46706668,126.633158,5158,28,09:00~18:00,국가지정공휴일,2025-12-28,원본
동인천동작은도서관,작은,중구,37.47682521,126.6289482,3359,12,09:00~18:00,토+일+국가지정공휴일,2025-12-28,원본
별빛그림작은도서관,작은,중구,37.49928685,126.568724,1450,18,10:00~17:00,토+일+국가지정공휴일,2025-12-28,원본
성산 꿈 작은도서관,작은,중구,37.470168,126.632126,1096,20,00:00~00:00,월+화+수+목+금,2025-12-28,원본
영종1단지LH아파트작은도서관,작은,중구,37.484635,126.49929,1064,25,09:00~18:00,국가지정공휴일,2025-12-28,원본
영종KCC스위첸 라이브러리,작은,중구,37.49259029,126.5527811,10200,108,09:00~18:00,국가지정공휴일,2025-12-28,원본
영종국제도서관,공공,중구,37.4805286164528,126.532014380453,12994,138,09:00~22:00,매주월요일+법정공휴일,2026-02-09,지오코딩
영종도서관,공공,중구,37.4956014267458,126.488665267273,115680,311,09:00~22:00,매주월요일+법정공휴일,2026-02-09,지오코딩
영종하늘도서관,공공,중구,37.494746260096,126.563809933948,106945,442,09:00~22:00,매주금요일+법정공휴일,2026-02-09,지오코딩
오션하임 작은도서관,작은,중구,37.49426601,126.5665962,2500,25,09:00~18:00,국가지정공휴일,2025-12-28,원본
옹달샘작은도서관,작은,중구,37.47395069,126.6204797,1000,0,09:00~18:00,국가지정공휴일,2025-12-28,원본
용유동작은도서관,작은,중구,37.44264659,126.4063961,4032,6,09:00~18:00,토+일+국가지정공휴일,2025-12-28,원본
운서 SK뷰 스카이시티II 작은도서관,작은,중구,37.48053842,126.5036191,1017,0,09:00~18:00,국가지정공휴일,2025-12-28,원본
운서역 푸르지오 푸른도서관,작은,중구,37.48036009,126.5059562,2050,30,10:30~18:00,일+국가지정공휴일,2025-12-28,원본
율목도서관,공공,중구,37.4697896831794,126.632397094345,89599,265,09:00~22:00,매주월요일+법정공휴일,2026-02-09,지오코딩
은하수도서관,작은,중구,37.497299725,126.5564281634,1259,136,09:00~18:00,국가지정공휴일,2025-12-28,원본
코너스톤작은도서관,작은,중구,37.48729929,126.557473,4000,30,09:00~18:00,국가지정공휴일,2025-12-28,원본
하늘기쁨작은도서관,작은,중구,37.49687946,126.5664265,1200,20,09:00~18:00,국가지정공휴일,2025-12-28,원본
하늘꿈 도서관,작은,중구,37.48434213,126.55163,2000,22,10:00~16:00,화+목+토+일+국가지정공휴일,2025-12-28,원본
휘란작은도서관,작은,중구,37.4723559,126.6221028,6400,60,09:00~18:00,토+일+국가지정공휴일,2025-12-28,원본
희망을주는도서관,작은,중구,37.45380528,126.6283648,2500,27,10:00~17:00,일+월+국가지정공휴일,2025-12-28,원본
