관리번호,공원명,공원구분,위도,경도,공원면적,gu,nearest_school,nearest_school_dist_m
28260-00043,산들바람공원,근린공원,37.60345169,126.7076502,63663.4,서구,인천한별초등학교,681.33
28260-00042,아라보타닉파크,근린공원,37.59694362,126.7057071,88897.2,서구,인천한별초등학교,92.93
28260-00041,약수공원,근린공원,37.58813039,126.6597086,95261.0,서구,인천백석초등학교,1079.42
28260-00040,검단중앙공원,근린공원,37.58952551,126.6625746,587601.0,서구,인천백석초등학교,810.8
28245-00039,새벌공원,근린공원,37.530225,126.698672,131302.0,계양구,인천효성서초등학교,248.88
28260-00038,마전근린공원,근린공원,37.59770496,126.6604742,113000.0,서구,인천완정초등학교,343.94
28185-00037,무주골공원,근린공원,37.43211381,126.6967883,850681.0,연수구,인천승학초등학교,920.17
28185-00036,청솔공원,근린공원,37.4315716,126.6654368,301671.0,연수구,인천송도초등학교,806.43
28237-00035,함봉공원(1단계),근린공원,37.48736071,126.7023195,55945.0,부평구,인천신촌초등학교,395.76
28200-00033,장아산공원,근린공원,37.42468786,126.7533244,333049.0,남동구,인천장아초등학교,37.86
28260-00032,장고개근린공원,근린공원,37.49474058,126.6911607,25399.8,서구,인천가정초등학교,418.35
28260-00031,경명공원,근린공원,37.5508632,126.6696767,24357.0,서구,인천서곶초등학교,336.09
28260-00030,연희근린공원,근린공원,37.54285215,126.6628278,1032165.5,서구,인천서곶초등학교,802.92
28245-00029,계양근린공원,근린공원,37.550131,126.7233835,344582.8,계양구,인천계산초등학교,721.99
28110-00028,월미공원,근린공원,37.47110094,126.6038829,590614.0,중구,인성초등학교,1828.91
28185-00027,청능공원,근린공원,37.41649929,126.6693184,224955.0,연수구,인천청학초등학교,398.24
28185-00026,장미공원,근린공원,37.42663202,126.6778426,1025454.0,연수구,인천함박초등학교,268.18
28170-00025,문학공원,근린공원,37.43657703,126.6722983,209546.0,미추홀구,인천백학초등학교,262.06
28110-00024,남항공원,근린공원,37.43526306,126.6286205,95000.0,중구,인천신선초등학교,1791.86
28170-00023,중앙공원,근린공원,37.44078785,126.6986523,351770.8,미추홀구,인천승학초등학교,190.13
28200-00022,소래습지생태공원,근린공원,37.40736572,126.7463366,1511706.0,남동구,인천소래초등학교,1109.05
28237-00021,십정공원,근린공원,37.47976933,126.7062528,110051.0,부평구,인천백운초등학교,126.67
28237-00020,원적산공원,근린공원,37.51289785,126.6933776,215172.0,부평구,인천마곡초등학교,407.82
28237-00019,부평공원,근린공원,37.48934791,126.7146464,113123.0,부평구,인천부평남초등학교,496.48
28200-00018,인천대공원,근린공원,37.45859492,126.7519687,2665463.9,남동구,인천조동초등학교,1106.78
28260-00019,노을공원,근린공원,37.53320392,126.6130722,225188.2,서구,인천경연초등학교,1299.31
28260-00018,해변공원,근린공원,37.53854418,126.6155453,189769.9,서구,인천경연초등학교,942.79
28260-00014,청라호수공원,근린공원,37.5306152,126.6362978,690573.9,서구,인천청일초등학교,177.54
28110-00013,박석공원,근린공원,37.4990143,126.5632013,351889.5,중구,인천하늘초등학교,479.63
28110-00012,은골공원,근린공원,37.48574899,126.4952777,392450.4,중구,인천공항초등학교,1064.66
28110-00011,씨사이드파크,근린공원,37.47860421,126.5571779,1770719.2,중구,인천영종초등학교,1157.01
28185-00014,랜드마크시티 18 근린공원,근린공원,37.4268815,126.6300593,77873.0,연수구,인천은송초등학교,1437.49
28185-00013,랜드마크시티 17 근린공원,근린공원,37.39593939,126.6252889,60158.0,연수구,인천현송초등학교,492.31
28185-00012,랜드마크시티 3호 근린공원,근린공원,37.40831042,126.6208499,81848.7,연수구,인천송담초등학교,562.26
28185-00010,글로벌파크,근린공원,37.3762118,126.6594509,87033.0,연수구,인천송명초등학교,354.91
28185-00009,솔찬공원,근린공원,37.3725361,126.6278979,157445.0,연수구,인천송일초등학교,1443.32
28185-00007,달빛공원,근린공원,37.39543995,126.6593123,862486.0,연수구,인천먼우금초등학교,511.83
28185-00006,신송공원,근린공원,37.39049361,126.6584207,38920.0,연수구,인천신송초등학교,59.91
28185-00005,새아침공원,근린공원,37.39798134,126.6536494,104709.0,연수구,인천먼우금초등학교,521.03
28185-00004,미추홀공원,근린공원,37.38238717,126.6494992,160099.0,연수구,인천해송초등학교,165.01
28185-00003,해돋이공원,근린공원,37.38582193,126.6590477,210468.0,연수구,인천신송초등학교,547.0
28185-00002,센트럴파크,근린공원,37.39036508,126.6435679,370750.0,연수구,인천신정초등학교,777.19
28185-00022,효정공원,어린이공원,37.42318112,126.6719376,5994.0,연수구,인천청학초등학교,379.55
28185-00021,함박공원,어린이공원,37.4222546,126.6810562,5028.0,연수구,인천문남초등학교,209.67
28185-00020,부수지공원,근린공원,37.40810006,126.6778858,19001.3,연수구,인천연성초등학교,140.62
28185-00019,동막공원,근린공원,37.403544,126.6737375,10000.1,연수구,인천동막초등학교,90.94
28185-00018,동춘공원,근린공원,37.40873816,126.6701075,10000.1,연수구,인천동춘초등학교,166.65
28185-00017,문화공원,근린공원,37.41812199,126.6823541,41908.8,연수구,인천중앙초등학교,335.38
28185-00048,송도  13호 어린이공원,어린이공원,37.39464032,126.6425438,1499.8,연수구,인천신정초등학교,344.61
28185-00047,송도  12호 어린이공원,어린이공원,37.39802178,126.6376099,1500.1,연수구,인천연송초등학교,249.63
28185-00045,옥련공원,어린이공원,37.42510112,126.653811,1425.1,연수구,인천축현초등학교,288.64
28110-00003,박석공원,근린공원,37.49473516,126.5637807,352000.0,중구,인천중산초등학교,142.45
28110-00002,은골공원,근린공원,37.4893448282,126.5012194,392000.0,중구,인천운서초등학교,1153.18
28110-00001,씨사이드파크,근린공원,37.481753,126.5658118,1774603.0,중구,인천영종초등학교,1315.48
28245-00015,이촌공원,근린공원,37.536246,126.712058,22810.0,계양구,인천효성초등학교,142.53
28245-00014,동양공원,근린공원,37.561536,126.75937,16261.4,계양구,인천당산초등학교,315.44
28245-00013,된밭공원,근린공원,37.533039,126.728486,11655.0,계양구,인천작전초등학교,238.8
28245-00012,서운공원,근린공원,37.527778,126.740492,12822.4,계양구,인천서운초등학교,388.99
28245-00011,까치공원,근린공원,37.533006,126.737729,17043.9,계양구,인천부현동초등학교,296.05
28245-00010,계양교통공원,근린공원,37.537198,126.741863,21091.5,계양구,인천신대초등학교,247.23
28245-00009,오조산공원,근린공원,37.540075,126.738621,18314.4,계양구,인천길주초등학교,422.61
28245-00005,하야공원,소공원,37.583303,126.78108,359.3,계양구,인천계양초등학교상야분교장,457.04
28245-00004,살나리공원,소공원,37.537913,126.745137,669.0,계양구,인천신대초등학교,179.8
28245-00003,용종5공원,소공원,37.5429066687,126.7428221178,360.3,계양구,인천길주초등학교,98.7
28245-00002,동양공원,소공원,37.561633,126.757908,837.6,계양구,인천당산초등학교,356.05
28245-00001,하마리공원,소공원,37.529764,126.729214,291.0,계양구,인천화전초등학교,251.88
28245-00033,안골공원,어린이공원,37.569792,126.746641,2089.8,계양구,인천귤현초등학교,141.94
28245-00032,샘터공원,어린이공원,37.567828,126.74514,1599.9,계양구,인천귤현초등학교,183.49
28245-00031,계산4공원,어린이공원,37.537914,126.733553,2143.4,계양구,인천부현초등학교,215.29
28245-00030,개나리공원,어린이공원,37.538514,126.732612,625.7,계양구,인천부현초등학교,241.99
28245-00029,도두리공원,어린이공원,37.53136,126.738459,3000.2,계양구,인천작동초등학교,319.95
28245-00028,은행공원,어린이공원,37.537515,126.739268,2500.6,계양구,인천부현동초등학교,343.53
28245-00027,초정공원,어린이공원,37.540964,126.741689,2368.1,계양구,인천길주초등학교,149.12
28245-00026,학마을공원,어린이공원,37.544163,126.74203,6634.0,계양구,인천길주초등학교,245.76
28245-00025,임학공원,어린이공원,37.548389,126.733413,8339.9,계양구,인천안산초등학교,498.85
28245-00024,병방공원,어린이공원,37.54814,126.738034,1667.5,계양구,인천병방초등학교,259.94
28245-00023,방축공원,어린이공원,37.550528,126.740316,1810.0,계양구,인천양촌초등학교,358.62
28245-00022,고향골공원,어린이공원,37.540569,126.719511,1485.4,계양구,인천해서초등학교,165.42
28245-00021,낙원공원,어린이공원,37.546462,126.737528,900.8,계양구,인천병방초등학교,246.97
28245-00020,안남공원,어린이공원,37.54123,126.727323,1449.2,계양구,인천부평초등학교,395.58
28245-00019,부일공원,어린이공원,37.544808,126.723221,1171.3,계양구,인천부평초등학교,299.51
28245-00018,작전공원,어린이공원,37.525675,126.725359,9427.1,계양구,인천성지초등학교,476.54
28245-00017,효성공원,어린이공원,37.526738,126.715671,10877.0,계양구,인천효성남초등학교,159.7
28245-00016,갈개공원,근린공원,37.535545,126.720468,7437.0,계양구,인천효성동초등학교,510.2
28245-00037,동산공원,어린이공원,37.579498,126.730646,4845.9,계양구,인천계양초등학교,267.01
28245-00036,동양택지2공원,어린이공원,37.558658,126.758387,1930.2,계양구,인천당산초등학교,101.2
28245-00035,동양택지1공원,어린이공원,37.559059,126.753403,2368.0,계양구,인천당산초등학교,542.96
28245-00034,굴재공원,어린이공원,37.567896,126.749039,1600.4,계양구,인천귤현초등학교,193.27
28245-00051,목숙교공원,소공원,37.5308974758,126.754827,2919.1,계양구,인천서운초등학교,994.04
28245-00050,길머리공원,소공원,37.5361447811,126.753471,4999.5,계양구,인천신대초등학교,928.15
28245-00049,박촌공원,어린이공원,37.557544,126.747451,4019.0,계양구,인천소양초등학교,457.34
28245-00048,양촌공원,어린이공원,37.548758,126.745885,4285.0,계양구,인천양촌초등학교,246.76
28245-00047,소양공원,어린이공원,37.558197,126.741599,2431.0,계양구,인천소양초등학교,230.42
28245-00046,들놀이공원,어린이공원,37.565824,126.751777,6285.0,계양구,인천귤현초등학교,518.38
28245-00045,계산1호공원,어린이공원,37.542757,126.723728,1197.4,계양구,인천부평초등학교,96.69
28245-00044,살나리공원,어린이공원,37.536298,126.746173,2053.5,계양구,인천신대초등학교,373.55
28245-00043,서녘공원,어린이공원,37.560911,126.757735,1517.3,계양구,인천당산초등학교,292.54
28245-00042,모텡이공원,어린이공원,37.561596,126.754568,1637.5,계양구,인천당산초등학교,543.92
28245-00041,양지말공원,어린이공원,37.563848,126.754115,8957.7,계양구,인천당산초등학교,745.57
28245-00040,장터공원,어린이공원,37.578382,126.736734,2202.8,계양구,인천계양초등학교,288.01
28245-00039,중앙공원,어린이공원,37.577607,126.734374,2384.5,계양구,인천계양초등학교,190.28
28245-00038,장기공원,어린이공원,37.577702,126.731422,1683.8,계양구,인천계양초등학교,259.08
28245-00064,서운공원,어린이공원,37.528747,126.7482088787,3191.1,계양구,인천서운초등학교,366.93
28245-00063,꿈나무공원,어린이공원,37.529688,126.711728,4741.0,계양구,인천명현초등학교,258.42
28245-00062,쑥쑥공원,어린이공원,37.528281,126.715082,1532.0,계양구,인천효성남초등학교,43.11
28245-00061,귤현3공원,어린이공원,37.564738,126.74841,1506.0,계양구,인천귤현초등학교,440.51
28245-00060,귤현2공원,어린이공원,37.566854,126.749699,1507.0,계양구,인천귤현초등학교,302.91
28245-00059,귤현1공원,어린이공원,37.568514,126.750446,1508.1,계양구,인천귤현초등학교,303.57
28245-00058,도두머리공원,근린공원,37.527673,126.745215,12365.0,계양구,인천서운초등학교,93.72
28245-00057,귤현공원,근린공원,37.567293,126.747116,33.003,계양구,인천귤현초등학교,139.53
28245-00055,상야공원,어린이공원,37.580616,126.778864,1500.5,계양구,인천계양초등학교상야분교장,208.6
28245-00054,장성제공원,근린공원,37.529492,126.74813,20527.9,계양구,인천서운초등학교,413.46
28245-00053,장두못공원,근린공원,37.529493,126.74813,25236.3,계양구,인천서운초등학교,413.54
28200-00101,소촌공원,어린이공원,37.43043644,126.7151643,524.0,남동구,인천남촌초등학교,190.76
28110-00003,박석공원,근린공원,37.49473516,126.5637807,352000.0,중구,인천중산초등학교,142.45
28110-00002,은골공원,근린공원,37.49639537,126.4917102,392000.0,중구,인천삼목초등학교,531.86
28110-00001,씨사이드파크,근린공원,37.481753,126.5658118,1774603.0,중구,인천영종초등학교,1315.48
28185-00012,랜드마크시티 1호 수변공원,수변공원,37.41225764,126.6101271,77873.0,연수구,인천미송초등학교,396.58
28185-00011,랜드마크시티 3호 수변공원,수변공원,37.38350683,126.6182251,60158.0,연수구,인천송빛초등학교,537.15
28185-00010,랜드마크시티3호 근린공원,근린공원,37.40830622,126.6208503,57723.0,연수구,인천송담초등학교,562.45
28185-00008,글로벌파크,근린공원,37.37627624,126.6594134,194746.9,연수구,인천송명초등학교,356.06
28185-00007,솔찬공원,근린공원,37.36667165,126.6385425,197430.95,연수구,인천첨단초등학교,1623.38
28185-00006,달빛공원,근린공원,37.39543995,126.6593123,1033030.0,연수구,인천먼우금초등학교,511.83
28185-00005,신송공원,근린공원,37.39049262,126.6584198,38919.9,연수구,인천신송초등학교,59.86
28185-00004,새아침공원,근린공원,37.39613488,126.6561184,102024.0,연수구,인천먼우금초등학교,357.44
28185-00003,미추홀공원,근린공원,37.38238888,126.6494992,160093.5,연수구,인천해송초등학교,165.2
28185-00002,해돋이공원,근린공원,37.3885069,126.6547092,209509.2,연수구,인천신송초등학교,360.25
28185-00001,센트럴파크,근린공원,37.39226675,126.636342,351113.9,연수구,인천예송초등학교,754.94
28237-00021,부들공원,근린공원,37.5152706,126.7485482,12199.0,부평구,인천한길초등학교,502.76
28200-00122,해오름공원,근린공원,37.38725249,126.7269798,34712.0,남동구,인천사리울초등학교,334.45
28200-00121,하늬공원,근린공원,37.39754685,126.7325644,10633.0,남동구,인천원동초등학교,167.52
28200-00120,한아름공원,근린공원,37.39575224,126.7284965,34712.0,남동구,인천원동초등학교,244.59
28200-00119,늘솔길공원,근린공원,37.39444172,126.7208398,561641.0,남동구,인천송천초등학교,194.04
28200-00118,바람공원,어린이공원,37.39405618,126.7228194,8511.0,남동구,인천송천초등학교,153.51
28200-00117,모험공원,어린이공원,37.39601681,126.7238383,1531.0,남동구,인천송천초등학교,123.96
28200-00116,돌섬공원,어린이공원,37.39805872,126.7281969,3231.0,남동구,인천원동초등학교,268.48
28200-00115,물방울공원,어린이공원,37.39741006,126.7290785,1689.0,남동구,인천원동초등학교,167.42
28200-00114,별빛공원,어린이공원,37.39389107,126.7288965,1591.0,남동구,인천고잔초등학교,112.5
28200-00113,섬꽃공원,어린이공원,37.39995792,126.7110919,1513.0,남동구,인천동방초등학교,828.9
28200-00112,푸른공원,어린이공원,37.39286071,126.7267418,1923.0,남동구,인천고잔초등학교,158.8
28200-00111,꿈꾸는공원,어린이공원,37.38514449,126.7213891,1571.0,남동구,인천사리울초등학교,427.95
28200-00110,도림1지구공원,어린이공원,37.42466977,126.7320568,1500.0,남동구,인천도림초등학교,625.23
28200-00109,경신지구공원,어린이공원,37.44358145,126.7249032,1500.0,남동구,인천신월초등학교,501.13
28200-00108,하늘공원,어린이공원,37.45715432,126.7101596,1519.0,남동구,인천상아초등학교,175.2
28200-00107,향촌소공원,소공원,37.46118857,126.7321956,1237.0,남동구,인천새말초등학교,207.69
28200-00106,비선거리공원,어린이공원,37.4609039,126.6977135,119.0,남동구,인천경원초등학교,179.5
28200-00105,만부2호공원,어린이공원,37.46633407,126.7387333,308.0,남동구,인천조동초등학교,625.94
28200-00104,만부1호공원,어린이공원,37.46612975,126.7385544,721.0,남동구,인천조동초등학교,606.09
28200-00103,신촌공원,어린이공원,37.44741294,126.7323582,818.0,남동구,인천만수초등학교,214.89
28200-00102,하촌은행나무공원,어린이공원,37.4285039,126.7136059,258.0,남동구,인천남촌초등학교,144.78
28170-00009,신비공원,어린이공원,37.445281,126.687507,1514.7,미추홀구,인천관교초등학교,479.0
28170-00008,승학공원,어린이공원,37.44230331,126.693859,1701.3,미추홀구,인천승학초등학교,318.71
28170-00007,관교공원,어린이공원,37.445956,126.6908331,1698.7,미추홀구,인천관교초등학교,175.48
28170-00006,다솔공원,어린이공원,37.46082955,126.6950954,2370.2,미추홀구,인천경원초등학교,84.25
28170-00005,주안공원,어린이공원,37.462849,126.676809,7974.2,미추홀구,인천주안북초등학교,600.41
28170-00004,미추홀공원,근린공원,37.446271,126.6702513,38950.0,미추홀구,인천연학초등학교,334.6
28170-00003,미추홀공원,근린공원,37.446271,126.6702513,38950.0,미추홀구,인천연학초등학교,334.6
28170-00002,석바위공원,근린공원,37.454245,126.693651,47005.0,미추홀구,인천구월서초등학교,182.39
28170-00001,수봉공원,근린공원,37.460187,126.664212,332694.0,미추홀구,인천도화초등학교,459.3
28170-00020,양토공원,어린이공원,37.438253,126.6585122,1500.2,미추홀구,인천학산초등학교,177.66
28170-00019,묵동공원,어린이공원,37.439235,126.6710834,1500.0,미추홀구,인천백학초등학교,84.05
28170-00018,노적공원,어린이공원,37.43760706,126.6526999,2426.5,미추홀구,인천학산초등학교,542.49
28170-00017,스승공원,어린이공원,37.437841,126.6561692,2048.1,미추홀구,인천학산초등학교,282.34
28170-00016,선비공원,어린이공원,37.44151017,126.6756033,3150.0,미추홀구,인천인주초등학교,192.72
28170-00015,햇님공원,어린이공원,37.451449,126.636003,601.1,미추홀구,인천용현초등학교,463.44
28170-00014,새싹공원,어린이공원,37.454945,126.638868,718.3,미추홀구,인천용현초등학교,266.24
28170-00013,보람공원,어린이공원,37.453903,126.637155,685.2,미추홀구,인천용현초등학교,334.94
28170-00012,낙섬공원,어린이공원,37.452747,126.636291,655.7,미추홀구,인천용현초등학교,401.7
28170-00011,산성공원,어린이공원,37.434773,126.686625,2461.2,미추홀구,인천문학초등학교,659.69
28170-00010,나리공원,어린이공원,37.44036588,126.6748498,1504.0,미추홀구,인천인주초등학교,245.69
28710-00003,남산근린공원,근린공원,37.74198178,126.4804194,103240.0,강화군,합일초등학교,331.43
28710-00002,갑룡공원,어린이공원,37.74240384,126.5038493,18605.0,강화군,갑룡초등학교,92.68
28710-00006,강화읍소공원,소공원,37.7480141,126.4860645162,311.0,강화군,강화초등학교,259.01
28710-00004,관청근린공원,근린공원,37.74886852,126.4923256,83454.0,강화군,강화초등학교,570.05
28237-00020,건강공원,근린공원,37.51761295,126.7493656,16248.0,부평구,인천한길초등학교,376.84
28237-00019,교통공원,근린공원,37.51949317,126.7498192,24077.0,부평구,인천한길초등학교,380.26
28237-00018,영성공원,근린공원,37.52196831,126.7406061,10523.0,부평구,인천삼산초등학교,219.9
28237-00017,후정공원,근린공원,37.52349492,126.7429755,22209.0,부평구,인천후정초등학교,65.78
28237-00016,분수공원,근린공원,37.50815932,126.7411937,28427.0,부평구,인천구산초등학교,280.37
28237-00015,박물관공원,근린공원,37.51214198,126.737932,18075.0,부평구,인천굴포초등학교,152.58
28237-00014,시냇물공원,근린공원,37.51277232,126.7363686,20353.0,부평구,인천굴포초등학교,199.87
28237-00013,방촌공원,근린공원,37.49780768,126.7390151,11501.0,부평구,인천부내초등학교,240.68
28237-00012,세영공원,근린공원,37.49986044,126.7367769,10105.0,부평구,인천부광초등학교,87.82
28237-00011,청운공원,근린공원,37.50296964,126.7427654,15587.0,부평구,인천부일초등학교,225.66
28237-00010,부개공원,근린공원,37.50604759,126.7411715,10986.0,부평구,인천구산초등학교,152.76
28237-00009,대촌공원,근린공원,37.4972794,126.7397023,12502.0,부평구,인천부내초등학교,201.68
28237-00008,갈산공원,근린공원,37.51941746,126.7257611,45686.0,부평구,인천부평북초등학교,356.44
28237-00007,사근공원,근린공원,37.50862714,126.7243195,15915.0,부평구,인천갈월초등학교,200.09
28237-00006,굴포공원,근린공원,37.5091768,126.7243372,20529.0,부평구,인천갈월초등학교,143.04
28237-00005,신트리공원,근린공원,37.50658091,126.7236393,58595.0,부평구,인천개흥초등학교,425.41
28237-00004,밤골공원,근린공원,37.48374019,126.7337229,10111.0,부평구,인천동수초등학교,242.79
28237-00003,마장공원,근린공원,37.50071118,126.7078504,15020.0,부평구,인천부곡초등학교,317.92
28237-00002,백운공원,근린공원,37.48219263,126.7030046,60743.0,부평구,인천백운초등학교,289.23
28237-00001,희망공원,근린공원,37.48526546,126.7125196,64566.0,부평구,인천신촌초등학교,538.12
28185-00016,대학공원,근린공원,37.42110245,126.6877626,103616.6,연수구,인천중앙초등학교,455.63
28185-00015,양지공원,근린공원,37.41535286,126.678406,10253.6,연수구,인천연화초등학교,491.51
28185-00014,솔안공원,근린공원,37.41231221,126.6828469,13580.7,연수구,인천연화초등학교,149.76
28185-00013,솔밭공원,근린공원,37.41678364,126.6891767,28549.3,연수구,인천중앙초등학교,287.53
28185-00012,청학공원,근린공원,37.416022,126.6746663,10681.2,연수구,인천청량초등학교,454.34
28185-00011,용담공원,근린공원,37.41862117,126.674218,30112.3,연수구,인천청학초등학교,364.06
28185-00010,연일공원,어린이공원,37.41944263,126.6916193,5037.7,연수구,인천연수초등학교,426.72
28185-00009,문남공원,어린이공원,37.42118616,126.6786198,21810.9,연수구,인천문남초등학교,63.29
28185-00008,마리공원,어린이공원,37.42604066,126.6829999,5354.8,연수구,인천함박초등학교,543.65
28185-00007,학공원,어린이공원,37.42008553,126.6968194,2322.1,연수구,인천연수초등학교,294.93
28185-00006,은행나무공원,어린이공원,37.420872,126.6975196,4452.7,연수구,인천연수초등학교,278.18
28185-00005,승기공원,어린이공원,37.4197522,126.6984594,7545.8,연수구,인천연수초등학교,420.19
28185-00004,두리공원,어린이공원,37.42402254,126.6954643,1591.1,연수구,인천연수초등학교,202.02
28185-00003,능허대공원,어린이공원,37.4229841,126.6425202,12363.0,연수구,인천능허대초등학교,567.2
28185-00002,선학공원,어린이공원,37.42348871,126.6995192,9132.0,연수구,인천선학초등학교,121.81
28185-00001,한진공원,어린이공원,37.421883,126.651779,993.2,연수구,인천축현초등학교,230.85
28185-00032,청담공원,어린이공원,37.41829565,126.6728506,3027.6,연수구,인천청학초등학교,280.97
28185-00031,중앙공원,어린이공원,37.428725,126.6681989,1500.1,연수구,인천송도초등학교,876.75
28185-00030,이야기공원,어린이공원,37.4265496,126.668873,1500.2,연수구,인천청학초등학교,743.94
28185-00029,안골공원,어린이공원,37.42964777,126.6642505,1446.7,연수구,인천송도초등학교,593.45
28185-00028,시대공원,어린이공원,37.42278865,126.670945,5928.6,연수구,인천청학초등학교,315.84
28185-00027,성호공원,어린이공원,37.42339344,126.6679509,2990.3,연수구,인천청학초등학교,440.62
28185-00026,백제우물공원,어린이공원,37.42642193,126.670127,1500.0,연수구,인천함박초등학교,677.09
28185-00025,샘말공원,어린이공원,37.41449139,126.6807996,2625.1,연수구,인천연화초등학교,322.95
28185-00024,늘봄공원,어린이공원,37.41319988,126.6785372,2456.4,연수구,인천연화초등학교,307.75
28185-00023,일단지공원,어린이공원,37.42014247,126.6783403,1659.5,연수구,인천문남초등학교,126.59
28200-00147,무지개공원,어린이공원,37.44473057,126.7153655,1892.0,남동구,인천만월초등학교,324.81
28200-00146,성리공원,어린이공원,37.44381983,126.7095181,1505.0,남동구,인천성리초등학교,215.82
28200-00145,찬우물공원,근린공원,37.4425783,126.7175748,18682.0,남동구,인천만월초등학교,200.93
28200-00144,아시아드선수촌공원,근린공원,37.439662,126.710389,71387.0,남동구,인천만월초등학교,512.74
28200-00143,전재울공원,근린공원,37.44707758,126.7156897,122963.0,남동구,인천구월초등학교,526.96
28200-00142,벌터고개공원,어린이공원,37.46580798,126.6972037,1826.0,남동구,인천석정초등학교,190.92
28200-00141,주원공원,어린이공원,37.46732404,126.701744,1924.0,남동구,인천주원초등학교,267.42
28200-00140,갯골3호수변공원,수변공원,37.42496444,126.7440878,29051.0,남동구,인천한빛초등학교,85.49
28200-00139,갯골2호수변공원,수변공원,37.42528943,126.7421829,7233.0,남동구,인천한빛초등학교,211.22
28200-00138,물바람수변공원,수변공원,37.42728782,126.7494507,8693.0,남동구,인천장서초등학교,423.03
28200-00137,갯골1호수변공원,수변공원,37.42255411,126.745896,9031.0,남동구,인천한빛초등학교,239.71
28200-00136,물빛공원,근린공원,37.42150292,126.7472921,45700.0,남동구,인천한빛초등학교,409.1
28200-00135,어울공원,근린공원,37.42759079,126.7461074,42487.0,남동구,인천장서초등학교,193.15
28200-00134,메아리공원,어린이공원,37.4293702,126.759199,1912.0,남동구,인천장아초등학교,726.99
28200-00133,하얀공원,어린이공원,37.41907805,126.7509852,1774.0,남동구,인천장아초등학교,648.84
28200-00132,오름공원,어린이공원,37.42547207,126.7523905,2550.0,남동구,인천장아초등학교,156.86
28200-00131,누리공원,어린이공원,37.42249036,126.7414277,1602.0,남동구,인천한빛초등학교,305.35
28200-00130,숲속공원,어린이공원,37.42981317,126.7507746,2625.0,남동구,인천장서초등학교,486.59
28200-00129,흰여울공원,어린이공원,37.42986416,126.744066,1587.0,남동구,인천장서초등학교,132.84
28200-00128,운연공원,어린이공원,37.43881917,126.7599709,2100.0,남동구,인천서창초등학교,933.0
28200-00127,풀무골소공원,소공원,37.4643861,126.7049848,3186.0,남동구,상인천초등학교,315.64
28200-00126,나루소공원,소공원,37.39910374,126.7341058,6446.0,남동구,인천원동초등학교,377.81
28200-00125,고잔,어린이공원,37.3952553,126.7243023,1550.0,남동구,인천송천초등학교,148.03
28200-00124,한울소공원,소공원,37.46337665,126.7191906,788.0,남동구,인천인동초등학교,314.11
28200-00123,양지말소공원,소공원,37.46464672,126.7193036,788.0,남동구,인천인동초등학교,370.79
28200-00154,네모소공원,소공원,37.4699114,126.712227,246.0,남동구,인천약산초등학교,298.72
28200-00153,새말소공원,소공원,37.4660635954,126.7205739743,4191.0,남동구,인천인동초등학교,425.93
28200-00152,석촌공원,근린공원,37.47177154,126.7103718,52723.0,남동구,인천동암초등학교,319.95
28200-00151,만의골공원,소공원,37.459241,126.773141,437.0,남동구,인천장수초등학교,2956.24
28200-00150,연락골소공원,소공원,37.44353394,126.7676514,2064.0,남동구,인천서창초등학교,1770.04
28200-00148,구월소공원,소공원,37.44708759,126.7121549,1525.0,남동구,인천성리초등학교,247.65
28200-00003,구월공원,어린이공원,37.45891399,126.7183317,3194.0,남동구,인천간석초등학교,258.13
28200-00002,논현공원,어린이공원,37.408628,126.721616,1711.0,남동구,인천은봉초등학교,477.3
28200-00001,고잔공원,근린공원,37.38663185,126.7047433,167766.0,남동구,인천사리울초등학교,1682.78
28200-00027,월례공원,근린공원,37.40676501,126.6894304,108700.0,남동구,인천연화초등학교,892.5
28200-00026,만수공원,근린공원,37.457907865,126.7363877533,12528.0,남동구,인천새말초등학교,312.09
28200-00025,둥지공원,어린이공원,37.45826887,126.7347245,2400.0,남동구,인천새말초등학교,192.79
28200-00024,아단공원,어린이공원,37.45606528,126.7328485,4764.0,남동구,인천인수초등학교,319.5
28200-00023,이화공원,어린이공원,37.46291227,126.7033636,6978.0,남동구,인천주원초등학교,360.74
28200-00022,양지공원,어린이공원,37.4665085,126.7062617,1280.0,남동구,인천약산초등학교,376.75
28200-00021,인수공원,어린이공원,37.45334737,126.7378312,1816.0,남동구,인천인수초등학교,223.75
28200-00020,석정공원,어린이공원,37.46799875,126.6971154,1941.0,남동구,인천석정초등학교,157.82
28200-00019,애향공원,어린이공원,37.4664334,126.713414,697.0,남동구,인천약산초등학교,316.88
28200-00018,동일공원,어린이공원,37.4555575,126.6984799,479.0,남동구,인천구월서초등학교,414.7
28200-00017,하촌공원,어린이공원,37.45136932,126.7329376,1499.0,남동구,인천인수초등학교,377.37
28200-00016,작은구월공원,어린이공원,37.4495274,126.7211378,1499.0,남동구,인천신월초등학교,265.67
28200-00015,쇄판공원,어린이공원,37.46228626,126.7231495,1499.0,남동구,인천인동초등학교,58.77
28200-00014,만수공원,어린이공원,37.45354611,126.7276999,1658.0,남동구,인천인수초등학교,691.42
28200-00013,작은성말공원,어린이공원,37.44810912,126.7081595,1568.0,남동구,인천성리초등학교,306.26
28200-00012,큰성말공원,어린이공원,37.4458454,126.704475,1490.0,남동구,인천성리초등학교,482.62
28200-00011,만월공원,어린이공원,37.4498343,126.7164526,1510.0,남동구,인천구월초등학교,213.85
28200-00010,큰구월공원,어린이공원,37.45026276,126.7089204,1226.0,남동구,인천성리초등학교,510.16
28200-00009,만수천공원,어린이공원,37.45063675,126.7267874,1335.0,남동구,인천신월초등학교,426.22
28200-00008,모래내공원,어린이공원,37.45457287,126.7235396,1500.0,남동구,인천구월초등학교,671.45
28200-00007,뗏마루공원,어린이공원,37.4561805,126.7288131,1496.0,남동구,인천만수북초등학교,438.36
28200-00006,붉은고개공원,어린이공원,37.4529117,126.6991081,1494.0,남동구,인천구월서초등학교,360.8
28200-00005,장다리공원,어린이공원,37.45737534,126.7188991,1500.0,남동구,인천정각초등학교,353.96
28200-00004,산밑말근린공원,근린공원,37.4661047,126.7113059,29545.0,남동구,인천약산초등학교,205.06
28200-00050,걸재공원,어린이공원,37.43330912,126.7518561,1560.0,남동구,인천서창초등학교,330.66
28200-00049,선래공원,어린이공원,37.43334194,126.7518873,2305.0,남동구,인천서창초등학교,328.81
28200-00048,구룡공원,어린이공원,37.43839923,126.746477,1580.0,남동구,인천서창초등학교,420.15
28200-00047,큰우물공원,어린이공원,37.45222033,126.7520379,3485.0,남동구,인천장수초등학교,942.53
28200-00046,장자공원,어린이공원,37.45354749,126.7495907,3055.0,남동구,인천장수초등학교,787.68
28200-00045,남동공원,어린이공원,37.44459647,126.7379915,1500.0,남동구,인천남동초등학교,85.37
28200-00044,대덕공원,어린이공원,37.4461762,126.740157,1654.0,남동구,인천남동초등학교,313.72
28200-00043,장승백이공원,어린이공원,37.4457195,126.7371325,1500.0,남동구,인천남동초등학교,102.35
28200-00042,창대공원,어린이공원,37.44774761,126.7365758,1754.0,남동구,인천만수초등학교,166.2
28200-00041,시영공원,어린이공원,37.44599078,126.7339681,1500.0,남동구,인천만수초등학교,162.38
28200-00040,골마루공원,근린공원,37.43927377,126.7362519,10379.0,남동구,인천담방초등학교,135.3
28200-00039,담방공원,어린이공원,37.44519587,126.7411194,1840.0,남동구,인천남동초등학교,361.83
28200-00038,새골공원,어린이공원,37.45042788,126.7398942,4000.0,남동구,인천장수초등학교,155.74
28200-00037,구월문화공원,어린이공원,37.44875336,126.6980307,3718.0,남동구,인천관교초등학교,540.98
28200-00036,구월예술공원,어린이공원,37.44596018,126.6966056,1662.0,남동구,인천관교초등학교,340.12
28200-00035,반월공원,어린이공원,37.44694465,126.6951423,1709.0,남동구,인천관교초등학교,222.55
28200-00034,지상공원,어린이공원,37.44913496,126.6935579,1520.0,남동구,인천관교초등학교,326.8
28200-00033,남촌공원,어린이공원,37.43295029,126.7160442,6256.0,남동구,인천남촌초등학교,435.09
28200-00032,복지공원,근린공원,37.39374483,126.6966427,10217.0,남동구,인천논곡초등학교,2207.21
28200-00031,유수지공원,근린공원,37.39541081,126.6844504,10000.0,남동구,인천동막초등학교,1219.05
28200-00030,염골공원,근린공원,37.41625991,126.7050165,10241.0,남동구,인천논곡초등학교,768.86
28200-00029,승기공원,근린공원,37.4232077,126.704707,22623.0,남동구,인천선학초등학교,375.96
28200-00028,남동공단공원,근린공원,37.40827038,126.6997001,78328.0,남동구,인천논곡초등학교,942.62
28237-00097,산곡소공원,소공원,37.50506551,126.699238,761.0,부평구,인천산곡초등학교,263.05
28237-00096,장수어린이공원,어린이공원,37.5196746934,126.699935,2003.0,부평구,인천청천초등학교,96.92
28237-00095,푸른내어린이공원,어린이공원,37.5150898485,126.696939,4009.0,부평구,인천마곡초등학교,345.81
28237-00094,맑은샘어린이공원,어린이공원,37.520021,126.702133,2072.0,부평구,인천청천초등학교,161.95
28237-00093,어울림어린이공원,어린이공원,37.520772,126.69949,7291.0,부평구,인천청천초등학교,86.33
28237-00092,다온어린이공원,어린이공원,37.517313,126.704005,5268.0,부평구,인천용마초등학교,339.64
28237-00091,나무소공원,소공원,37.5134548,126.6984776,439.0,부평구,인천마곡초등학교,163.49
28237-00090,슬아어린이공원,어린이공원,37.48387271,126.7043897,1472.0,부평구,인천신촌초등학교,380.9
28237-00089,삼산어린이공원,어린이공원,37.5198515,126.7352473,2060.0,부평구,인천삼산초등학교,312.04
28237-00088,숲속어린이공원,어린이공원,37.5061655,126.695292,2506.0,부평구,한일초등학교,148.05
28237-00087,아름어린이공원,어린이공원,37.4940704,126.7356518,3635.0,부평구,인천부흥초등학교,463.41
28237-00086,한가람공원,어린이공원,37.4909379,126.7346955,7519.0,부평구,인천부개서초등학교,131.53
28237-00085,나비어린이공원,어린이공원,37.52051537,126.6968372,2000.0,부평구,인천청천초등학교,314.08
28237-00084,산곡어린이공원,어린이공원,37.508725,126.697578,3080.0,부평구,인천마곡초등학교,371.44
28237-00083,산들바람소공원,소공원,37.4840075,126.727528,2500.0,부평구,인천동수초등학교,318.72
28237-00082,늘푸른소공원,소공원,37.49317568,126.738967,1185.0,부평구,인천부개서초등학교,552.87
28237-00081,성벽어린이공원,어린이공원,37.51262084,126.6981569,1917.0,부평구,인천마곡초등학교,66.85
28237-00080,우물터어린이공원,어린이공원,37.478347,126.695047,1405.0,부평구,인천상정초등학교,372.2
28237-00079,한마음어린이공원,어린이공원,37.47815205,126.701593,8114.0,부평구,인천상정초등학교,310.32
28200-00075,오봉공원,어린이공원,37.41844881,126.7315058,1429.0,남동구,인천도림초등학교,78.56
28200-00074,갯마을공원,어린이공원,37.40368631,126.7353962,2275.0,남동구,인천소래초등학교,123.98
28200-00073,소래공원,어린이공원,37.40217569,126.7318143,1016.0,남동구,인천소래초등학교,337.37
28200-00072,너른들공원,어린이공원,37.40700366,126.7383575,3294.0,남동구,인천장도초등학교,430.49
28200-00071,방죽공원,어린이공원,37.40804471,126.7384684,1607.0,남동구,인천장도초등학교,429.04
28200-00070,동녘공원,어린이공원,37.40820531,126.7355586,1740.0,남동구,인천장도초등학교,174.49
28200-00069,아랫말공원,어린이공원,37.4056914,126.7301715,2400.0,남동구,인천논현초등학교,67.89
28200-00068,산마루공원,어린이공원,37.4089917,126.7305782,1571.0,남동구,인천장도초등학교,295.9
28200-00067,은봉공원,어린이공원,37.40794549,126.7242635,1518.0,남동구,인천은봉초등학교,288.77
28200-00066,논현공원(논현2택지),어린이공원,37.40237398,126.7201366,1711.0,남동구,인천동방초등학교,101.64
28200-00065,푸른솔공원,어린이공원,37.39994921,126.7110573,1479.0,남동구,인천동방초등학교,832.08
28200-00064,담방문화공원,근린공원,37.44699717,126.7329807,7126.0,남동구,인천만수초등학교,163.0
28200-00063,서창공원,근린공원,37.43664867,126.7468117,17518.0,남동구,인천서창초등학교,299.46
28200-00062,오봉공원,근린공원,37.41844881,126.7315058,10256.0,남동구,인천도림초등학교,78.56
28200-00061,장수사거리공원,어린이공원,37.45015255,126.7492421,2538.0,남동구,인천장수초등학교,672.03
28200-00060,장수천공원,어린이공원,37.45282875,126.7492404,4476.0,남동구,인천장수초등학교,726.21
28200-00059,주적공원,어린이공원,37.41630518,126.729513,1501.0,남동구,인천도림초등학교,374.67
28200-00058,도림1공원,어린이공원,37.4207565,126.7317858,1744.0,남동구,인천도림초등학교,191.84
28200-00057,사리울공원,근린공원,37.41337816,126.7113878,11029.0,남동구,인천논곡초등학교,337.56
28200-00056,갯골공원,근린공원,37.41566328,126.7121488,10192.0,남동구,인천논곡초등학교,598.8
28200-00055,새진매공원,어린이공원,37.415805,126.7129017,1504.0,남동구,인천논곡초등학교,637.95
28200-00054,아담공원,어린이공원,37.41187635,126.7111312,2491.0,남동구,인천논곡초등학교,179.49
28200-00053,신흥공원,어린이공원,37.4085597,126.7137934,1500.0,남동구,인천논곡초등학교,406.07
28200-00052,앞골공원,어린이공원,37.40983956,126.7134086,2245.0,남동구,인천논곡초등학교,316.21
28200-00051,장아공원,어린이공원,37.43147977,126.7517353,2010.0,남동구,인천서창초등학교,515.05
28200-00100,돌골공원,어린이공원,37.4619408,126.7364266,2086.0,남동구,인천조동초등학교,322.64
28200-00099,동부초교3호,어린이공원,37.4604591,126.7265942,205.0,남동구,인천만수북초등학교,213.36
28200-00098,간석육교공원,어린이공원,37.46541871,126.6983168,1110.0,남동구,인천주원초등학교,188.03
28200-00097,양계공원,어린이공원,37.4596078,126.7194402,177.0,남동구,인천간석초등학교,355.44
28200-00096,박촌공원,어린이공원,37.4453646,126.7460233,3468.0,남동구,인천장수초등학교,674.11
28200-00095,화교공원,어린이공원,37.46330391,126.7264011,270.0,남동구,인천동부초등학교,106.65
28200-00094,독점공원,어린이공원,37.45220822,126.713608,2303.0,남동구,인천구월초등학교,290.42
28200-00093,용광공원,어린이공원,37.4609452,126.7149809,597.0,남동구,인천간석초등학교,191.57
28200-00092,모래마을3호,어린이공원,37.45310786,126.7235776,405.0,남동구,인천신월초등학교,575.12
28200-00091,모래마을2호,어린이공원,37.45280947,126.7236545,766.0,남동구,인천신월초등학교,542.29
28200-00090,모래마을1호,어린이공원,37.45312823,126.723794,161.0,남동구,인천신월초등학교,578.3
28200-00089,동부초교2호,어린이공원,37.46283521,126.7270081,177.0,남동구,인천동부초등학교,54.27
28200-00088,동부초교1호,어린이공원,37.462136,126.7266065,266.0,남동구,인천동부초등학교,131.64
28200-00087,순박길공원,어린이공원,37.4664305,126.7159631,515.0,남동구,인천약산초등학교,527.64
28200-00086,풍년길공원,어린이공원,37.4652336,126.7181187,434.0,남동구,인천인동초등학교,493.64
28200-00085,아지랭이공원,어린이공원,37.46582129,126.7186993,4754.0,남동구,인천인동초등학교,498.25
28200-00084,남동문화공원,근린공원,37.44704741,126.7248703,34679.0,남동구,인천신월초등학교,164.73
28200-00083,도림산공원,어린이공원,37.41775015,126.7270127,1500.0,남동구,인천도림초등학교,464.04
28200-00082,오재공원,어린이공원,37.42069797,126.7299503,1533.0,남동구,인천도림초등학교,258.73
28200-00081,도림이공원,어린이공원,37.42203521,126.7283859,2368.0,남동구,인천도림초등학교,461.67
28200-00080,호구포공원,근린공원,37.40060271,126.7154726,32149.0,남동구,인천동방초등학교,459.21
28200-00079,논현중앙공원,근린공원,37.40706413,126.7249322,60073.0,남동구,인천은봉초등학교,179.24
28200-00078,논현포대공원,근린공원,37.40804264,126.708025,207370.0,남동구,인천논곡초등학교,327.43
28200-00077,호암공원,어린이공원,37.40492137,126.7134521,1414.0,남동구,인천동방초등학교,574.1
28200-00076,가온공원,어린이공원,37.40507611,126.718241,1240.0,남동구,인천동방초등학교,242.08
28237-00078,이야기꽃어린이공원,어린이공원,37.4885231,126.7262459,1450.0,부평구,인천부평남초등학교,534.86
28185-00078,국제화복합단지 2호 근린공원,근린공원,37.38430919,126.6599332,12214.4,연수구,인천신송초등학교,728.69
28185-00077,첨단산업클러스터5호 근린공원,근린공원,37.37239029,126.655518,10424.4,연수구,인천첨단초등학교,96.58
28185-00074,첨단산업클러스터2호어린이공원,어린이공원,37.37381957,126.656893,9065.0,연수구,인천송명초등학교,103.45
28185-00073,첨단산업클러스터3호 근린공원,근린공원,37.36801326,126.6633868,30161.0,연수구,인천첨단초등학교,937.77
28185-00072,푸른송도배수지공원,근린공원,37.40049177,126.6636112,20548.0,연수구,인천박문초등학교,336.07
28185-00071,테크노공원(송도7호),어린이공원,37.38544346,126.651069,4369.8,연수구,인천해송초등학교,527.35
28185-00070,테크노파크(T.P.)확대조성단지 2호 소공원,소공원,37.37929858,126.6617767,5150.7,연수구,인천송명초등학교,734.89
28185-00069,송도  16호 어린이공원,어린이공원,37.38162523,126.6321172,1499.7,연수구,인천송일초등학교,390.3
28185-00068,송도  11호 어린이공원,어린이공원,37.39961709,126.6469166,2000.1,연수구,인천명선초등학교,331.68
28185-00067,송도  17호 어린이공원,어린이공원,37.39685789,126.6300329,8838.4,연수구,인천연송초등학교,874.77
28185-00066,송도  14호 어린이공원,어린이공원,37.38789642,126.631432,1500.3,연수구,인천예송초등학교,110.37
28185-00065,송도  10호 어린이공원,어린이공원,37.40253015,126.642605,1999.9,연수구,인천연송초등학교,422.61
28185-00091,동곡공원,어린이공원,37.41591466,126.6724399,6217.0,연수구,인천청학초등학교,482.58
28185-00090,별빛공원,근린공원,37.42901005,126.6985718,34518.0,연수구,인천선학초등학교,569.96
28185-00089,소리공원(송도26호공원),근린공원,37.38063187,126.6401227,1179180.0,연수구,인천송일초등학교,592.37
28185-00088,첨단산업클러스터단지(B) 4호 근린공원,근린공원,37.37416967,126.6713793,3643650.0,연수구,인천송원초등학교,1321.27
28185-00087,물푸레공원(청학6호),소공원,37.424822,126.6600932,309.1,연수구,인천송도초등학교,252.9
28185-00086,동춘4공원,어린이공원,37.40256971,126.6668787,168150.0,연수구,인천박문초등학교,136.57
28185-00085,동춘3공원,어린이공원,37.40836368,126.6655132,150020.0,연수구,인천동춘초등학교,315.74
28185-00084,동춘2근린공원,근린공원,37.40484473,126.6669928,10501.7,연수구,인천박문초등학교,232.78
28185-00083,동춘1근린공원,근린공원,37.40701685,126.6645954,10853.1,연수구,인천박문초등학교,439.93
28185-00082,동춘5공원,소공원,37.40277417,126.6664903,475.7,연수구,인천박문초등학교,95.79
28185-00081,청학사거리공원,소공원,37.42575623,126.6687481,1334.3,연수구,인천청학초등학교,660.16
28185-00042,솔샘공원,어린이공원,37.423543,126.665338,1467.1,연수구,인천청학초등학교,603.0
28185-00041,선유공원,어린이공원,37.43001665,126.6966251,1505.5,연수구,인천선학초등학교,741.85
28185-00040,원도장공원,어린이공원,37.4241186,126.6967523,1500.0,연수구,인천연수초등학교,263.54
28185-00039,느티나무공원,어린이공원,37.426552,126.697011,1500.2,연수구,인천선학초등학교,416.91
28185-00038,청량공원,어린이공원,37.41136066,126.6735479,8583.0,연수구,인천청량초등학교,121.85
28185-00037,동남공원,어린이공원,37.40247251,126.6694709,3000.1,연수구,인천서면초등학교,178.71
28185-00036,풍림공원,어린이공원,37.39948027,126.6718242,5137.9,연수구,인천동막초등학교,463.82
28185-00035,청은공원,어린이공원,37.41340363,126.6726354,4337.2,연수구,인천청량초등학교,247.08
28185-00034,봉재공원,어린이공원,37.40683307,126.667857,4915.4,연수구,인천동춘초등학교,326.04
28185-00033,하나공원,어린이공원,37.4191238,126.6701747,6199.9,연수구,인천청학초등학교,97.27
28185-00064,첨단산업클러스터단지 2호 근린공원,근린공원,37.36163702,126.650388,22088.1,연수구,인천첨단초등학교,1340.39
28185-00063,첨단산업클러스터단지 1호 근린공원,근린공원,37.362684,126.6497224,22029.1,연수구,인천첨단초등학교,1250.89
28185-00062,송도33호공원,근린공원,37.39977537,126.6277112,39089.1,연수구,인천현송초등학교,923.58
28185-00061,도담도담어린이공원(송도 15호 어린이공원),근린공원,37.38350683,126.6182251,33476.8,연수구,인천송빛초등학교,537.15
28185-00060,청룡공원,어린이공원,37.423492,126.6579566,5000.0,연수구,인천축현초등학교,344.39
28185-00059,송도  9호 어린이공원,어린이공원,37.378233,126.6489854,1500.2,연수구,인천해송초등학교,298.32
28185-00058,송도  8호 어린이공원,어린이공원,37.3802555,126.645541,5593.5,연수구,인천해송초등학교,339.44
28185-00057,새롬공원(송도27호),근린공원,37.37755303,126.641923,11778.2,연수구,인천해송초등학교,750.97
28185-00056,새싹공원,어린이공원,37.42617195,126.6491617,2362.0,연수구,인천옥련초등학교,79.07
28185-00055,새터공원(송도6호),어린이공원,37.3882466,126.6592976,1500.1,연수구,인천신송초등학교,298.46
28185-00054,도담공원(송도5호),어린이공원,37.39015256,126.6610995,1488.2,연수구,인천신송초등학교,299.76
28185-00053,뱃놀이공원(송도4호),어린이공원,37.39082882,126.6550783,1499.7,연수구,인천신송초등학교,239.33
28185-00052,파도놀이공원(송도3호),어린이공원,37.39269943,126.656993,1449.4,연수구,인천신송초등학교,238.29
28185-00051,꽃마을공원(송도2호),어린이공원,37.39227517,126.6508774,1498.0,연수구,인천먼우금초등학교,314.7
28185-00050,먼우금공원(송도1호),어린이공원,37.39431587,126.6543238,1499.8,연수구,인천먼우금초등학교,112.67
28185-00049,국제화복합단지 1호 근린공원,근린공원,37.38816404,126.6680747,83541.5,연수구,인천송원초등학교,267.47
28185-00080,국제화복합단지 4호 근린공원,근린공원,37.38147206,126.6658968,19350.3,연수구,인천송원초등학교,581.38
28185-00079,국제화복합단지 3호 근린공원,근린공원,37.38287603,126.6637329,16357.8,연수구,인천송원초등학교,599.16
28237-00075,거북 2 공원,소공원,37.47564977,126.750329,1226.0,부평구,인천금마초등학교,326.61
28237-00074,거북 1 공원,소공원,37.47612698,126.7512234,1297.0,부평구,인천금마초등학교,311.51
28237-00073,꿈나무공원,어린이공원,37.50274849,126.7251051,2582.0,부평구,인천개흥초등학교,308.83
28237-00072,만월공원,어린이공원,37.48402095,126.7280489,3179.0,부평구,인천동수초등학교,272.89
28237-00071,하동놀이공원,어린이공원,37.47220088,126.6977239,1296.0,부평구,인천십정초등학교,234.97
28237-00070,하정놀이공원,어린이공원,37.47376542,126.7010222,1500.0,부평구,인천하정초등학교,168.27
28237-00069,수정놀이공원,어린이공원,37.47629319,126.7017789,1498.0,부평구,인천하정초등학교,148.7
28237-00068,열우물놀이공원,어린이공원,37.4752229,126.6959847,1459.0,부평구,인천십정초등학교,225.84
28237-00067,방죽놀이공원,어린이공원,37.47162574,126.6950089,1279.0,부평구,인천십정초등학교,410.51
28237-00066,구산어린이공원,어린이공원,37.47562302,126.7486421,5473.0,부평구,인천금마초등학교,321.64
28237-00065,일신놀이공원,어린이공원,37.48283216,126.7418457,3049.0,부평구,인천일신초등학교,123.71
28237-00064,비둘기놀이공원,어린이공원,37.49643562,126.7377609,2403.0,부평구,인천부광초등학교,309.21
28237-00063,새말놀이공원,어린이공원,37.49902687,126.7412278,3901.0,부평구,인천부내초등학교,105.66
28237-00062,등세이놀이공원,어린이공원,37.49983348,126.7391195,2200.0,부평구,인천부광초등학교,234.35
28237-00061,동소정놀이공원,어린이공원,37.50165922,126.7412273,1550.0,부평구,인천부일초등학교,56.41
28237-00060,새울놀이공원,어린이공원,37.50340259,126.7406037,1800.0,부평구,인천부일초등학교,256.95
28237-00059,개울놀이공원,어린이공원,37.50282159,126.7379889,2200.0,부평구,인천부일초등학교,359.15
28237-00058,신궁동놀이공원,어린이공원,37.5046018,126.7393003,2551.0,부평구,인천구산초등학교,161.52
28237-00057,세모공원,어린이공원,37.48933377,126.7386285,5140.0,부평구,인천부개서초등학교,377.49
28237-00056,부이어린이공원,어린이공원,37.49014369,126.7393634,5590.0,부평구,인천부개서초등학교,441.14
28237-00055,대동놀이공원,어린이공원,37.49014047,126.7406513,1629.0,부평구,인천부개초등학교,539.01
28237-00054,마분놀이공원,어린이공원,37.48537713,126.7405375,1474.0,부평구,인천부개초등학교,201.13
28237-00053,사랑샘공원,어린이공원,37.52074798,126.7359252,4066.0,부평구,인천삼산초등학교,215.54
28237-00052,무지개공원,어린이공원,37.50886664,126.7360227,3395.0,부평구,인천굴포초등학교,252.59
28237-00051,동심공원,어린이공원,37.50957268,126.7421002,3169.0,부평구,인천진산초등학교,376.01
28237-00050,새싹공원,어린이공원,37.51398326,126.7398045,4095.0,부평구,인천진산초등학교,202.72
28237-00049,여울공원,어린이공원,37.51364399,126.7383779,5346.0,부평구,인천진산초등학교,303.0
28237-00048,햇살공원,어린이공원,37.51621305,126.7330929,3338.0,부평구,인천영선초등학교,150.88
28237-00047,나래놀이공원,어린이공원,37.51917191,126.7465599,913.0,부평구,인천한길초등학교,90.03
28237-00046,은행나무놀이공원,어린이공원,37.51769328,126.7448241,1505.0,부평구,인천한길초등학교,170.32
28237-00045,도드리놀이공원,어린이공원,37.52059312,126.745863,3239.0,부평구,인천한길초등학교,166.27
28237-00044,가족놀이공원,어린이공원,37.52115142,126.7431421,1605.0,부평구,인천후정초등학교,226.06
28237-00043,동화놀이공원,어린이공원,37.52250237,126.744854,1514.0,부평구,인천후정초등학교,133.52
28237-00042,상상놀이공원,어린이공원,37.52003976,126.7424575,1507.0,부평구,인천한길초등학교,291.43
28237-00041,꿈동산놀이공원,어린이공원,37.52309427,126.7407226,1693.0,부평구,인천후정초등학교,253.3
28237-00040,대갈놀이공원,어린이공원,37.50761308,126.7304939,2113.0,부평구,인천개흥초등학교,415.89
28237-00039,마당놀이공원,어린이공원,37.50822326,126.727008,1783.0,부평구,인천갈월초등학교,291.03
28237-00038,반월놀이공원,어린이공원,37.51003336,126.7295167,2031.0,부평구,인천갈산초등학교,297.82
28237-00037,대월놀이공원,어린이공원,37.50940963,126.7226503,7724.0,부평구,인천갈월초등학교,235.82
28237-00036,명월놀이공원,어린이공원,37.51091571,126.7263831,2076.0,부평구,인천갈월초등학교,134.25
28237-00035,새갈놀이공원,어린이공원,37.51337322,126.7293285,2812.0,부평구,인천갈산초등학교,124.69
28237-00034,상꾸지놀이공원,어린이공원,37.51413902,126.7253535,3766.0,부평구,인천갈산초등학교,318.93
28237-00033,갈월놀이공원,어린이공원,37.51465657,126.7225174,1467.0,부평구,인천갈월초등학교,529.66
28237-00032,신복공원,어린이공원,37.50482419,126.7319907,1651.0,부평구,인천개흥초등학교,376.9
28237-00031,중부동놀이공원,어린이공원,37.50069243,126.733251,4489.0,부평구,인천부광초등학교,349.69
28237-00030,부흥놀이공원,어린이공원,37.49519131,126.7310497,3756.0,부평구,인천부흥초등학교,118.75
28237-00029,서부동놀이공원,어린이공원,37.49345831,126.7208608,1200.0,부평구,인천부평서초등학교,202.83
28237-00028,애향놀이공원,어린이공원,37.48121861,126.7105406,1653.0,부평구,인천백운초등학교,518.56
28237-00027,샘터놀이공원,어린이공원,37.47073888,126.6999014,1500.0,부평구,인천십정초등학교,419.1
28237-00026,석정놀이공원,어린이공원,37.46973782,126.6984724,1500.0,부평구,인천석정초등학교,380.56
28237-00025,법성놀이공원,어린이공원,37.47485328,126.7049622,1653.0,부평구,인천동암초등학교,344.76
28237-00024,약산놀이공원,어린이공원,37.47341408,126.7075683,1649.0,부평구,인천동암초등학교,161.18
28237-00023,동암놀이공원,어린이공원,37.46981426,126.7040459,663.0,부평구,인천동암초등학교,350.86
28237-00022,제일놀이공원,어린이공원,37.47756983,126.7082282,1649.0,부평구,인천백운초등학교,405.27
28170-00022,학골공원,어린이공원,37.43881223,126.6627419,1503.9,미추홀구,인천학산초등학교,420.89
28170-00021,제운공원,어린이공원,37.438513,126.667366,2178.8,미추홀구,인천백학초등학교,408.02
28170-00028,재넘이어린이공원,어린이공원,37.4472601,126.6606029,10187.0,미추홀구,인천학익초등학교,175.38
28170-00027,용정공원,근린공원,37.450961,126.6419813,29552.0,미추홀구,인천용현초등학교,260.25
28170-00026,학산공원,어린이공원,37.43888579,126.6747258,1182.9,미추홀구,인천백학초등학교,245.86
28170-00025,염창공원,어린이공원,37.46640235,126.6764205,2105.3,미추홀구,인천주안북초등학교,245.03
28170-00024,지석공원,어린이공원,37.436416,126.684392,1800.3,미추홀구,인천문학초등학교,409.54
28170-00023,관청공원,어린이공원,37.43968751,126.680536,1485.6,미추홀구,인천문학초등학교,204.54
28170-00042,돌샘어린이공원,어린이공원,37.46839049,126.6867093,5853.5,미추홀구,인천석암초등학교,670.41
28170-00041,한마음소공원,소공원,37.45141721,126.692443,517.4,미추홀구,인천구월서초등학교,290.48
28170-00040,도담어린이공원,어린이공원,37.447073,126.642974,4577.9,미추홀구,인천용학초등학교,57.79
28170-00039,다솜어린이공원,어린이공원,37.44765452,126.6458302,2572.8,미추홀구,인천용학초등학교,228.75
28170-00038,화동공원,근린공원,37.473048,126.664747,20176.0,미추홀구,인천서화초등학교,363.15
28170-00037,매소홀어린이공원,어린이공원,37.44194456,126.654548,3006.9,미추홀구,인천학산초등학교,396.62
28170-00036,학익공원,어린이공원,37.44357933,126.6571792,4611.3,미추홀구,인천학익초등학교,407.59
28170-00035,사미공원,어린이공원,37.45008774,126.6727097,1652.0,미추홀구,인천남부초등학교,281.55
28170-00034,미니공원,어린이공원,37.449139,126.6850056,1653.2,미추홀구,인천주안남초등학교,46.0
28170-00033,제2용정공원,근린공원,37.450679,126.642827,29246.0,미추홀구,인천용현남초등학교,318.46
28170-00032,용남공원,어린이공원,37.450646,126.666069,3439.3,미추홀구,인천용일초등학교,312.17
28170-00031,쑥골공원,어린이공원,37.471253,126.669605,2378.8,미추홀구,인천대화초등학교,264.57
28170-00030,한나루공원,어린이공원,37.440426,126.661866,2988.0,미추홀구,인천학산초등학교,334.59
28170-00029,모리포공원,어린이공원,37.439959,126.659325,5589.7,미추홀구,인천학산초등학교,104.1
28170-00064,관선어린이공원,어린이공원,37.4378999,126.6874996,1610.6,미추홀구,인천문학초등학교,468.34
28170-00063,삼호어린이공원,어린이공원,37.4379952882,126.6803292,3933.3,미추홀구,인천문학초등학교,305.52
28170-00062,도천어린이공원,어린이공원,37.4388984316,126.6782673342,1800.0,미추홀구,인천문학초등학교,418.79
28170-00061,소성어린이공원,어린이공원,37.4396875091,126.680556,1486.8,미추홀구,인천문학초등학교,202.78
28170-00060,두리어린이공원,어린이공원,37.4599969,126.6925976,1052.0,미추홀구,인천경원초등학교,319.1
28170-00059,문학소공원,소공원,37.440082,126.683947,786.0,미추홀구,인천문학초등학교,100.83
28170-00058,하늘새어린이공원,어린이공원,37.4567026,126.6917549,6703.6,미추홀구,인천구월서초등학교,500.66
28170-00057,미추어린이공원,어린이공원,37.4534077158,126.6791861847,3238.8,미추홀구,인천남부초등학교,447.39
28170-00056,승기어린이공원,어린이공원,37.4536293398,126.6743230754,8785.3,미추홀구,인천주안초등학교,121.86
28170-00055,비랑이어린이공원,어린이공원,37.4564863,126.644077,1916.2,미추홀구,인천용현초등학교,473.27
28170-00054,용마루어린이공원,어린이공원,37.4595096081,126.641241967,3784.9,미추홀구,인천용현초등학교,711.18
28170-00053,주인공원,근린공원,37.45811288,126.648439,29775.0,미추홀구,인천용정초등학교,791.97
28170-00052,아이그린공원,어린이공원,37.44334601,126.6470017,5284.0,미추홀구,인천용학초등학교,489.82
28170-00050,꽃구름어린이공원,어린이공원,37.4450796278,126.6735300352,1773.0,미추홀구,인천연학초등학교,220.53
28170-00049,물방울어린이공원,어린이공원,37.4449179436,126.6726131,2447.0,미추홀구,인천연학초등학교,162.32
28170-00048,푸르름어린이공원,어린이공원,37.448105,126.672296,1980.0,미추홀구,인천남부초등학교,403.69
28170-00047,석암어린이공원,어린이공원,37.454458,126.6929048,2318.1,미추홀구,인천구월서초등학교,246.43
28170-00046,송림어린이공원,어린이공원,37.4763098817,126.6603724,3644.4,미추홀구,인천서화초등학교,260.82
28170-00045,서화어린이공원,어린이공원,37.4746683163,126.6621224935,5813.7,미추홀구,인천서화초등학교,138.28
28170-00044,궁현어린이공원,어린이공원,37.4758787,126.6637398471,3441.3,미추홀구,인천서화초등학교,333.29
28170-00043,배말근린공원,근린공원,37.47413782,126.6579618,14750.0,미추홀구,인천서화초등학교,252.86
28140-00030,솔마루공원,어린이공원,37.4761662,126.635502,4613.8,동구,인천송림초등학교,316.08
28140-00008,화수3공원,어린이공원,37.48567321,126.6293667,411.5,동구,인천만석초등학교,181.42
28140-00007,만석공원,어린이공원,37.48325962,126.6195363,4404.4,동구,인천송월초등학교,665.98
28140-00006,수문통공원,어린이공원,37.4801533,126.6359776,634.0,동구,인천송현초등학교,259.44
28140-00004,돌산공원,어린이공원,37.48241465,126.642195,8111.0,동구,인천서흥초등학교,467.87
28140-00001,궁현공원,어린이공원,37.4808543,126.6501009,1354.8,동구,인천서흥초등학교,544.55
28140-00011,창영공원,어린이공원,37.47077768,126.6391049,1028.8,동구,인천창영초등학교,103.72
28140-00010,화수13공원,어린이공원,37.48044325,126.633242,415.8,동구,인천송현초등학교,176.69
28140-00032,대헌소공원,소공원,37.4758896,126.6525897,1384.2,동구,인천서림초등학교,583.74
28140-00031,송희마을소공원,소공원,37.47863824,126.6536746,698.2,동구,인천서림초등학교,766.19
28140-00029,만석소공원,소공원,37.48518647,126.6243999,243.5,동구,인천만석초등학교,322.26
28140-00028,괭이부리소공원,소공원,37.4856259,126.6233374,366.6,동구,인천만석초등학교,425.84
28140-00005,송현공원,근린공원,37.47777345,126.639225,73323.7,동구,인천송림초등학교,471.59
28140-00003,인천교공원,근린공원,37.47784433,126.6696185,94068.8,동구,인천서화초등학교,888.73
28140-00002,화도진공원,근린공원,37.48148073,126.6283533,20830.0,동구,인천만석초등학교,336.96
28110-00074,미단시티 1호,근린공원,37.5182364676,126.5359036,39204.0,중구,인천영종초등학교금산분교장,1384.99
28110-00073,영종하늘도시 23호,소공원,37.48914132,126.4953889,706.0,중구,인천공항초등학교,883.48
28110-00072,영종하늘도시 22호,소공원,37.49386683,126.5007575,1239.0,중구,인천공항초등학교,1323.82
28110-00071,영종하늘도시 21호,소공원,37.49589364,126.5017221,1256.0,중구,인천삼목초등학교,1388.32
28110-00070,영종하늘도시 20호,소공원,37.49740248,126.5026449,1508.0,중구,인천삼목초등학교,1442.25
28110-00069,영종하늘도시 19호,소공원,37.48294166,126.5216142,1429.0,중구,인천운서초등학교,850.68
28110-00068,영종하늘도시 14호,소공원,37.48849543,126.4964822,1129.0,중구,인천공항초등학교,999.44
28110-00067,영종하늘도시 13호,소공원,37.4949557,126.4994313,1288.0,중구,인천삼목초등학교,1222.62
28110-00097,영종하늘도시 18호,소공원,37.4845999,126.5451334,475.0,중구,인천별빛초등학교,843.99
28110-00096,영종하늘도시 17호,소공원,37.4848069,126.5447632,1130.0,중구,인천별빛초등학교,844.62
28110-00095,영종하늘도시 16호,소공원,37.48552281,126.5431704,405.0,중구,인천별빛초등학교,881.47
28110-00094,영종하늘도시 15호,소공원,37.48413971,126.5421307,489.0,중구,인천별빛초등학교,1054.0
28110-00093,영종하늘도시 10호,소공원,37.47712574,126.5274515,1014.0,중구,인천운남초등학교,1496.23
28110-00092,영종하늘도시 9호,소공원,37.47831713,126.5269758,913.0,중구,인천운남초등학교,1374.85
28110-00091,영종하늘도시 6호,소공원,37.47402974,126.5199439,1374.0,중구,인천운서초등학교,1265.79
28110-00090,미단시티 2호 공원,어린이공원,37.52690176,126.5025149,2022.0,중구,인천영종초등학교금산분교장,2245.4
28110-00089,미단시티 13호,근린공원,37.530155785,126.5024906657,12774.0,중구,인천영종초등학교금산분교장,2502.04
28110-00088,미단시티 12호,근린공원,37.5236555333,126.5098731075,37580.0,중구,인천영종초등학교금산분교장,1529.25
28110-00087,미단시티 11호,근린공원,37.5258236836,126.5019474644,46718.0,중구,인천영종초등학교금산분교장,2206.48
28110-00086,미단시티 10호,근린공원,37.5295477684,126.5060689186,13795.0,중구,인천영종초등학교금산분교장,2248.05
28110-00085,미단시티 9호,근린공원,37.53124982,126.5063238,40277.0,중구,인천영종초등학교금산분교장,2388.49
28110-00084,미단시티 2호,소공원,37.52716903,126.513794,2585.0,중구,인천영종초등학교금산분교장,1669.51
28110-00083,미단시티 1호,소공원,37.5210282,126.5397227,8120.0,중구,인천영종초등학교금산분교장,1822.69
28110-00082,미단시티 1호 공원,어린이공원,37.52658812,126.5139242,1519.0,중구,인천영종초등학교금산분교장,1605.98
28110-00081,미단시티 8호,근린공원,37.52877363,126.5144327,65176.0,중구,인천영종초등학교금산분교장,1813.64
28110-00080,미단시티 7호,근린공원,37.52345798,126.5172543,18301.0,중구,인천영종초등학교금산분교장,1174.39
28110-00079,미단시티 6호,근린공원,37.5239628508,126.5199418887,10001.0,중구,인천영종초등학교금산분교장,1177.84
28110-00078,미단시티 5호,근린공원,37.5246758536,126.5211357219,10678.0,중구,인천영종초등학교금산분교장,1249.7
28110-00077,미단시티 4호,근린공원,37.5254995484,126.522546849,15940.0,중구,인천영종초등학교금산분교장,1344.29
28110-00076,미단시티 3호,근린공원,37.5254472074,126.5242280054,44905.0,중구,인천영종초등학교금산분교장,1357.36
28110-00075,미단시티 2호,근린공원,37.5170958263,126.5322437756,66408.0,중구,인천영종초등학교금산분교장,1037.69
28110-00121,영종하늘도시 38호,근린공원,37.48627044,126.5308996,54685.0,중구,인천운남초등학교,460.64
28110-00120,영종하늘도시 37호,근린공원,37.4791058523,126.5336431875,28384.0,중구,인천운남초등학교,1286.15
28110-00119,영종하늘도시 36호,근린공원,37.49713743,126.5759112,10172.0,중구,인천중산초등학교,968.32
28110-00118,영종하늘도시 35호,근린공원,37.48016056,126.5091137,55128.0,중구,인천운서초등학교,453.91
28110-00117,영종하늘도시 34호,근린공원,37.48208223,126.5404028,43514.0,중구,인천운남초등학교,1279.05
28110-00116,영종하늘도시 33호,근린공원,37.49219374,126.575593,8652.0,중구,인천중산초등학교,944.58
28110-00115,영종하늘도시 29호,근린공원,37.48825833,126.5468859,20127.0,중구,인천별빛초등학교,434.12
28110-00114,영종하늘도시 27호,근린공원,37.49449481,126.5079085,10926.0,중구,인천운서초등학교,1270.33
28110-00113,영종하늘도시 22호,근린공원,37.49640288,126.578086,58404.0,중구,인천중산초등학교,1138.1
28110-00112,영종하늘도시 21호,근린공원,37.49882536,126.5769702,19482.0,중구,인천중산초등학교,1120.9
28110-00111,영종하늘도시 15호,근린공원,37.48569764,126.5643358,48505.0,중구,인천영종초등학교,994.43
28110-00110,영종하늘도시 14호,근린공원,37.48043144,126.5152632,43441.0,중구,인천운서초등학교,447.5
28110-00109,영종하늘도시 11호,근린공원,37.48381815,126.5312884,97629.0,중구,인천운남초등학교,734.91
28110-00108,영종하늘도시 10호,근린공원,37.47946052,126.5239245,13459.0,중구,인천운서초등학교,1145.31
28110-00107,영종하늘도시 8호,근린공원,37.47550762,126.508795,26615.0,중구,인천운서초등학교,934.96
28110-00106,영종하늘도시 6호,근린공원,37.48180523,126.5047629,59927.0,중구,인천운서초등학교,670.13
28110-00105,영종하늘도시 1호,근린공원,37.50036085,126.5012368,26063.0,중구,인천삼목초등학교,1324.37
28110-00104,마법의성공원,어린이공원,37.49702826,126.5702894,4347.0,중구,인천중산초등학교,503.47
28110-00103,동물의숲공원,어린이공원,37.47544577,126.5191944,3129.0,중구,인천운서초등학교,1098.66
28110-00102,날아라부메랑공원,어린이공원,37.48436623,126.5490243,1515.0,중구,인천영종초등학교,632.24
28110-00101,스파이더맨공원,어린이공원,37.49221122,126.5067019,2384.0,중구,인천운서초등학교,1072.44
28110-00100,해저대탐험공원,어린이공원,37.4763299,126.5311004,2028.0,중구,인천운남초등학교,1562.99
28110-00099,나비의꿈공원,어린이공원,37.50184253,126.5031475,2292.0,중구,인천삼목초등학교,1521.32
28110-00098,영종하늘도시 26호,소공원,37.49363769,126.5790311,3062.0,중구,인천중산초등학교,1212.11
28110-00009,매화공원,어린이공원,37.50092289,126.4876078,1886.0,중구,인천삼목초등학교,272.15
28110-00008,모란공원,어린이공원,37.4961381,126.4915469,2008.0,중구,인천삼목초등학교,533.61
28110-00007,초롱공원,어린이공원,37.4994107,126.4893832,1758.0,중구,인천삼목초등학교,275.51
28110-00006,앵두공원,어린이공원,37.50302273,126.4896082,2860.0,중구,인천삼목초등학교,560.32
28110-00005,도원공원,어린이공원,37.46710636,126.6381621,494.0,중구,인천신광초등학교,482.99
28110-00002,율목공원,어린이공원,37.47040288,126.6328233,9785.0,중구,인천신흥초등학교,409.11
28110-00001,자유공원,근린공원,37.47457949,126.6226894,68112.0,중구,인성초등학교,154.77
28110-00041,자전거공원,어린이공원,37.49850897,126.5035312,1630.0,중구,인천삼목초등학교,1513.9
28110-00039,반길안공원,근린공원,37.47840641,126.5149274,14444.0,중구,인천운서초등학교,623.83
28110-00038,새부리공원,근린공원,37.47968895,126.5129791,14967.0,중구,인천운서초등학교,434.48
28110-00037,파크골프공원,근린공원,37.48978153,126.554357,16941.0,중구,인천영종초등학교,136.6
28110-00036,갯벌공원,근린공원,37.48255921,126.5370957,23259.0,중구,인천운남초등학교,1052.99
28110-00035,방죽공원,근린공원,37.49281711,126.5721494,17404.0,중구,인천중산초등학교,633.69
28110-00034,월촌공원,근린공원,37.50057434,126.5693242,45073.0,중구,인천중산초등학교,737.39
28110-00033,배곶공원,근린공원,37.49334972,126.5652165,19304.0,중구,인천중산초등학교,152.39
28110-00032,선사공원,근린공원,37.4951776,126.5549014,31629.0,중구,인천하늘초등학교,408.5
28110-00031,구석말공원,근린공원,37.48564112,126.5526025,10085.0,중구,인천영종초등학교,349.31
28110-00030,안양골공원,근린공원,37.48359714,126.5450208,14543.0,중구,인천별빛초등학교,942.87
28110-00029,큰말공원,근린공원,37.4768762,126.5131651,10746.0,중구,인천운서초등학교,745.23
28110-00027,운남제1호공원,근린공원,37.49088179,126.5310506,11065.0,중구,인천운남초등학교,78.8
28110-00026,진달래공원,어린이공원,37.49209604,126.5283644,1500.0,중구,인천운남초등학교,260.03
28110-00025,은방울공원,어린이공원,37.49232952,126.5310761,1501.0,중구,인천운남초등학교,222.33
28110-00024,오가공원,어린이공원,37.49505197,126.5308652,1503.0,중구,인천운남초등학교,517.84
28110-00018,큰말공원,어린이공원,37.48181912,126.5101199,2068.0,중구,인천운서초등학교,253.74
28110-00017,용샘공원,어린이공원,37.48459863,126.5122676,2805.0,중구,인천운서초등학교,120.65
28110-00016,눈돌공원,어린이공원,37.48422918,126.5090904,6166.0,중구,인천운서초등학교,270.87
28110-00015,뒷마루공원,근린공원,37.49145945,126.4876069,12500.0,중구,인천공항초등학교,148.91
28110-00014,앞마루공원,근린공원,37.49430175,126.4877598,13701.0,중구,인천공항초등학교,312.23
28110-00013,영마루공원,근린공원,37.49564134,126.4875425,60116.0,중구,인천삼목초등학교,350.0
28110-00012,유수지공원,근린공원,37.49966379,126.480475,58961.0,중구,인천삼목초등학교,536.6
28110-00011,창포공원,어린이공원,37.4923136,126.4844559,1523.0,중구,인천공항초등학교,145.51
28110-00010,나리공원,어린이공원,37.4978014,126.4834584,2000.0,중구,인천삼목초등학교,278.15
28110-00066,영종하늘도시 12호,소공원,37.49509062,126.4982615,1410.0,중구,인천삼목초등학교,1120.36
28110-00065,영종하늘도시 11호,소공원,37.48247928,126.5421773,670.0,중구,인천별빛초등학교,1188.98
28110-00064,영종하늘도시 8호,소공원,37.47564583,126.5228568,989.0,중구,인천운서초등학교,1297.5
28110-00063,영종하늘도시 5호,소공원,37.48280559,126.5458341,353.0,중구,인천영종초등학교,953.38
28110-00062,영종하늘도시 3호,소공원,37.5055464,126.4992547,4517.0,중구,인천삼목초등학교,1368.62
28110-00061,영종하늘도시 2호,소공원,37.48319647,126.5226911,1222.0,중구,인천운서초등학교,944.15
28110-00060,영종하늘도시 1호,소공원,37.49567456,126.4999821,1230.0,중구,인천삼목초등학교,1245.0
28110-00059,비밀의벽공원,어린이공원,37.49405819,126.5700345,6077.0,중구,인천중산초등학교,417.03
28110-00058,옹달샘공원,어린이공원,37.49725951,126.5658659,6571.0,중구,인천중산초등학교,285.43
28110-00057,인디언공원,어린이공원,37.49926293,126.5673499,3323.0,중구,인천중산초등학교,533.57
28110-00056,크라켄공원,어린이공원,37.47154831,126.5206536,5805.0,중구,인천운서초등학교,1533.19
28110-00055,캐리비안해적공원,어린이공원,37.47173821,126.5156592,3555.0,중구,인천운서초등학교,1347.54
28110-00054,기린공원,어린이공원,37.482284,126.5254794,3400.0,중구,인천운남초등학교,1000.31
28110-00053,비행기공원,어린이공원,37.48083435,126.5184019,6247.0,중구,인천운서초등학교,638.46
28110-00052,꽃대궐공원,어린이공원,37.49589133,126.5638693,1980.0,중구,인천중산초등학교,187.46
28110-00051,철새공원,어린이공원,37.48270765,126.5484128,2971.0,중구,인천영종초등학교,810.5
28110-00050,갯벌놀이공원,어린이공원,37.48001373,126.5433825,2255.0,중구,인천영종초등학교,1325.58
28110-00049,착시나라공원,어린이공원,37.48996059,126.4937786,2097.0,중구,인천공항초등학교,719.5
28110-00048,무지개길공원2,어린이공원,37.48043144,126.5152632,3216.0,중구,인천운서초등학교,447.5
28110-00047,무지개길공원1,어린이공원,37.48145908,126.5133909,3717.0,중구,인천운서초등학교,259.59
28110-00046,지도여행공원,어린이공원,37.49150465,126.5045792,5129.0,중구,인천운서초등학교,1103.23
28110-00045,과일천국공원,어린이공원,37.49335425,126.5061947,1663.0,중구,인천운서초등학교,1206.21
28110-00044,우주탐험공원,어린이공원,37.49402028,126.4977659,9020.0,중구,인천공항초등학교,1067.64
28110-00043,잎새바람공원,어린이공원,37.49699326,126.4994867,1641.0,중구,인천삼목초등학교,1170.94
28110-00042,날아라UFO공원,어린이공원,37.49666953,126.5002014,5167.0,중구,인천삼목초등학교,1239.29
28260-00090,감중공원,어린이공원,37.49314463,126.6737637,5572.0,서구,인천봉화초등학교,391.09
28260-00089,당하어린이공원,어린이공원,37.5842079,126.6791439,1800.0,서구,인천당하초등학교,661.69
28260-00088,가좌공원,근린공원,37.48863024,126.6812545,8939.0,서구,인천가림초등학교,217.54
28260-00086,원당지구 5호 어린이공원,어린이공원,37.59058589,126.7008355,2320.0,서구,인천발산초등학교,157.91
28260-00084,봉화공원,어린이공원,37.59873298,126.6366252,1741.0,서구,인천단봉초등학교,104.16
28260-00083,밭고잔공원,어린이공원,37.59646892,126.626822,2066.0,서구,인천단봉초등학교,989.04
28260-00082,마전지구6호 어린이공원,어린이공원,37.61431762,126.6552669,1502.0,서구,인천금곡초등학교,1067.33
28260-00081,마전지구5호 어린이공원,어린이공원,37.61370127,126.6578739,3861.0,서구,인천검단초등학교,1093.35
28260-00080,마전지구4호 어린이공원,어린이공원,37.61211212,126.6636616,1576.0,서구,인천검단초등학교,553.34
28260-00079,마전지구3호 어린이공원,어린이공원,37.61167416,126.6621117,2135.0,서구,인천검단초등학교,677.62
28260-00078,마전지구2호 어린이공원,어린이공원,37.61222651,126.664535,7446.0,서구,인천검단초등학교,483.41
28260-00077,당하지구7호 어린이공원,어린이공원,37.58887806,126.6709325,2566.0,서구,인천백석초등학교,125.35
28260-00076,당하지구6호 어린이공원,어린이공원,37.5911071,126.6700029,1669.0,서구,인천백석초등학교,211.51
28260-00075,당하지구5호 어린이공원,어린이공원,37.59293488,126.6731833,5865.0,서구,인천백석초등학교,370.07
28260-00074,당하지구4호 어린이공원,어린이공원,37.58920266,126.6780356,2456.0,서구,인천당하초등학교,99.45
28260-00073,당하지구3호 어린이공원,어린이공원,37.59091115,126.6785574,2164.0,서구,인천당하초등학교,121.32
28260-00072,당하지구2호 어린이공원,어린이공원,37.59492972,126.6777007,1956.0,서구,인천당하초등학교,540.74
28260-00071,당하지구 1호공원,근린공원,37.59186624,126.6741366,28761.0,서구,인천백석초등학교,311.4
28260-00070,원당지구 4호 어린이공원,어린이공원,37.59931561,126.6984068,2950.0,서구,인천창신초등학교,46.71
28260-00069,원당지구 3호공원,근린공원,37.59811318,126.7022858,11115.0,서구,인천창신초등학교,370.59
28260-00068,원당지구 2호공원,근린공원,37.59444584,126.698606,10227.0,서구,인천발산초등학교,482.92
28260-00067,원당지구 1호공원,근린공원,37.59507942,126.6908204,18321.0,서구,인천원당초등학교,288.24
28260-00066,불로지구5호 어린이공원,어린이공원,37.61215454,126.689229,2253.0,서구,인천불로초등학교,186.94
28260-00065,불로지구4호 어린이공원,어린이공원,37.6105344,126.6857177,2758.0,서구,인천불로초등학교,456.78
28260-00064,불로지구3호 어린이공원,어린이공원,37.61215221,126.6853666,1513.0,서구,인천불로초등학교,358.28
28260-00118,물병자리공원,어린이공원,37.53836207,126.6427153,88118.9,서구,인천청호초등학교,110.5
28260-00117,염소자리공원,어린이공원,37.54049664,126.6426464,3934.3,서구,인천청호초등학교,228.5
28260-00116,전갈자리공원,어린이공원,37.540271,126.6299053,2007.8,서구,인천경연초등학교,383.7
28260-00115,황소자리공원,어린이공원,37.53876426,126.627701,6083.7,서구,인천경연초등학교,136.03
28260-00114,북두칠성공원,어린이공원,37.5402588,126.6266205,2531.6,서구,인천경연초등학교,203.59
28260-00113,천칭자리공원,어린이공원,37.5402432,126.6230541,2057.3,서구,인천경연초등학교,342.58
28260-00112,처녀자리공원,어린이공원,37.54058488,126.6208535,1974.2,서구,인천경연초등학교,529.39
28260-00111,까투렴공원,근린공원,37.54439514,126.6217846,21210.1,서구,인천경연초등학교,766.8
28260-00110,용머리공원,근린공원,37.53565781,126.6603341,15840.5,서구,인천청라초등학교,471.01
28260-00109,금산공원,근린공원,37.5551403,126.625411,12431.8,서구,인천경연초등학교,1853.39
28260-00108,포리공원,근린공원,37.52767778,126.6428138,14216.2,서구,인천도담초등학교,105.3
28260-00107,문점공원,근린공원,37.52295456,126.6282657,12814.9,서구,인천해원초등학교,551.36
28260-00106,연일공원,근린공원,37.5406974,126.6554122,30552.7,서구,인천청라초등학교,328.21
28260-00105,사염공원,근린공원,37.54237626,126.6493445,85351.8,서구,인천청람초등학교,541.98
28260-00104,늘푸른공원,근린공원,37.54230862,126.6235125,43329.7,서구,인천경연초등학교,489.9
28260-00103,소염도공원,소공원,37.48634578,126.6664339,1268.0,서구,인천봉화초등학교,1057.31
28260-00102,대촌공원,근린공원,37.59558706,126.6336177,10875.0,서구,인천단봉초등학교,482.63
28260-00101,버들공원,어린이공원,37.59565578,126.636467,2066.0,서구,인천단봉초등학교,328.73
28260-00100,불로5호소공원,소공원,37.61315197,126.6871272,546.0,서구,인천불로초등학교,168.6
28260-00099,불로4호소공원,소공원,37.61057466,126.6857177,368.0,서구,인천불로초등학교,453.23
28260-00098,경서2공원(아라뱃길 물류단지),근린공원,37.56615691,126.609919,20177.0,서구,인천경연초등학교,3395.13
28260-00097,경서1공원(아라뱃길 물류단지),근린공원,37.56143004,126.6188103,13214.0,서구,인천경연초등학교,2632.67
28260-00096,검암소공원,소공원,37.5597432,126.6754821,641.0,서구,인천간재울초등학교,289.33
28260-00095,백석공원(마),근린공원,37.58971146,126.5997688,45013.0,서구,인천단봉초등학교,3490.87
28260-00094,한들방죽공원(라),근린공원,37.5904312,126.621691,10869.0,서구,인천단봉초등학교,1673.24
28260-00093,반월공원(나),근린공원,37.5944608,126.616871,10970.0,서구,인천단봉초등학교,1895.5
28260-00092,경서근린공원,근린공원,37.55670473,126.6687691,21935.0,서구,인천간재울초등학교,509.47
28260-00091,청라1호공원,근린공원,37.53152887,126.6034799,10000.0,서구,인천해원초등학교,2045.58
28260-00144,두물머리공원,수변공원,37.5899664685,126.7139732342,12677.6,서구,인천아람초등학교,399.69
28260-00142,아름드리공원,소공원,37.5889728571,126.7088426992,1275.7,서구,인천해든초등학교,422.03
28260-00141,광명큰나무공원,소공원,37.5866696025,126.7115744988,941.0,서구,인천해든초등학교,377.04
28260-00140,바래미공원,어린이공원,37.5919137059,126.7195037025,3794.0,서구,인천아람초등학교,587.77
28260-00139,아랫목어린이공원,어린이공원,37.6024530532,126.715066291,2159.9,서구,인천이음초등학교,459.88
28260-00138,웃목어린이공원,어린이공원,37.5965817768,126.7064081579,4699.1,서구,인천한별초등학교,89.2
28260-00137,재미한창공원,어린이공원,37.5917859475,126.7161939394,1763.9,서구,인천아람초등학교,521.72
28260-00136,동글동글나이테공원,어린이공원,37.5874640504,126.7175062391,2283.2,서구,인천아람초등학교,80.21
28260-00135,해든공원,어린이공원,37.5846194939,126.7083375375,8251.8,서구,인천해든초등학교,94.21
28260-00134,가람풍경공원,어린이공원,37.5843019103,126.7149827659,2912.3,서구,인천아람초등학교,346.74
28260-00133,맑은물빛공원,근린공원,37.5907885638,126.7012748907,32687.5,서구,인천발산초등학교,202.14
28260-00132,아라노을공원,근린공원,37.5857673884,126.7047702297,48206.9,서구,인천아라초등학교,156.42
28260-00131,도담공원,근린공원,37.5992788866,126.7108342297,28592.8,서구,인천이음초등학교,172.71
28260-00130,아라센트럴파크,근린공원,37.5881979154,126.7115268715,55690.3,서구,인천해든초등학교,469.22
28260-00129,새별공원,근린공원,37.5816183145,126.7175390255,34663.6,서구,인천아람초등학교,613.13
28260-00128,모래성공원,어린이공원,37.5248577,126.6306565,1806.3,서구,인천해원초등학교,506.05
28260-00127,물방울공원,어린이공원,37.5213691,126.6261902,2593.8,서구,인천해원초등학교,692.86
28260-00126,사자자리공원,어린이공원,37.5207561,126.6239982,2580.4,서구,인천해원초등학교,783.07
28260-00125,물고기자리공원,어린이공원,37.52656032,126.6272089,3806.5,서구,인천해원초등학교,152.73
28260-00124,흰여울공원,어린이공원,37.5279411,126.6267344,2965.5,서구,인천해원초등학교,67.44
28260-00123,거울어린이공원,어린이공원,37.5281894,126.6548912,8963.9,서구,인천초은초등학교,88.44
28260-00122,봉수대공원,어린이공원,37.5383939,126.6618315,3275.9,서구,인천청라초등학교,546.9
28260-00121,능안어린이공원,어린이공원,37.5399442,126.66029,1963.7,서구,인천청라초등학교,473.46
28260-00120,뜰어린이공원,어린이공원,37.5376797,126.6548499,9604.6,서구,인천청라초등학교,75.23
28260-00119,백조자리공원,어린이공원,37.53631142,126.642685,1544.8,서구,인천청호초등학교,278.82
28185-00043,승정공원,어린이공원,37.42583627,126.664131,1500.0,연수구,인천송도초등학교,500.09
28260-00007,가좌울공원,어린이공원,37.486735,126.6859365,1920.0,서구,인천가좌초등학교,434.81
28260-00006,여우재공원(이름변경),어린이공원,37.48859525,126.6836575,1501.0,서구,인천가좌초등학교,172.97
28260-00005,건지공원,어린이공원,37.49399764,126.6794013,7988.0,서구,인천건지초등학교,236.82
28260-00004,서곶공원,근린공원,37.54710428,126.6810847,151333.0,서구,인천공촌초등학교,259.69
28260-00003,석남체육공원,어린이공원,37.5109009,126.6748921,10880.0,서구,인천석남초등학교,491.0
28260-00002,신촌공원,어린이공원,37.50775539,126.6702832,6612.0,서구,인천신석초등학교,631.32
28260-00001,원신공원,근린공원,37.51562511,126.6632612,57685.0,서구,인천신현북초등학교,431.77
28260-00028,모통공원,어린이공원,37.54218954,126.6789196,3003.0,서구,인천심곡초등학교,364.38
28185-00044,향나무공원,어린이공원,37.425686,126.661709,1462.4,연수구,인천송도초등학교,299.94
28260-00035,장모루공원,근린공원,37.56753728,126.6749646,5704.0,서구,인천검암초등학교,297.82
28260-00034,서부산단공원,근린공원,37.5554991,126.639501,14801.0,서구,인천경서초등학교,1022.89
28260-00033,상동공원,근린공원,37.56623904,126.6779228,12475.0,서구,인천검암초등학교,194.08
28260-00032,서인공원,어린이공원,37.52218518,126.6860632,33837.0,서구,인천봉수초등학교,801.78
28260-00031,샘내공원,어린이공원,37.54135608,126.6726703,3109.0,서구,인천양지초등학교,197.08
28260-00030,대평공원,어린이공원,37.54938247,126.6701658,3103.0,서구,인천서곶초등학교,183.63
28260-00029,계명공원,어린이공원,37.54952377,126.6720153,3037.0,서구,인천서곶초등학교,296.64
28260-00027,주마공원,어린이공원,37.54339478,126.6714835,2831.0,서구,인천양지초등학교,374.9
28260-00026,군도공원,어린이공원,37.54507039,126.6706773,2567.0,서구,인천서곶초등학교,327.58
28260-00025,절골공원,어린이공원,37.5427482,126.6825351,2451.0,서구,인천심곡초등학교,98.54
28260-00024,공촌공원,어린이공원,37.55115706,126.6844019,2400.0,서구,인천공촌초등학교,292.96
28260-00023,간촌공원,어린이공원,37.54923531,126.6785431,2300.0,서구,인천공촌초등학교,421.12
28260-00022,갈마공원,어린이공원,37.54642692,126.6737576,2104.0,서구,인천서곶초등학교,415.46
28260-00021,새말공원,어린이공원,37.5413277,126.6754746,2104.0,서구,인천양지초등학교,404.95
28260-00020,주자공원,어린이공원,37.55028838,126.6759574,2100.0,서구,인천서곶초등학교,639.45
28260-00019,월촌공원,어린이공원,37.5507274,126.6812468,2002.0,서구,인천공촌초등학교,288.46
28260-00018,녹성공원,어린이공원,37.54298427,126.6742632,2001.0,서구,인천양지초등학교,425.95
28260-00017,길쌈공원,어린이공원,37.54801021,126.6758533,1700.0,서구,인천서곶초등학교,570.09
28260-00016,갈매공원,어린이공원,37.55267952,126.6849923,1683.0,서구,인천공촌초등학교,469.65
28260-00015,용두공원,어린이공원,37.54124079,126.6718078,1347.0,서구,인천양지초등학교,145.43
28260-00014,탁옥공원,어린이공원,37.54501705,126.6833389,1503.0,서구,인천심곡초등학교,166.11
28260-00013,심곡공원,어린이공원,37.5443051,126.6807747,1500.0,서구,인천심곡초등학교,179.52
28260-00012,가정공원,어린이공원,37.52094011,126.6742692,6612.0,서구,인천가현초등학교,532.62
28260-00011,인천교공원,근린공원,37.47555946,126.6772099,46821.0,서구,인천주안북초등학교,824.9
28260-00010,장고개공원,어린이공원,37.49028156,126.6877521,4278.0,서구,인천가정초등학교,164.53
28260-00009,가좌공원,어린이공원,37.48792501,126.6842021,7280.0,서구,인천가좌초등학교,254.07
28260-00008,한신공원,어린이공원,37.48452032,126.6876014,3001.0,서구,인천가좌초등학교,721.27
28260-00063,불로지구2호 어린이공원,어린이공원,37.6137045,126.6842508,1533.0,서구,인천불로초등학교,406.03
28260-00062,불로지구1호 어린이공원,어린이공원,37.61423698,126.6820637,2561.0,서구,인천불로초등학교,600.82
28260-00061,금호공원(오류지구 어린이공원),어린이공원,37.59756157,126.6373716,3335.0,서구,인천단봉초등학교,102.67
28260-00060,검단2지구 3호 어린이공원,어린이공원,37.5958847,126.6732323,1803.0,서구,인천마전초등학교,270.75
28260-00059,검단2지구 2호 어린이공원,어린이공원,37.59558375,126.6693753,3692.0,서구,인천마전초등학교,253.2
28260-00058,검단2지구 1호 어린이공원,어린이공원,37.59706457,126.6705316,2297.0,서구,인천마전초등학교,59.85
28260-00057,왕길새싹공원,어린이공원,37.60249879,126.651206,3309.0,서구,인천왕길초등학교,58.92
28260-00056,종다리공원,어린이공원,37.60116273,126.6544993,2948.0,서구,인천왕길초등학교,317.13
28260-00055,왕길공원,근린공원,37.6009358,126.6517492,11686.0,서구,인천왕길초등학교,131.07
28260-00054,석남공원,어린이공원,37.50090652,126.6779763,2290.0,서구,인천천마초등학교,458.37
28260-00053,검단1지구 6호 어린이공원,어린이공원,37.604402,126.6606377,2663.0,서구,인천능내초등학교,562.14
28260-00052,검단1지구 5호 어린이공원,어린이공원,37.6059872,126.6578525,4048.0,서구,인천금곡초등학교,642.36
28260-00051,검단1지구 1호 어린이공원,어린이공원,37.60502992,126.6572723,4606.0,서구,인천금곡초등학교,590.08
28260-00050,검단1지구 금곡공원,어린이공원,37.6056199,126.6554225,3754.0,서구,인천금곡초등학교,425.4
28260-00049,검단2지구 2호근린공원,근린공원,37.60303311,126.6647548,12819.0,서구,인천능내초등학교,168.12
28260-00048,검단2지구 1호근린공원,근린공원,37.59951696,126.6575727,15745.0,서구,인천완정초등학교,600.64
28260-00047,능내공원,근린공원,37.60135433,126.6668968,77340.0,서구,인천능내초등학교,125.55
28260-00046,빈정공원,어린이공원,37.55565876,126.6720414,6984.0,서구,인천간재울초등학교,519.78
28260-00045,중동공원,어린이공원,37.56503283,126.677202,3974.0,서구,인천검암초등학교,339.16
28260-00044,쑥공원(경서3호),어린이공원,37.55655153,126.6537471,4205.0,서구,인천경서초등학교,244.36
28260-00043,허암공원,어린이공원,37.5650713,126.6836893,2978.0,서구,인천은지초등학교,122.07
28260-00042,진포공원(경서1호),어린이공원,37.5606277,126.651839,2780.0,서구,인천경서초등학교,446.63
28260-00041,넘말공원(경서2호),어린이공원,37.5576935,126.6556841,2728.0,서구,인천경서초등학교,430.71
28260-00040,간재울공원,어린이공원,37.56392844,126.6743722,2500.0,서구,인천간재울초등학교,438.81
28260-00039,과기공원,어린이공원,37.5584481,126.674965,2395.0,서구,인천간재울초등학교,315.73
28260-00038,아랫말공원(경서4호),어린이공원,37.55564913,126.655858,2237.0,서구,인천경서초등학교,444.99
28260-00037,삽지공원,어린이공원,37.56761772,126.6811448,2070.0,서구,인천검암초등학교,254.84
28260-00036,검바위공원,어린이공원,37.5625871,126.6755015,2040.0,서구,인천간재울초등학교,377.7
