격자코드,total_pop,child_pop_0_5,child_pop_6_12
나사4063,68,0,0
나사4064,13,0,0
나사4065,0,0,0
나사4158,144,5,8
나사4163,565,9,6
나사4164,1026,20,15
나사4165,19,0,0
나사4258,5,0,0
나사4264,41,0,0
나사4265,226,9,9
나사6411,23,0,0
나사7300,5,0,0
나사7516,23,0,0
나사7608,28,0,0
나사7609,63,0,0
나사7614,5,0,0
나사7615,43,0,0
나사7616,108,0,2
나사7618,63,0,0
나사7714,231,0,2
나사7715,38,0,0
나사7716,8,0,0
나사7717,128,0,2
나사7718,8,0,0
나사7813,0,0,0
나사7815,53,0,0
나사7816,5,0,0
나사7913,23,0,2
나사7914,173,0,2
나사7915,193,5,7
나사7916,13,0,0
나사7966,8,0,0
나사8014,0,0,0
나사8015,133,0,7
나사8114,93,0,2
나사8213,188,5,7
나사8214,28,0,4
나사8264,8,0,0
나사8364,33,0,0
나사8463,8,0,0
나사8464,43,0,0
나사8465,5,0,0
나사8563,78,0,2
나사8564,73,0,0
나사8609,23,0,0
나사8610,18,0,0
나사8761,18,0,0
나사8762,8,0,0
나사8763,33,0,0
나사8769,5,0,0
나사8774,68,0,2
나사8775,53,0,2
나사8776,33,0,0
나사8809,48,0,0
나사8810,8,0,0
나사8861,63,0,2
나사8862,53,0,4
나사8869,43,0,0
나사8870,13,0,0
나사8873,8,0,0
나사8874,63,0,0
나사8875,158,0,2
나사8876,5,0,0
나사8877,108,0,0
나사8878,13,0,0
나사8879,5,0,0
나사8908,38,0,2
나사8909,154,0,4
나사8960,13,0,0
나사8961,128,0,0
나사8962,23,0,0
나사8974,18,0,0
나사8975,93,0,0
나사8978,5,0,0
나사8979,123,5,0
나사8980,5,0,0
나사9008,5,0,0
나사9009,0,0,0
나사9074,0,0,0
나사9075,139,5,2
나사9077,28,0,2
나사9078,123,5,0
나사9079,78,5,0
나사9106,5,0,0
나사9107,78,0,2
나사9170,13,0,0
나사9171,0,0,0
나사9177,78,5,0
나사9178,58,0,0
나사9180,53,0,0
나사9208,33,0,0
나사9218,73,0,0
나사9219,33,5,0
나사9267,13,0,0
나사9275,58,5,0
나사9276,318,8,7
나사9277,23,0,0
나사9308,188,0,2
나사9317,38,0,0
나사9318,93,0,2
나사9367,78,5,2
나사9368,33,0,0
나사9369,5,0,0
나사9370,73,0,2
나사9371,5,0,0
나사9374,33,0,2
나사9375,158,5,0
나사9376,13,0,0
나사9377,143,5,0
나사9378,5,0,0
나사9407,5,0,0
나사9408,0,0,0
나사9417,158,0,0
나사9418,63,0,0
나사9466,43,0,2
나사9467,88,5,2
나사9468,8,0,0
나사9469,18,0,0
나사9470,48,0,0
나사9471,23,0,0
나사9472,18,0,0
나사9474,13,0,0
나사9475,33,0,2
나사9476,5,0,0
나사9477,63,0,0
나사9478,38,0,0
나사9507,5,0,0
나사9508,5,0,0
나사9517,178,0,0
나사9518,5,0,0
나사9565,68,5,0
나사9566,18,0,0
나사9567,108,5,2
나사9568,8,0,0
나사9571,78,0,0
나사9572,5,0,0
나사9575,18,0,0
나사9576,48,0,0
나사9577,108,0,0
나사9578,43,5,0
나사9617,33,0,0
나사9618,13,0,0
나사9648,8,0,0
나사9649,43,0,0
나사9650,63,0,2
나사9662,38,0,4
나사9665,48,0,0
나사9666,8,0,0
나사9667,183,5,4
나사9668,8,0,0
나사9671,13,0,0
나사9673,8,0,0
나사9676,13,0,0
나사9677,38,0,0
나사9678,18,0,0
나사9706,5,0,0
나사9748,278,0,7
나사9749,58,0,0
나사9750,73,0,0
나사9761,58,0,0
나사9762,63,0,2
나사9763,8,0,0
나사9764,93,0,0
나사9765,0,0,0
나사9766,18,0,0
나사9767,8,0,0
나사9848,23,0,0
나사9861,8,0,0
나사9862,0,0,0
나사9863,113,0,4
나사9864,13,0,0
나사9865,0,0,0
나사9866,48,0,0
나사9868,23,0,0
나사9869,13,5,0
나사9877,18,0,0
나사9940,98,0,4
나사9941,93,0,7
나사9948,18,0,0
나사9963,123,0,0
나사9964,18,0,0
나사9965,83,0,2
나사9966,53,5,4
나사9967,8,0,0
나사9968,133,0,4
나사9969,163,5,4
나사9970,53,5,0
나사9972,128,5,4
나사9974,128,0,0
나사9975,68,0,0
나사9976,38,5,0
나사9977,40,0,0
다사0038,103,0,0
다사0039,298,0,7
다사0040,253,0,2
다사0041,83,0,0
다사0048,225,5,2
다사0049,8,0,0
다사0057,5,0,0
다사0058,28,0,0
다사0059,73,0,2
다사0060,18,0,0
다사0063,8,0,0
다사0064,23,0,0
다사0065,48,0,4
다사0066,13,0,0
다사0067,113,5,2
다사0068,23,0,0
다사0069,64,5,4
다사0070,238,5,2
다사0072,63,0,0
다사0073,38,0,2
다사0074,223,0,2
다사0075,8,0,0
다사0076,58,0,0
다사0077,118,5,4
다사0078,13,0,0
다사0138,68,0,0
다사0139,154,0,7
다사0140,8,0,0
다사0148,13,0,0
다사0149,58,5,4
다사0157,143,5,4
다사0158,198,0,2
다사0159,53,0,0
다사0160,123,5,7
다사0167,297,9,11
다사0168,33,5,0
다사0169,123,5,0
다사0170,103,0,4
다사0171,133,0,2
다사0172,48,0,0
다사0173,0,0,0
다사0174,233,0,7
다사0175,43,0,0
다사0176,18,0,0
다사0177,93,0,0
다사0178,38,0,0
다사0234,8,0,0
다사0238,13,0,0
다사0239,248,0,2
다사0240,63,0,0
다사0256,68,0,0
다사0257,143,0,2
다사0258,48,5,4
다사0259,83,5,0
다사0260,193,0,7
다사0265,93,0,0
다사0266,5,0,0
다사0267,108,5,0
다사0268,218,0,7
다사0269,253,1,9
다사0270,88,5,0
다사0271,118,5,2
다사0272,253,5,7
다사0273,58,5,0
다사0275,208,0,4
다사0276,121,0,8
다사0277,143,6,9
다사0278,103,0,0
다사0279,13,0,0
다사0332,8,0,0
다사0333,5,0,0
다사0334,183,0,0
다사0335,5,0,0
다사0337,8,0,0
다사0338,213,0,0
다사0339,248,0,4
다사0340,143,6,9
다사0348,68,0,0
다사0349,18,0,0
다사0355,28,0,0
다사0356,143,5,7
다사0357,23,0,0
다사0358,43,0,7
다사0359,193,5,8
다사0360,124,0,2
다사0361,48,0,0
다사0363,28,0,2
다사0364,108,5,4
다사0365,118,5,4
다사0366,8,0,0
다사0367,188,6,9
다사0368,68,0,0
다사0369,183,5,4
다사0370,58,5,0
다사0371,5,0,0
다사0372,8,0,0
다사0373,193,8,0
다사0375,78,0,0
다사0376,118,0,2
다사0377,18,0,0
다사0378,98,0,0
다사0379,73,0,7
다사0380,98,5,4
다사0432,108,0,0
다사0433,53,5,4
다사0434,0,0,0
다사0436,138,5,2
다사0437,193,0,2
다사0438,48,0,0
다사0439,159,0,7
다사0440,5,0,0
다사0442,5,0,0
다사0447,5,0,0
다사0448,8,0,0
다사0449,8,0,0
다사0455,13,0,0
다사0456,53,5,0
다사0457,78,0,0
다사0459,390,8,7
다사0460,113,5,0
다사0461,13,0,0
다사0462,163,5,0
다사0463,193,0,2
다사0464,148,5,0
다사0465,188,5,2
다사0466,293,6,14
다사0467,113,0,4
다사0468,8,0,0
다사0469,73,0,2
다사0470,108,0,0
다사0471,5,0,0
다사0473,168,5,2
다사0474,53,5,0
다사0475,188,5,7
다사0477,58,0,0
다사0478,128,6,11
다사0479,8,0,0
다사0480,88,5,2
다사0516,0,0,0
다사0530,8,0,0
다사0531,68,0,2
다사0532,48,0,2
다사0537,13,0,0
다사0538,23,0,0
다사0547,103,0,2
다사0548,193,6,9
다사0549,98,5,0
다사0550,8,0,0
다사0555,48,5,2
다사0556,198,5,8
다사0557,5,0,0
다사0558,5,0,0
다사0559,282,5,4
다사0560,83,5,0
다사0561,43,0,4
다사0562,293,8,4
다사0563,5,0,0
다사0564,5,0,0
다사0565,208,0,4
다사0566,58,0,2
다사0567,153,5,8
다사0570,48,0,0
다사0571,33,0,0
다사0573,33,0,0
다사0574,188,5,7
다사0575,343,8,7
다사0576,73,5,0
다사0577,75,0,0
다사0578,93,5,2
다사0579,108,8,2
다사0580,58,0,0
다사0581,5,0,0
다사0616,13,0,0
다사0617,18,0,2
다사0618,43,0,4
다사0619,83,0,2
다사0630,63,0,2
다사0631,28,0,0
다사0646,8,0,0
다사0647,133,0,7
다사0648,48,0,0
다사0650,5,0,0
다사0655,108,5,2
다사0656,5,0,0
다사0657,5,0,0
다사0658,8,0,0
다사0659,188,5,4
다사0660,123,8,8
다사0661,378,6,9
다사0662,216,11,29
다사0664,8,0,0
다사0665,13,0,0
다사0666,63,1,6
다사0667,261,0,2
다사0668,13,0,0
다사0671,5,0,0
다사0672,5,0,0
다사0673,8,0,0
다사0674,208,5,0
다사0675,163,5,2
다사0676,243,1,11
다사0677,93,6,6
다사0678,88,5,7
다사0679,98,5,0
다사0680,58,0,4
다사0714,18,0,7
다사0715,8,0,0
다사0716,320,5,8
다사0717,406,9,9
다사0718,289,8,11
다사0719,183,5,4
다사0720,118,5,7
다사0738,16,0,0
다사0742,5,0,0
다사0743,5,0,0
다사0747,48,0,0
다사0748,103,0,0
다사0755,63,0,2
다사0756,33,0,7
다사0757,148,5,8
다사0758,63,5,2
다사0759,158,5,4
다사0760,13,0,0
다사0761,183,0,7
다사0762,265,8,7
다사0763,5,0,0
다사0765,5,0,0
다사0766,143,0,7
다사0767,273,5,7
다사0768,201,5,7
다사0769,70,0,8
다사0770,298,8,8
다사0771,178,6,9
다사0772,43,0,2
다사0773,168,5,7
다사0774,158,0,2
다사0775,108,8,7
다사0776,128,5,7
다사0777,163,0,0
다사0778,274,9,6
다사0779,23,5,0
다사0780,8,0,0
다사0815,8,0,0
다사0816,258,1,14
다사0817,303,5,11
다사0818,138,5,2
다사0819,58,0,0
다사0820,133,0,7
다사0821,8,0,0
다사0838,379,8,4
다사0841,18,0,0
다사0843,0,0,0
다사0846,13,0,0
다사0847,58,0,7
다사0848,28,0,0
다사0849,18,0,0
다사0855,78,8,0
다사0856,23,5,0
다사0857,23,0,2
다사0858,153,0,4
다사0859,28,0,0
다사0860,8,0,0
다사0861,43,0,0
다사0862,228,0,0
다사0863,78,0,2
다사0865,43,0,0
다사0866,228,5,7
다사0867,118,0,2
다사0868,293,8,7
다사0869,153,0,4
다사0870,388,8,22
다사0871,118,5,7
다사0872,68,5,0
다사0873,268,9,11
다사0874,375,8,11
다사0875,108,5,0
다사0876,323,5,8
다사0877,53,5,7
다사0878,103,0,0
다사0916,118,0,0
다사0917,256,6,9
다사0918,288,6,9
다사0919,233,5,2
다사0920,223,5,7
다사0943,345,0,0
다사0944,1295,20,92
다사0945,28,0,0
다사0948,5,0,0
다사0956,28,1,9
다사0957,58,5,0
다사0958,93,0,2
다사0959,198,8,4
다사0960,178,1,11
다사0961,187,5,4
다사0962,108,5,7
다사0963,143,8,7
다사0964,285,0,0
다사0965,173,6,11
다사0966,218,1,11
다사0967,68,0,0
다사0968,318,14,11
다사0969,757,17,41
다사0970,389,13,8
다사0971,88,5,2
다사0972,1349,29,51
다사0973,298,5,8
다사0974,138,5,4
다사0976,183,5,7
다사0977,113,6,6
다사1017,28,0,7
다사1018,503,10,21
다사1019,283,1,14
다사1020,193,0,8
다사1042,5,0,0
다사1043,1942,44,120
다사1044,10517,237,612
다사1045,2360,70,180
다사1056,163,0,2
다사1057,8,0,0
다사1058,53,0,2
다사1059,59,0,0
다사1060,1048,21,40
다사1061,301,0,8
다사1062,198,0,2
다사1063,158,5,2
다사1064,133,0,8
다사1065,310,5,11
다사1066,173,8,7
다사1067,188,5,2
다사1068,453,13,11
다사1069,2309,72,174
다사1070,1344,36,63
다사1071,1829,51,62
다사1072,4926,111,202
다사1073,268,6,14
다사1074,328,1,14
다사1076,28,0,0
다사1077,18,0,0
다사1117,53,0,0
다사1118,710,21,38
다사1142,2854,262,229
다사1143,11036,408,371
다사1144,3529,41,25
다사1145,8,0,0
다사1146,63,5,7
다사1147,179,7,17
다사1148,28,0,0
다사1155,28,0,0
다사1156,103,5,4
다사1157,8,0,0
다사1158,173,8,8
다사1159,83,5,2
다사1160,770,15,24
다사1161,388,9,14
다사1162,387,5,8
다사1163,163,5,4
다사1164,88,0,0
다사1165,218,5,7
다사1166,123,1,9
다사1167,248,5,7
다사1168,268,8,8
다사1169,343,6,14
다사1170,356,0,8
다사1171,1302,28,59
다사1172,2412,79,151
다사1173,666,26,35
다사1174,349,6,14
다사1175,153,1,9
다사1176,83,0,2
다사1214,5,0,0
다사1215,33,0,0
다사1217,150,8,7
다사1218,28,0,0
다사1241,18,0,2
다사1242,6667,354,397
다사1243,4560,97,100
다사1244,313,5,2
다사1245,187,5,4
다사1246,565,5,8
다사1247,103,6,9
다사1248,73,5,7
다사1254,93,5,4
다사1255,108,5,2
다사1256,108,5,2
다사1257,73,5,4
다사1258,183,6,9
다사1259,258,9,9
다사1260,93,5,2
다사1261,248,8,8
다사1262,223,5,0
다사1263,298,0,4
다사1264,283,5,4
다사1265,208,0,7
다사1266,113,0,7
다사1267,207,5,7
다사1268,269,5,7
다사1269,178,5,4
다사1270,154,0,2
다사1271,2855,98,186
다사1272,2031,108,186
다사1273,365,22,18
다사1274,153,5,2
다사1275,133,0,2
다사1276,28,0,4
다사1315,33,0,0
다사1316,178,0,8
다사1317,78,5,2
다사1318,13,0,0
다사1341,83,0,8
다사1342,58,0,2
다사1343,5,0,0
다사1344,28,0,4
다사1345,248,1,11
다사1346,474,9,14
다사1348,53,0,0
다사1353,8,0,0
다사1354,78,0,0
다사1355,78,5,0
다사1356,28,5,0
다사1357,78,5,2
다사1358,133,5,8
다사1359,373,9,17
다사1360,53,5,4
다사1361,231,0,7
다사1362,73,0,0
다사1363,13,5,0
다사1364,38,0,2
다사1365,33,0,0
다사1366,8,0,0
다사1367,148,5,8
다사1368,48,5,4
다사1369,13,0,2
다사1370,5,0,0
다사1371,270,9,13
다사1372,367,6,11
다사1373,23,0,4
다사1415,308,5,8
다사1416,103,0,4
다사1442,113,6,11
다사1443,3645,107,264
다사1444,3442,31,50
다사1445,715,9,11
다사1446,418,6,14
다사1457,8,0,0
다사1458,93,0,0
다사1459,153,0,4
다사1460,18,5,0
다사1462,0,0,0
다사1463,33,0,0
다사1464,23,0,0
다사1465,23,0,0
다사1466,33,0,0
다사1468,13,0,0
다사1469,263,0,4
다사1470,144,0,2
다사1471,103,0,7
다사1472,33,0,0
다사1473,98,5,0
다사1474,38,0,2
다사1512,98,5,4
다사1513,43,5,0
다사1514,113,0,2
다사1515,8,0,0
다사1520,73,0,0
다사1542,28,0,0
다사1543,5284,444,652
다사1544,1611,30,58
다사1545,323,6,11
다사1546,449,10,18
다사1547,23,0,2
다사1558,68,0,0
다사1560,169,0,4
다사1561,126,0,2
다사1562,208,0,2
다사1563,138,0,0
다사1564,278,0,4
다사1565,197,5,0
다사1566,147,0,0
다사1568,143,0,0
다사1569,550,5,7
다사1570,349,0,4
다사1571,5,0,0
다사1572,78,0,0
다사1611,68,0,7
다사1612,123,0,0
다사1613,93,0,0
다사1614,160,5,2
다사1615,0,0,0
다사1616,18,0,0
다사1617,13,0,0
다사1618,118,5,7
다사1619,48,5,0
다사1620,58,5,4
다사1643,19656,1189,2207
다사1644,13365,1323,1331
다사1645,593,11,34
다사1646,68,0,0
다사1657,5,0,0
다사1658,68,0,0
다사1659,78,0,0
다사1660,198,5,7
다사1661,635,11,22
다사1662,185,0,0
다사1663,263,0,0
다사1664,538,0,7
다사1665,348,0,0
다사1666,298,0,2
다사1667,58,0,0
다사1668,630,5,11
다사1669,654,6,14
다사1670,378,10,18
다사1671,13,0,0
다사1673,103,0,0
다사1711,98,0,0
다사1712,179,0,2
다사1713,284,5,7
다사1714,93,0,2
다사1715,78,0,2
다사1716,123,5,7
다사1717,211,5,7
다사1718,398,5,8
다사1719,288,6,11
다사1720,158,5,4
다사1721,103,0,2
다사1722,5,0,0
다사1743,7751,324,683
다사1744,10462,708,1325
다사1745,1535,59,63
다사1746,8,0,0
다사1752,18,0,0
다사1753,5,0,0
다사1756,5,0,0
다사1757,23,0,0
다사1758,139,0,2
다사1759,110,0,0
다사1760,33,0,7
다사1761,340,0,0
다사1762,494,0,0
다사1763,339,0,2
다사1764,325,0,0
다사1765,276,0,0
다사1766,123,0,2
다사1767,625,5,7
다사1768,258,0,4
다사1769,218,0,0
다사1770,200,6,9
다사1771,158,0,4
다사1772,129,0,2
다사1773,18,0,0
다사1813,18,0,0
다사1814,408,1,9
다사1815,440,7,21
다사1816,571,10,21
다사1817,208,6,9
다사1818,138,5,7
다사1819,28,0,0
다사1821,48,0,4
다사1843,8,0,0
다사1844,128,1,6
다사1849,18,0,0
다사1856,163,0,7
다사1857,173,0,2
다사1858,88,0,2
다사1859,476,5,7
다사1860,588,8,0
다사1861,1276,27,43
다사1862,464,0,0
다사1863,672,6,6
다사1864,582,0,2
다사1865,357,0,0
다사1866,288,5,7
다사1867,247,0,0
다사1868,212,0,0
다사1869,145,0,0
다사1870,241,0,0
다사1871,23,0,0
다사1913,298,8,7
다사1914,233,6,9
다사1915,303,9,14
다사1916,640,11,32
다사1917,48,0,0
다사1918,43,5,0
다사1928,8,0,0
다사1955,88,5,4
다사1956,565,5,7
다사1957,63,0,0
다사1958,250,1,6
다사1959,706,11,22
다사1960,265,5,11
다사1961,2676,69,87
다사1962,568,14,9
다사1963,384,0,0
다사1964,470,0,8
다사1965,401,10,15
다사1966,2069,44,110
다사1967,33,0,0
다사1968,182,0,4
다사1969,183,0,4
다사1970,197,0,4
다사1971,78,5,4
다사1972,33,0,0
다사2013,273,0,2
다사2014,288,6,11
다사2015,133,0,2
다사2016,190,5,2
다사2017,218,6,9
다사2018,33,0,0
다사2038,5,0,0
다사2039,3964,48,105
다사2040,227,0,7
다사2041,124,0,0
다사2042,652,14,11
다사2045,13,0,0
다사2048,34,0,0
다사2052,0,0,0
다사2054,351,0,0
다사2055,136,0,0
다사2056,549,5,0
다사2057,332,0,7
다사2058,203,8,7
다사2059,772,12,33
다사2060,178,5,4
다사2061,630,17,19
다사2062,618,8,7
다사2063,727,5,4
다사2064,541,8,7
다사2065,10354,419,627
다사2066,11202,294,530
다사2067,213,0,7
다사2068,286,0,0
다사2069,427,0,2
다사2070,128,0,2
다사2071,133,0,4
다사2072,8,0,0
다사2115,208,0,7
다사2116,183,0,2
다사2117,63,0,2
다사2132,4342,423,620
다사2133,2101,191,284
다사2134,2938,217,334
다사2135,17123,1321,2044
다사2138,8,0,0
다사2139,835,12,19
다사2140,0,0,0
다사2141,58,0,0
다사2142,1221,14,14
다사2143,125,0,2
다사2144,44,0,0
다사2145,61,0,2
다사2146,8,0,0
다사2147,5,0,0
다사2148,121,0,0
다사2149,43,0,0
다사2151,0,0,0
다사2152,24,0,0
다사2154,60,0,0
다사2155,1004,8,4
다사2156,110,0,0
다사2157,519,5,2
다사2158,411,6,11
다사2159,229,0,0
다사2160,470,9,11
다사2161,207,0,7
다사2162,88,0,2
다사2163,442,6,9
다사2164,1297,19,51
다사2165,5899,253,230
다사2166,1253,73,66
다사2167,334,8,8
다사2168,393,5,7
다사2169,240,0,0
다사2170,125,0,0
다사2171,13,0,0
다사2172,113,0,7
다사2214,93,0,0
다사2215,163,5,0
다사2216,48,0,7
다사2231,995,43,110
다사2232,3074,259,512
다사2233,7513,554,852
다사2234,8604,634,643
다사2235,20901,1611,2113
다사2237,18,0,0
다사2238,137,0,0
다사2239,1485,63,42
다사2241,3182,30,77
다사2242,10977,110,315
다사2243,5555,126,274
다사2244,18,0,0
다사2245,51,0,0
다사2246,8,0,0
다사2247,11787,611,1290
다사2248,3254,209,385
다사2249,4846,489,575
다사2250,1427,15,21
다사2251,53,0,0
다사2253,28,0,0
다사2254,237,0,0
다사2255,657,8,7
다사2256,84,0,0
다사2257,1865,48,75
다사2258,2318,81,163
다사2259,53,5,0
다사2260,16985,732,1211
다사2261,9001,351,729
다사2262,5682,164,299
다사2263,78,5,0
다사2264,1437,28,60
다사2265,426,6,14
다사2266,63,0,0
다사2267,560,6,9
다사2268,510,0,2
다사2269,353,0,7
다사2270,64,0,0
다사2271,128,6,6
다사2272,83,8,7
다사2273,38,0,0
다사2330,3222,0,0
다사2331,4776,252,476
다사2332,14947,926,1650
다사2333,12230,584,1286
다사2334,68,0,0
다사2336,141,0,4
다사2338,1792,53,110
다사2339,25228,604,1329
다사2340,13749,451,645
다사2341,18049,349,618
다사2342,23022,575,911
다사2343,2564,16,49
다사2345,38,0,0
다사2346,34,0,0
다사2347,8188,425,920
다사2348,12532,614,1173
다사2349,8383,470,926
다사2350,342,6,11
다사2351,8,0,0
다사2354,376,0,2
다사2355,4420,201,337
다사2356,357,16,21
다사2357,267,5,2
다사2358,863,19,14
다사2359,3590,193,418
다사2360,25621,1546,2561
다사2361,16234,924,1736
다사2362,13546,496,791
다사2363,245,7,19
다사2364,259,8,4
다사2365,273,0,2
다사2366,158,5,7
다사2367,364,5,7
다사2368,651,9,14
다사2369,2259,47,87
다사2370,368,0,7
다사2371,519,5,11
다사2372,203,6,11
다사2373,103,5,2
다사2374,38,0,0
다사2416,93,0,0
다사2429,113,0,0
다사2430,8514,597,902
다사2431,10394,389,944
다사2432,9241,311,567
다사2433,21010,887,2603
다사2434,3932,109,501
다사2435,532,14,11
다사2436,28384,860,1703
다사2437,220,12,11
다사2438,7652,555,674
다사2439,28901,1544,2109
다사2440,25118,920,1215
다사2441,14410,397,679
다사2442,14694,341,704
다사2443,113,0,2
다사2444,69,0,0
다사2445,220,5,0
다사2446,250,0,0
다사2447,2913,174,268
다사2448,24781,1075,2167
다사2449,8662,415,1139
다사2450,210,0,0
다사2451,195,6,18
다사2454,38,5,0
다사2455,6212,228,481
다사2456,3834,89,201
다사2457,214,0,0
다사2458,53,0,0
다사2459,5627,365,586
다사2460,7326,598,785
다사2461,533,11,40
다사2462,271,1,11
다사2463,483,6,14
다사2464,128,5,0
다사2465,43,0,0
다사2466,181,0,2
다사2467,240,0,2
다사2468,424,0,8
다사2469,289,5,7
다사2470,78,0,2
다사2471,218,0,0
다사2472,73,0,0
다사2473,93,0,2
다사2474,153,5,2
다사2516,18,0,0
다사2530,13056,933,1561
다사2531,8910,501,856
다사2532,11850,431,850
다사2533,5142,182,445
다사2534,6035,409,518
다사2535,3257,173,200
다사2536,10171,209,400
다사2537,3886,81,168
다사2538,19421,469,1232
다사2539,17038,194,225
다사2540,17630,391,730
다사2541,10829,396,588
다사2542,8492,345,450
다사2543,273,0,0
다사2544,295,0,4
다사2545,119,0,0
다사2546,79,0,0
다사2547,2120,124,178
다사2548,16635,769,1456
다사2549,6434,337,680
다사2550,1901,70,106
다사2551,7932,297,589
다사2552,5,0,0
다사2553,23,0,0
다사2554,245,0,4
다사2555,4844,159,268
다사2556,15035,436,743
다사2557,6005,198,350
다사2558,43,0,0
다사2559,538,5,0
다사2560,5441,263,656
다사2561,4058,189,355
다사2562,133,0,4
다사2563,619,6,11
다사2564,18,0,0
다사2565,48,0,0
다사2566,245,5,2
다사2567,263,5,7
다사2568,23,0,0
다사2569,374,6,11
다사2570,273,0,7
다사2571,178,0,7
다사2572,159,5,4
다사2573,23,0,0
다사2574,8,0,4
다사2619,0,0,0
다사2625,18,0,0
다사2630,281,5,7
다사2631,7123,90,168
다사2632,8994,327,608
다사2633,7787,277,379
다사2634,18908,582,1214
다사2635,11507,381,632
다사2636,16824,353,613
다사2637,1904,24,79
다사2638,20434,696,879
다사2639,21780,504,828
다사2640,16682,475,772
다사2641,22027,827,1361
다사2642,2096,127,172
다사2643,1509,27,40
다사2644,12618,338,462
다사2645,13894,255,449
다사2646,24067,412,970
다사2647,30374,1820,2983
다사2648,12928,712,1165
다사2649,8528,238,286
다사2650,5630,114,296
다사2651,6801,252,498
다사2652,1463,52,69
다사2653,12208,1192,929
다사2654,6335,240,525
다사2655,19661,609,1449
다사2656,7600,255,444
다사2657,6183,236,381
다사2658,173,5,0
다사2659,1048,20,87
다사2660,21370,785,1936
다사2661,20296,731,1767
다사2662,358,10,13
다사2663,58,0,0
다사2664,8,0,0
다사2666,71,5,0
다사2667,8,0,0
다사2669,28,5,0
다사2724,5,0,0
다사2725,2729,318,215
다사2727,153,5,4
다사2731,708,28,69
다사2732,1260,42,102
다사2733,1214,14,19
다사2734,20103,537,1495
다사2735,19495,478,785
다사2736,20904,649,988
다사2737,9278,220,429
다사2738,24085,461,913
다사2739,24729,704,1030
다사2740,29736,1003,1083
다사2741,15535,426,525
다사2742,370,0,4
다사2743,15307,372,591
다사2744,18358,372,562
다사2745,11739,215,396
다사2746,16549,268,519
다사2747,22867,1745,1748
다사2748,1708,21,29
다사2749,9941,179,385
다사2750,12140,210,425
다사2751,9505,247,546
다사2752,10017,336,555
다사2753,28,0,0
다사2754,17289,631,1008
다사2755,8103,222,379
다사2756,655,18,30
다사2757,1572,34,48
다사2758,148,0,2
다사2759,12551,874,1782
다사2760,13106,589,1164
다사2761,17485,1038,1696
다사2762,11153,511,1316
다사2763,135,0,4
다사2764,8,0,0
다사2765,128,0,2
다사2824,4133,320,300
다사2825,2330,249,250
다사2826,379,0,2
다사2827,8473,201,272
다사2832,353,0,0
다사2833,556,0,0
다사2834,981,9,9
다사2835,11680,224,377
다사2836,11645,212,384
다사2837,4697,265,213
다사2838,16158,316,765
다사2839,19161,631,939
다사2840,29748,825,1550
다사2841,20322,597,918
다사2842,7154,365,258
다사2843,8374,345,409
다사2844,8124,177,372
다사2845,3851,109,159
다사2846,446,9,14
다사2847,2391,58,87
다사2849,926,0,0
다사2850,1458,37,58
다사2851,118,5,8
다사2852,2764,87,175
다사2853,18,0,0
다사2854,2059,69,164
다사2855,5549,185,392
다사2856,752,20,50
다사2857,16527,533,1126
다사2858,4140,148,285
다사2859,298,6,9
다사2860,8761,446,954
다사2861,7694,363,893
다사2862,844,5,8
다사2863,18,0,0
다사2864,108,0,0
다사2865,184,5,0
다사2866,45,0,0
다사2867,227,8,7
다사2868,530,16,31
다사2869,61,0,2
다사2870,375,0,0
다사2871,153,0,2
다사2872,163,0,2
다사2924,2341,20,13
다사2925,341,0,0
다사2926,407,0,0
다사2927,230,0,0
다사2928,55,0,0
다사2929,63,0,0
다사2932,406,0,0
다사2933,986,5,8
다사2934,1719,14,14
다사2935,847,5,8
다사2936,8957,204,388
다사2937,789,11,22
다사2938,8052,119,256
다사2939,19193,453,609
다사2940,20963,436,817
다사2941,25936,614,797
다사2942,23499,1045,1219
다사2943,13105,425,601
다사2944,14767,290,735
다사2945,24385,918,1707
다사2946,21964,1316,1281
다사2947,13416,341,518
다사2948,7267,122,310
다사2950,5,0,0
다사2951,5,0,0
다사2952,73,5,0
다사2953,3091,301,464
다사2954,14429,1106,1382
다사2955,11216,486,793
다사2956,563,21,37
다사2957,4932,179,275
다사2958,15273,369,877
다사2959,18807,1072,1710
다사2960,1458,110,148
다사2961,1955,114,254
다사2963,186,0,2
다사2964,158,5,0
다사2965,475,5,8
다사2966,711,7,18
다사2967,751,9,17
다사2968,274,10,18
다사2969,563,10,21
다사2970,416,8,8
다사2971,146,0,2
다사2972,13,0,0
다사3024,219,0,0
다사3025,409,0,0
다사3026,315,0,0
다사3027,309,0,0
다사3028,5930,174,229
다사3029,23850,1338,2794
다사3030,49,0,0
다사3031,64,1,7
다사3032,2480,139,159
다사3033,6488,147,303
다사3034,15541,404,887
다사3035,3269,75,154
다사3036,3429,51,128
다사3037,6951,158,253
다사3038,16684,666,1515
다사3039,38115,1217,2667
다사3040,30479,916,1673
다사3041,14437,322,587
다사3042,7400,139,210
다사3043,22045,642,850
다사3044,20504,439,936
다사3045,29170,788,1469
다사3046,5630,210,386
다사3047,17371,448,814
다사3048,24445,839,1105
다사3049,2189,16,44
다사3052,53,0,0
다사3053,7905,773,775
다사3054,18017,1866,1769
다사3055,20885,1832,2695
다사3056,12912,788,1436
다사3057,3135,47,81
다사3058,12264,232,534
다사3059,2944,122,200
다사3060,53,0,0
다사3062,13,0,0
다사3063,198,0,7
다사3064,53,5,0
다사3065,2482,58,162
다사3066,544,6,14
다사3067,268,5,8
다사3068,7121,707,646
다사3069,10404,241,665
다사3070,1759,33,54
다사3071,241,6,11
다사3123,195,0,0
다사3124,318,0,0
다사3125,528,0,0
다사3126,1988,13,11
다사3127,3129,91,158
다사3128,18686,551,1273
다사3129,15662,419,882
다사3130,22815,1202,2087
다사3131,6980,462,733
다사3132,9610,319,851
다사3133,21004,650,1589
다사3134,13184,272,786
다사3135,4975,97,236
다사3136,2007,38,108
다사3137,326,1,9
다사3138,268,15,15
다사3139,24910,383,691
다사3140,36590,891,1851
다사3141,48,0,0
다사3142,1403,46,91
다사3143,30000,931,1215
다사3144,36804,1071,1711
다사3145,26488,771,1105
다사3146,18853,400,695
다사3147,14850,461,749
다사3148,23809,546,888
다사3149,28014,395,753
다사3150,2604,58,72
다사3151,28,0,0
다사3152,440,9,11
다사3153,259,0,2
다사3154,2111,238,191
다사3155,14927,696,1068
다사3156,24079,1035,2018
다사3157,8038,352,471
다사3158,14864,432,945
다사3159,23,0,0
다사3160,28,0,0
다사3162,296,5,8
다사3163,1072,11,33
다사3164,148,5,0
다사3165,11049,276,716
다사3166,2321,44,108
다사3167,5631,691,505
다사3168,5748,550,646
다사3169,12946,732,1011
다사3170,12140,559,1026
다사3222,324,13,2
다사3223,261,5,0
다사3224,318,0,0
다사3225,326,0,0
다사3226,1374,23,50
다사3227,14208,284,582
다사3228,15296,346,646
다사3229,10229,249,544
다사3230,10588,562,1123
다사3231,5942,406,719
다사3232,15165,538,922
다사3233,13009,472,913
다사3234,17310,567,1119
다사3235,923,23,53
다사3236,4664,228,479
다사3237,2550,56,123
다사3238,20878,324,868
다사3239,14610,269,449
다사3240,25799,574,1192
다사3241,3033,58,127
다사3242,5418,133,246
다사3243,34251,1169,1701
다사3244,35464,1076,1740
다사3245,24933,511,1353
다사3246,24798,695,1396
다사3247,25039,695,1227
다사3248,29981,582,1290
다사3249,31759,670,1171
다사3250,9794,158,297
다사3251,543,6,11
다사3252,275,5,8
다사3253,7158,198,361
다사3254,88,0,0
다사3255,1209,51,76
다사3256,7308,502,683
다사3257,1505,24,28
다사3258,193,0,2
다사3259,23,0,0
다사3262,235,5,2
다사3263,10297,233,610
다사3264,2646,62,159
다사3265,337,9,11
다사3266,4161,92,158
다사3267,2444,43,103
다사3268,16869,1022,1988
다사3269,18695,1381,2458
다사3322,50,0,0
다사3323,150,0,0
다사3324,228,0,0
다사3325,154,0,0
다사3326,9116,258,438
다사3327,35538,701,1123
다사3328,4538,54,68
다사3329,143,5,7
다사3330,13,0,0
다사3331,28,5,0
다사3332,2002,66,111
다사3333,5,0,0
다사3335,3618,99,185
다사3336,16399,892,2023
다사3337,17408,561,1484
다사3338,2052,48,98
다사3339,2741,40,69
다사3340,579,29,29
다사3341,117,8,2
다사3342,7236,244,442
다사3343,13896,505,550
다사3344,25313,1172,1792
다사3345,14666,345,997
다사3346,14804,376,872
다사3347,10768,402,696
다사3348,9948,322,593
다사3349,9328,277,460
다사3350,9413,214,413
다사3351,3557,63,134
다사3352,8765,331,656
다사3353,139,5,2
다사3354,58,0,0
다사3355,130,0,2
다사3356,231,6,9
다사3357,1074,81,128
다사3358,8815,663,1075
다사3359,5,0,0
다사3360,5,0,0
다사3361,6002,1058,419
다사3362,9545,550,763
다사3363,12068,593,676
다사3364,10287,260,351
다사3365,549,10,25
다사3366,6525,204,467
다사3367,10824,365,819
다사3368,13387,343,977
다사3369,17306,541,1450
다사3422,495,5,2
다사3423,328,0,0
다사3424,224,0,0
다사3425,182,0,4
다사3426,4568,90,123
다사3427,8368,225,334
다사3428,3275,155,283
다사3429,241,0,2
다사3430,23,0,0
다사3431,334,6,11
다사3434,58,0,0
다사3435,271,3,36
다사3436,2923,98,171
다사3437,1916,86,161
다사3438,53,0,0
다사3439,1370,21,39
다사3441,8,0,0
다사3442,8936,272,466
다사3443,23909,533,810
다사3444,27369,858,1495
다사3445,25076,710,1119
다사3446,11195,366,894
다사3447,48,0,0
다사3448,93,0,0
다사3449,28,0,0
다사3451,13804,391,972
다사3452,8,0,0
다사3453,18,0,0
다사3454,2274,132,257
다사3455,11395,976,1655
다사3456,159,0,7
다사3457,168,6,9
다사3458,43,0,4
다사3460,163,0,4
다사3461,8,0,0
다사3462,2357,139,244
다사3463,17739,437,856
다사3464,23040,511,1423
다사3465,9279,170,380
다사3466,13025,470,969
다사3467,14915,476,1207
다사3468,20071,916,1886
다사3523,262,0,0
다사3524,104,0,0
다사3525,116,0,0
다사3526,5011,142,302
다사3527,0,0,0
다사3528,1216,16,35
다사3529,3875,186,169
다사3530,18,0,0
다사3531,1306,46,41
다사3532,13,0,0
다사3533,23,0,0
다사3534,195,0,4
다사3535,154,0,0
다사3536,68,0,2
다사3537,930,15,27
다사3538,360,1,11
다사3539,5,0,0
다사3540,161,0,0
다사3541,219,6,11
다사3542,24404,571,1060
다사3543,33501,1084,1800
다사3544,29397,674,1471
다사3545,33525,1268,1864
다사3546,26198,801,1313
다사3547,254,0,0
다사3548,8,0,0
다사3550,0,0,0
다사3551,8,0,0
다사3552,5,0,0
다사3553,28,0,0
다사3554,355,19,26
다사3555,10051,320,825
다사3556,11906,373,642
다사3557,178,5,7
다사3559,48,0,0
다사3560,464,0,4
다사3561,2743,57,85
다사3562,13020,118,174
다사3563,24247,530,1022
다사3564,26456,631,2281
다사3565,34404,971,1683
다사3566,26312,761,1378
다사3567,12988,568,1164
다사3623,487,5,7
다사3624,179,0,0
다사3625,1249,10,16
다사3626,12020,339,671
다사3627,15681,344,896
다사3628,501,11,29
다사3629,123,0,7
다사3630,1629,321,136
다사3631,18519,557,1092
다사3632,18,0,0
다사3634,5139,101,153
다사3635,93,5,0
다사3636,148,0,0
다사3637,10983,161,348
다사3638,13761,231,416
다사3639,1663,31,43
다사3640,160,5,4
다사3641,360,9,11
다사3642,26032,445,747
다사3643,30787,794,847
다사3644,29999,914,1586
다사3645,19021,505,740
다사3646,3188,64,161
다사3647,8738,185,357
다사3648,4648,125,266
다사3649,291,0,7
다사3651,5,0,0
다사3653,291,5,7
다사3654,88,0,0
다사3655,18,0,0
다사3656,1210,39,88
다사3658,8,0,0
다사3659,421,5,8
다사3660,9112,195,270
다사3661,21429,487,1066
다사3662,6579,141,557
다사3663,10058,192,380
다사3664,21124,537,1176
다사3665,21712,360,829
다사3666,9157,188,288
다사3724,675,0,4
다사3725,28658,868,863
다사3726,22948,542,953
다사3727,1363,46,84
다사3728,38,0,0
다사3729,23,0,0
다사3730,13677,1291,1618
다사3731,16852,1590,1777
다사3732,0,0,0
다사3733,332,0,2
다사3734,23,5,4
다사3735,2509,30,71
다사3736,1759,30,60
다사3737,22110,601,1122
다사3738,32765,1096,1699
다사3739,10264,485,597
다사3740,38,0,0
다사3741,12548,334,492
다사3742,24134,856,880
다사3743,20715,431,773
다사3744,16013,444,632
다사3745,1346,45,32
다사3746,11601,279,594
다사3747,14571,250,590
다사3748,3750,123,225
다사3749,28,0,0
다사3754,18,0,0
다사3755,18,0,0
다사3756,98,0,0
다사3758,98,0,2
다사3759,188,5,8
다사3760,19665,496,689
다사3761,20258,511,1001
다사3762,15226,310,914
다사3763,11474,344,786
다사3764,11483,445,714
다사3765,2425,45,105
다사3825,28186,1437,1517
다사3826,17751,745,953
다사3827,19992,947,1224
다사3828,1668,93,102
다사3829,5105,469,433
다사3830,11238,645,802
다사3831,5294,244,317
다사3832,2839,56,127
다사3833,5115,114,225
다사3835,2785,74,181
다사3836,119,0,4
다사3837,20209,1388,2596
다사3838,12468,536,1123
다사3839,1713,125,224
다사3840,8617,670,764
다사3841,29904,961,1919
다사3842,28411,753,1117
다사3843,15904,292,600
다사3844,13,0,0
다사3845,4700,129,204
다사3846,18612,373,806
다사3847,30233,592,1127
다사3848,6332,118,277
다사3849,8,0,0
다사3851,4167,63,66
다사3852,11917,361,426
다사3853,2050,39,55
다사3854,519,6,11
다사3857,48,0,0
다사3858,327,0,7
다사3859,88,0,2
다사3860,215,6,11
다사3861,358,9,14
다사3862,3598,51,81
다사3863,19137,540,1263
다사3864,5784,156,265
다사3926,24206,602,1151
다사3927,24210,593,1270
다사3928,67,0,0
다사3929,5206,115,299
다사3930,3485,84,211
다사3931,38,0,0
다사3932,3317,50,128
다사3933,3594,76,160
다사3934,3238,64,107
다사3935,4902,71,196
다사3936,113,0,0
다사3937,83,0,0
다사3938,143,0,0
다사3939,163,0,2
다사3940,13138,764,1757
다사3941,15054,848,1123
다사3942,20896,681,1025
다사3943,24497,575,1069
다사3944,3351,109,161
다사3945,1154,42,48
다사3946,4455,102,156
다사3947,22674,416,838
다사3948,5197,87,191
다사3949,8,0,0
다사3950,4525,96,140
다사3951,27057,1202,2177
다사3952,29365,750,1335
다사3953,20484,584,788
다사3954,92,8,23
다사3955,139,0,7
다사3956,286,5,7
다사3957,18,0,0
다사3958,9732,452,549
다사3959,815,18,11
다사3960,1161,13,67
다사3961,183,0,4
다사3962,144,6,6
다사3963,6045,450,703
다사3964,18420,650,1697
다사4027,7734,262,432
다사4028,38,5,4
다사4029,163,0,4
다사4030,43,0,0
다사4031,53,0,0
다사4032,78,0,2
다사4033,98,0,2
다사4034,111,0,2
다사4035,28,0,0
다사4036,43,0,0
다사4037,156,8,7
다사4038,323,8,8
다사4039,194,5,4
다사4040,9313,374,1210
다사4041,1276,78,107
다사4042,9466,654,1189
다사4043,10105,322,363
다사4044,12996,307,535
다사4045,1770,38,107
다사4046,7502,168,480
다사4047,17225,313,587
다사4048,20254,331,559
다사4049,13647,449,833
다사4050,19935,714,1435
다사4051,11750,390,1142
다사4052,14825,535,708
다사4055,274,5,8
다사4056,468,9,9
다사4057,6780,216,308
다사4058,21975,400,696
다사4059,18239,510,1169
다사4060,4527,42,113
다사4061,916,30,60
다사4062,1320,16,30
다사4063,28,0,0
다사4129,5,0,0
다사4130,5073,372,558
다사4131,470,30,36
다사4132,98,0,0
다사4133,63,0,0
다사4134,23,0,0
다사4135,366,0,0
다사4136,243,0,4
다사4137,298,8,7
다사4138,88,0,0
다사4139,98,5,2
다사4140,188,0,0
다사4141,290,5,7
다사4142,10278,221,847
다사4143,15425,423,757
다사4144,21106,442,637
다사4145,8614,225,471
다사4146,28184,1050,1646
다사4147,30329,704,1206
다사4148,38547,765,1209
다사4149,38283,1008,1614
다사4150,33052,845,2500
다사4151,13688,280,328
다사4152,8212,122,133
다사4153,1478,66,65
다사4155,23,0,2
다사4156,48,0,0
다사4157,21836,669,969
다사4158,35794,1005,1528
다사4159,14615,416,527
다사4160,17431,305,726
다사4161,17354,376,680
다사4162,22300,537,824
다사4230,12241,745,1426
다사4231,3171,185,313
다사4232,644,9,20
다사4233,770,11,26
다사4234,28,0,0
다사4235,294,5,4
다사4236,133,0,4
다사4237,181,0,7
다사4238,303,6,9
다사4239,292,0,2
다사4240,387,5,8
다사4241,29438,1098,1759
다사4242,27054,609,1065
다사4243,21490,383,721
다사4244,31529,1010,1044
다사4245,21707,534,809
다사4246,27646,1047,1578
다사4247,30765,589,1066
다사4248,40757,734,1355
다사4249,30201,611,1178
다사4250,26912,850,940
다사4251,26904,689,951
다사4252,13086,440,556
다사4253,0,0,0
다사4254,53,0,4
다사4255,48,0,0
다사4256,350,5,11
다사4257,12208,249,478
다사4258,11752,179,418
다사4259,58,0,0
다사4260,418,6,9
다사4261,1051,10,15
다사4332,3580,123,185
다사4333,18,0,0
다사4334,88,5,7
다사4335,278,8,7
다사4336,48,0,0
다사4337,8,0,0
다사4338,8,0,0
다사4339,475,11,23
다사4340,5079,144,244
다사4341,21426,955,1384
다사4342,14819,241,558
다사4343,20418,625,1056
다사4344,31544,1465,1401
다사4345,29829,674,1369
다사4346,28283,826,2464
다사4347,26698,534,1146
다사4348,33558,700,1185
다사4349,22175,623,979
다사4350,24808,716,796
다사4351,25200,762,430
다사4352,1141,39,30
다사4353,7303,639,973
다사4354,278,6,11
다사4355,103,0,0
다사4356,13,0,0
다사4357,199,5,4
다사4358,952,47,87
다사4359,53,0,2
다사4360,93,0,0
다사4361,1200,51,13
다사4439,146,9,9
다사4440,19744,523,750
다사4441,31817,1056,2792
다사4442,14439,440,814
다사4443,16614,646,949
다사4444,11962,428,651
다사4445,8689,332,588
다사4446,24237,540,1952
다사4447,35332,1062,3695
다사4448,29279,670,2353
다사4449,34823,820,1441
다사4450,36214,1526,2530
다사4451,1355,62,76
다사4453,5067,431,551
다사4454,2772,201,175
다사4455,1828,50,42
다사4456,2011,145,167
다사4457,464,5,8
다사4458,9577,528,1147
다사4459,15681,548,1098
다사4460,2879,108,90
다사4542,9555,57,119
다사4543,33410,419,802
다사4544,28211,498,767
다사4545,34434,1488,2162
다사4546,18711,1002,1302
다사4547,17326,619,702
다사4548,14288,347,1450
다사4549,12297,336,1016
다사4550,1248,86,58
다사4553,10333,295,812
다사4554,7286,211,518
다사4555,2134,65,87
다사4557,28,0,0
다사4558,550,6,11
다사4649,8063,348,264
다사4652,4210,208,293
다사4653,11680,421,547
다사4654,13014,764,787
다사4655,9983,655,1041
