학교ID,학교명,gu,iso_park_count,iso_park_area,buf_park_count,buf_park_area,access_ratio,iso_child_total,iso_child_6_12,child_pop_quartile,expected_park_count,gap_count,expected_park_area,gap_area,case_type,priority_score,redev_완료수,redev_진행중수,redev_예정수,redev_status,nearest_park_dist_m,iso_green_ratio,iso_green_ratio_raw,iso_playground_count,is_separate_bundle_tag,is_low_access_tag,is_case_conflict_tag,isochrone_area_m2,iso_park_count_raw,iso_park_area_raw,green_bucket,case_label,priority_rank,is_island_tag,student_slope,is_new_school
B000002949,인천신흥초등학교,중구,0,0.0,5,9785.0,0.0,130,85,Q2,1.9852941176470589,-0.9852941176470588,128374.85739705882,-128374.85739705882,2,3.0,0,0,1,예정만,121.0,0.0,0.0,1,0,0,1,386968.539550636,0,0.0,low,접근 가능하나 녹지 부족,,0,-18.31428571428572,0
B000002950,인천신광초등학교,중구,0,0.0,9,494.0,0.0,311,188,Q3,2.485294117647059,0.5147058823529411,144452.72647058824,-144452.72647058824,2,3.0,0,0,2,예정만,61.3,0.0,0.0,1,0,0,1,294963.7167330292,0,0.0,low,접근 가능하나 녹지 부족,,0,-4.228571428571429,0
B000002951,인천신선초등학교,중구,0,0.0,1,0.0,0.0,124,83,Q2,1.9852941176470589,-1.9852941176470589,128374.85739705882,-128374.85739705882,1,4.0,0,0,1,예정만,579.7,0.0,0.0,0,0,0,0,273568.4092858165,0,0.0,,공원 접근 불가,8,0,-24.942857142857147,0
B000002952,인천송월초등학교,중구,1,12654.398339358473,7,88942.0,0.14285714285714285,79,59,Q1,1.1323529411764706,3.8676470588235294,74437.42647058824,-6325.426470588238,3,2.0,0,0,2,예정만,374.4,4.067352815985349,4.067352815985349,4,0,1,0,311121.23565048643,1,12654.398339358473,middle,"접근 가능, 중간 수준",,0,-20.62857142857143,0
B000002953,인천운서초등학교,중구,6,22817.269955904318,10,131508.0,0.6,102,53,Q1,1.1323529411764706,5.867647058823529,74437.42647058824,10413.573529411762,4,1.0,0,0,0,없음,76.3,6.290111726408025,6.290111726408025,1,0,0,0,362748.2459510166,6,22817.269955904318,high,접근 양호,,0,126.39999999999998,0
B000002954,인천용유초등학교,중구,0,0.0,0,0.0,0.0,0,0,Q1,1.1323529411764706,-1.1323529411764706,74437.42647058824,-74437.42647058824,1,4.0,0,0,0,없음,4482.3,0.0,0.0,0,0,0,0,229981.73382283913,0,0.0,,공원 접근 불가,10,0,-1.9714285714285715,0
B000002955,인천연안초등학교,중구,0,0.0,1,0.0,0.0,18,12,Q1,1.1323529411764706,-1.1323529411764706,74437.42647058824,-74437.42647058824,2,3.0,0,0,0,없음,416.6,0.0,0.0,0,0,0,1,287553.6528885932,0,0.0,low,접근 가능하나 녹지 부족,,0,-15.971428571428572,0
B000002956,인천운남초등학교,중구,3,14043.415532437675,18,70254.0,0.16666666666666666,34,23,Q1,1.1323529411764706,1.8676470588235288,74437.42647058824,-60371.42647058824,4,1.0,0,0,0,없음,222.8,5.141054610911069,5.141054610911069,0,0,1,0,273162.15436873137,3,14043.415532437675,high,접근 양호,,0,-14.085714285714284,0
B000002957,인천공항초등학교,중구,5,24469.632908199437,14,479840.0,0.35714285714285715,187,135,Q2,1.9852941176470589,8.014705882352942,128374.85739705882,351465.1426029412,4,1.0,0,0,0,없음,49.8,7.831805790673083,7.831805790673083,4,0,1,0,312439.2197944998,5,24469.632908199437,high,접근 양호,,0,-25.97142857142858,0
B000002958,인천삼목초등학교,중구,1,1976.4483268797833,20,530422.0,0.05,86,62,Q1,1.1323529411764706,5.867647058823529,74437.42647058824,-72437.42647058824,3,2.0,0,0,0,없음,303.7,1.6223493043957167,1.6223493043957167,3,0,1,0,121826.3120971941,1,1976.4483268797833,middle,"접근 가능, 중간 수준",,0,-55.25714285714287,0
B000002959,인천영종초등학교,중구,1,16913.799412419932,15,1797745.2,0.06666666666666667,439,284,Q4,2.8823529411764706,-0.8823529411764706,131177.18088235296,-114236.18088235296,4,1.0,0,0,0,없음,235.0,7.003628946502541,7.003628946502541,3,0,1,0,241500.50697454944,1,16913.799412419932,high,접근 양호,,0,-26.51428571428572,0
B000002960,인성초등학교,중구,1,65539.06599202321,5,68112.0,0.2,74,54,Q1,1.1323529411764706,2.867647058823529,74437.42647058824,-6325.426470588238,4,1.0,0,1,0,진행중포함,182.1,18.438215821402284,18.438215821402284,3,0,1,0,355452.32047858066,1,65539.06599202321,high,접근 양호,,0,14.542857142857144,0
B000002962,인천영종초등학교금산분교장,중구,1,90883.87413640408,0,0.0,0.0,2,1,Q1,1.1323529411764706,-1.1323529411764706,74437.42647058824,-74437.42647058824,,,0,0,0,없음,1587.3,40.32457371083639,40.32457371083639,0,1,0,0,225380.86772627413,1,90883.87413640408,,별도 묶음,,0,-2.771428571428572,0
B000002963,인천만석초등학교,동구,3,3597.818399806346,4,21851.6,0.75,123,79,Q2,1.9852941176470589,1.0147058823529411,128374.85739705882,-106889.85739705882,3,2.0,0,0,0,없음,110.6,1.5931700754602478,1.5931700754602478,0,0,0,0,225827.6410801263,3,3597.818399806346,middle,"접근 가능, 중간 수준",,0,-45.68571428571428,0
B000002964,인천송현초등학교,동구,2,505.86524793367755,4,95203.5,0.5,328,201,Q3,2.485294117647059,-0.4852941176470589,144452.72647058824,-143402.92647058825,2,3.0,0,0,1,예정만,182.0,0.22630030778970603,0.22630030778970603,0,0,1,0,223537.14534218077,2,505.86524793367755,low,접근 가능하나 녹지 부족,,0,-69.91428571428571,0
B000002965,인천창영초등학교,동구,1,1027.1481515571525,4,1028.8,0.25,190,121,Q2,1.9852941176470589,-0.9852941176470588,128374.85739705882,-127346.05739705882,2,3.0,0,1,0,진행중포함,43.4,0.37870403938441494,0.37870403938441494,0,0,1,0,271227.1443491298,1,1027.1481515571525,low,접근 가능하나 녹지 부족,,0,15.657142857142857,0
B000002966,인천송림초등학교,동구,3,7865.572830321664,7,88751.3,0.42857142857142855,480,301,Q4,2.8823529411764706,2.117647058823529,131177.18088235296,-52210.88088235296,3,2.0,0,1,2,진행중포함,354.2,1.9298303990711887,1.9298303990711887,2,0,1,0,407578.4501118491,3,7865.572830321664,middle,"접근 가능, 중간 수준",,0,27.0,0
B000002967,인천서흥초등학교,동구,2,19076.7544597177,2,81434.7,1.0,386,259,Q3,2.485294117647059,-0.4852941176470589,144452.72647058824,-63018.02647058824,3,2.0,0,0,0,없음,505.5,4.843509177887032,4.843509177887032,0,0,0,1,393862.25480509736,2,19076.7544597177,middle,"접근 가능, 중간 수준",,0,-58.14285714285715,0
B000002968,인천서림초등학교,동구,0,0.0,0,0.0,0.0,408,270,Q3,2.485294117647059,-2.485294117647059,144452.72647058824,-144452.72647058824,1,4.0,0,0,2,예정만,728.0,0.0,0.0,0,0,0,0,387164.06439021387,0,0.0,,공원 접근 불가,5,0,-36.00000000000001,0
B000002969,인천동명초등학교,동구,1,549.5762026233889,2,74352.5,0.5,391,253,Q3,2.485294117647059,-1.4852941176470589,144452.72647058824,-71129.02647058824,2,3.0,0,0,1,예정만,650.3,0.15236070488256429,0.15236070488256429,0,0,1,1,360707.3116700189,1,549.5762026233889,low,접근 가능하나 녹지 부족,,0,29.17142857142857,0
B000002970,영화초등학교,동구,1,1027.1481515571525,4,1028.8,0.25,226,143,Q2,1.9852941176470589,-0.9852941176470588,128374.85739705882,-127346.05739705882,2,3.0,0,1,1,진행중포함,305.1,0.3655023975885281,0.3655023975885281,0,0,1,0,281023.6426173833,1,1027.1481515571525,low,접근 가능하나 녹지 부족,,0,33.542857142857144,0
B000002971,인천숭의초등학교,미추홀구,1,19159.9082806182,0,0.0,0.0,239,153,Q3,2.485294117647059,-2.485294117647059,144452.72647058824,-144452.72647058824,4,1.0,0,1,0,진행중포함,1115.2,6.353971378591619,6.353971378591619,0,0,1,1,301542.2503345469,1,19159.9082806182,high,접근 양호,,0,-27.200000000000003,0
B000002972,인천용정초등학교,미추홀구,1,60988.354332343464,1,332694.0,1.0,366,238,Q3,2.485294117647059,-1.4852941176470589,144452.72647058824,188241.27352941176,4,1.0,0,0,2,예정만,887.7,15.45015300334456,15.45015300334456,0,0,0,1,394742.72079468117,1,60988.354332343464,high,접근 양호,,0,-1.6285714285714283,0
B000002973,인천용일초등학교,미추홀구,1,3433.777835966103,1,3439.3,1.0,366,222,Q3,2.485294117647059,-1.4852941176470589,144452.72647058824,-141013.42647058825,2,3.0,0,0,2,예정만,331.7,0.8928494114542572,0.8928494114542572,0,0,0,0,384586.44782810874,1,3433.777835966103,low,접근 가능하나 녹지 부족,,0,-44.62857142857143,0
B000002974,인천용현초등학교,미추홀구,5,13416.4793620459,9,63374.5,0.5555555555555556,685,441,Q4,2.8823529411764706,2.117647058823529,131177.18088235296,-70319.98088235296,3,2.0,0,0,0,없음,299.0,3.7456002052796262,3.7456002052796262,0,0,0,0,358193.0432173366,5,13416.4793620459,middle,"접근 가능, 중간 수준",,0,40.88571428571429,0
B000002975,인천용현남초등학교,미추홀구,3,6964.348298386527,6,65948.7,0.5,27,17,Q1,1.1323529411764706,-1.1323529411764706,74437.42647058824,-74437.42647058824,3,2.0,0,0,0,없음,992.7,3.1688528564512604,3.1688528564512604,1,0,1,1,219775.06100380348,3,6964.348298386527,middle,"접근 가능, 중간 수준",,0,-8.142857142857142,0
B000002976,인천학산초등학교,미추홀구,5,10719.647273896957,7,21248.1,0.7142857142857143,302,218,Q3,2.485294117647059,2.514705882352941,144452.72647058824,-130822.82647058825,3,2.0,0,0,0,없음,74.1,3.6408655339437614,3.6408655339437614,0,0,0,0,294425.79446996236,5,10719.647273896957,middle,"접근 가능, 중간 수준",,0,-35.857142857142854,0
B000002977,인천백학초등학교,미추홀구,5,90116.80527751536,6,219061.7,0.8333333333333334,362,206,Q3,2.485294117647059,2.514705882352941,144452.72647058824,71458.97352941177,4,1.0,0,0,1,예정만,56.9,28.690412983806347,28.690412983806347,0,0,0,0,314100.76016814314,5,90116.80527751536,high,접근 양호,,0,-19.77142857142857,0
B000002978,인천도화초등학교,미추홀구,1,59595.39770837352,1,332694.0,1.0,241,149,Q3,2.485294117647059,-1.4852941176470589,144452.72647058824,188241.27352941176,4,1.0,0,0,0,없음,605.3,20.541508268734653,20.541508268734653,0,0,0,1,290121.820309958,1,59595.39770837352,high,접근 양호,,0,-27.97142857142857,0
B000002979,인천문학초등학교,미추홀구,4,5815.529677429101,8,12902.6,0.5,276,183,Q3,2.485294117647059,1.5147058823529411,144452.72647058824,-137547.02647058823,3,2.0,0,0,1,예정만,241.4,1.641288499542775,1.641288499542775,1,0,1,0,354327.0838155006,4,5815.529677429101,middle,"접근 가능, 중간 수준",,0,-42.11428571428572,0
B000002980,인천관교초등학교,미추홀구,4,6578.869634218652,7,361576.5,0.5714285714285714,510,331,Q4,2.8823529411764706,1.1176470588235294,131177.18088235296,-124587.48088235296,3,2.0,0,0,1,예정만,201.4,1.581939100805698,1.581939100805698,0,0,0,0,415873.76093478984,4,6578.869634218652,middle,"접근 가능, 중간 수준",,0,-54.17142857142858,0
B000002981,인천경원초등학교,미추홀구,2,2680.0492394304106,5,6477.2,0.4,595,388,Q4,2.8823529411764706,-0.8823529411764706,131177.18088235296,-128687.98088235296,2,3.0,0,1,1,진행중포함,73.2,0.6775547456040103,0.6775547456040103,0,0,1,0,395547.2612093159,2,2680.0492394304106,low,접근 가능하나 녹지 부족,,0,-80.1142857142857,0
B000002982,인천석암초등학교,미추홀구,0,0.0,0,0.0,0.0,531,318,Q4,2.8823529411764706,-2.8823529411764706,131177.18088235296,-131177.18088235296,1,4.0,0,0,1,예정만,947.1,0.0,0.0,0,0,0,0,236063.3926770427,0,0.0,,공원 접근 불가,1,0,18.142857142857142,0
B000002983,인천남부초등학교,미추홀구,2,2248.955341433035,4,15656.1,0.5,631,381,Q4,2.8823529411764706,-0.8823529411764706,131177.18088235296,-126286.38088235295,2,3.0,0,0,1,예정만,305.0,0.5679379393550716,0.5679379393550716,0,0,1,0,395986.1079164497,2,2248.955341433035,low,접근 가능하나 녹지 부족,,0,-67.34285714285716,0
B000002984,인천승학초등학교,미추홀구,1,114431.70804602889,3,1204153.1,0.3333333333333333,127,89,Q2,1.9852941176470589,-0.9852941176470588,128374.85739705882,223395.9426029412,4,1.0,0,0,0,없음,346.7,71.40706740880222,71.40706740880222,0,0,1,0,160252.63632647527,1,114431.70804602889,high,접근 양호,,0,-36.02857142857143,0
B000002985,인천서화초등학교,미추홀구,3,21214.38713434343,7,47825.4,0.42857142857142855,298,176,Q3,2.485294117647059,2.514705882352941,144452.72647058824,-120244.62647058823,4,1.0,0,0,0,없음,218.1,5.871133013963102,5.871133013963102,2,0,1,0,361333.78487406136,3,21214.38713434343,high,접근 양호,,0,94.68571428571433,0
B000002986,인천대화초등학교,미추홀구,1,1849.371399480401,2,22554.8,0.5,654,407,Q4,2.8823529411764706,-1.8823529411764703,131177.18088235296,-128798.38088235295,2,3.0,0,1,3,진행중포함,254.6,0.6191373845421765,0.6191373845421765,0,0,1,0,298701.297265053,1,1849.371399480401,low,접근 가능하나 녹지 부족,,0,-38.82857142857143,0
B000002987,인천주안북초등학교,미추홀구,1,1278.0071013183992,1,2105.3,1.0,271,151,Q3,2.485294117647059,-2.485294117647059,144452.72647058824,-144452.72647058824,2,3.0,0,0,2,예정만,279.4,0.3848197888182731,0.3848197888182731,0,0,0,0,332105.3486472142,1,1278.0071013183992,low,접근 가능하나 녹지 부족,,0,-12.171428571428573,0
B000002989,인천주안남초등학교,미추홀구,1,1483.5538521874096,2,1653.2,0.5,572,345,Q4,2.8823529411764706,-1.8823529411764703,131177.18088235296,-129523.98088235296,2,3.0,0,0,2,예정만,60.5,0.42634081859690487,0.42634081859690487,0,0,1,0,347973.68384050374,1,1483.5538521874096,low,접근 가능하나 녹지 부족,,0,-46.05714285714286,0
B000002990,인천학익초등학교,미추홀구,1,2116.081262139109,2,14798.3,0.5,53,33,Q1,1.1323529411764706,-1.1323529411764706,74437.42647058824,-74437.42647058824,2,3.0,0,0,0,없음,50.0,0.8526816371937526,0.8526816371937526,0,0,1,0,248167.80024761782,1,2116.081262139109,low,접근 가능하나 녹지 부족,,0,-35.45714285714285,0
B000002991,인천인주초등학교,미추홀구,5,6593.24428747669,9,299002.9,0.5555555555555556,485,294,Q4,2.8823529411764706,2.117647058823529,131177.18088235296,-121120.28088235296,3,2.0,0,0,1,예정만,222.5,1.7580052858313662,1.7580052858313662,0,0,0,0,375041.2095239363,5,6593.24428747669,middle,"접근 가능, 중간 수준",,0,-66.77142857142857,0
B000002992,인천연학초등학교,미추홀구,4,22210.44453795481,8,90254.0,0.5,473,273,Q4,2.8823529411764706,1.1176470588235294,131177.18088235296,-49057.18088235296,4,1.0,0,0,1,예정만,121.4,6.138000437508128,6.138000437508128,0,0,1,0,361851.46553967474,4,22210.44453795481,high,접근 양호,,0,32.57142857142857,0
B000002993,연평초등학교,옹진군,0,0.0,0,0.0,0.0,0,0,Q1,1.1323529411764706,-1.1323529411764706,74437.42647058824,-74437.42647058824,,,0,0,0,없음,2553.0,0.0,0.0,0,1,0,0,16688.2642213652,0,0.0,,별도 묶음,,1,-5.342857142857143,0
B000002994,대청초등학교,옹진군,0,0.0,0,0.0,0.0,0,0,Q1,1.1323529411764706,-1.1323529411764706,74437.42647058824,-74437.42647058824,,,0,0,0,없음,2553.0,0.0,0.0,0,1,0,0,16688.2642213652,0,0.0,,별도 묶음,,1,-4.542857142857143,0
B000002995,영흥초등학교,옹진군,0,0.0,0,0.0,0.0,0,0,Q1,1.1323529411764706,-1.1323529411764706,74437.42647058824,-74437.42647058824,,,0,0,0,없음,13519.0,0.0,0.0,0,1,0,0,37509.70393895965,0,0.0,,별도 묶음,,1,-15.45714285714286,0
B000002996,덕적초등학교,옹진군,0,0.0,0,0.0,0.0,0,0,Q1,1.1323529411764706,-1.1323529411764706,74437.42647058824,-74437.42647058824,,,0,0,0,없음,12865.0,0.0,0.0,0,1,0,0,9895.053231608046,0,0.0,,별도 묶음,,1,-3.1428571428571423,0
B000002997,북포초등학교,옹진군,0,0.0,0,0.0,0.0,0,0,Q1,1.1323529411764706,-1.1323529411764706,74437.42647058824,-74437.42647058824,,,0,0,0,없음,2553.0,0.0,0.0,0,1,0,0,16688.2642213652,0,0.0,,별도 묶음,,1,-9.142857142857144,0
B000002998,백령초등학교,옹진군,0,0.0,0,0.0,0.0,0,0,Q1,1.1323529411764706,-1.1323529411764706,74437.42647058824,-74437.42647058824,,,0,0,0,없음,2553.0,0.0,0.0,0,1,0,0,16688.2642213652,0,0.0,,별도 묶음,,1,-5.885714285714286,0
B000002999,인천공항초등학교신도분교장,옹진군,0,0.0,0,0.0,0.0,0,0,Q1,1.1323529411764706,-1.1323529411764706,74437.42647058824,-74437.42647058824,,,0,0,0,없음,6831.7,0.0,0.0,0,1,0,0,65973.12538607008,0,0.0,,별도 묶음,,1,-1.2285714285714286,0
B000003000,인천삼목초등학교장봉분교장,옹진군,0,0.0,0,0.0,0.0,3,3,Q1,1.1323529411764706,-1.1323529411764706,74437.42647058824,-74437.42647058824,,,0,0,0,없음,2270.7,0.0,0.0,0,1,0,0,784137.1226365508,0,0.0,,별도 묶음,,1,-1.9142857142857144,0
B000003004,인천남부초등학교이작분교장,옹진군,0,0.0,0,0.0,0.0,0,0,Q1,1.1323529411764706,-1.1323529411764706,74437.42647058824,-74437.42647058824,,,0,0,0,없음,12865.0,0.0,0.0,0,1,0,0,9895.053231608046,0,0.0,,별도 묶음,,1,-1.3142857142857145,0
B000003005,인천용현남초등학교자월분교장,옹진군,0,0.0,0,0.0,0.0,0,0,Q1,1.1323529411764706,-1.1323529411764706,74437.42647058824,-74437.42647058824,,,0,0,0,없음,12865.0,0.0,0.0,0,1,0,0,9895.053231608046,0,0.0,,별도 묶음,,1,-0.5428571428571429,0
B000003006,인천부평서초등학교,부평구,1,1198.0732716434684,1,1200.0,1.0,1075,657,Q4,2.8823529411764706,-1.8823529411764703,131177.18088235296,-129977.18088235296,2,3.0,0,0,0,없음,304.0,0.29122669916582483,0.29122669916582483,0,0,0,0,411388.54201045766,1,1198.0732716434684,low,접근 가능하나 녹지 부족,,0,-29.60000000000001,0
B000003007,인천부곡초등학교,부평구,1,557.5664542121176,1,15020.0,1.0,147,96,Q2,1.9852941176470589,-0.9852941176470588,128374.85739705882,-113354.85739705882,2,3.0,0,0,0,없음,420.0,0.8652766612928748,0.8652766612928748,0,0,0,0,64437.93981210769,1,557.5664542121176,low,접근 가능하나 녹지 부족,,0,-76.94285714285715,0
B000003008,인천마곡초등학교,부평구,3,24134.440039820664,5,224617.0,0.6,281,139,Q3,2.485294117647059,-0.4852941176470589,144452.72647058824,-142096.72647058824,4,1.0,0,0,0,없음,0.0,9.943248646990906,9.943248646990906,0,0,0,0,242721.87990717092,3,24134.440039820664,high,접근 양호,,0,7.2857142857142865,0
B000003009,인천대정초등학교,부평구,1,62392.1087639379,1,113123.0,1.0,257,173,Q3,2.485294117647059,-2.485294117647059,144452.72647058824,-144452.72647058824,4,1.0,0,0,0,없음,1287.1,31.09883670746624,31.09883670746624,0,0,0,1,200625.2174344474,1,62392.1087639379,high,접근 양호,,0,-73.77142857142859,0
B000003010,인천청천초등학교,부평구,4,10239.938594344176,5,18634.0,0.8,264,144,Q3,2.485294117647059,1.5147058823529411,144452.72647058824,-131086.72647058824,4,1.0,0,1,0,진행중포함,113.7,5.088673306687804,5.088673306687804,0,0,0,0,201230.0255331052,4,10239.938594344176,high,접근 양호,,0,140.45714285714286,0
B000003011,인천갈산초등학교,부평구,3,6999.928565024005,7,48912.0,0.42857142857142855,98,62,Q1,1.1323529411764706,0.8676470588235294,74437.42647058824,-67859.42647058824,3,2.0,0,0,0,없음,359.8,2.884655211112265,2.884655211112265,0,0,1,0,242660.83995268794,3,6999.928565024005,middle,"접근 가능, 중간 수준",,0,-18.142857142857142,0
B000003012,인천후정초등학교,부평구,5,26551.70559506974,9,55568.0,0.5555555555555556,119,76,Q2,1.9852941176470589,0.0147058823529411,128374.85739705882,-125255.85739705882,4,1.0,0,0,0,없음,65.9,10.935393515594875,10.935393515594875,0,0,0,0,242805.21370542882,5,26551.70559506974,high,접근 양호,,0,-44.31428571428573,0
B000003013,인천영선초등학교,부평구,2,3769.73621342484,7,56079.0,0.2857142857142857,316,211,Q3,2.485294117647059,-0.4852941176470589,144452.72647058824,-120761.72647058824,3,2.0,0,0,2,예정만,145.9,1.522054343988859,1.522054343988859,0,0,1,0,247674.21927560514,2,3769.73621342484,middle,"접근 가능, 중간 수준",,0,-48.457142857142856,0
B000003014,인천진산초등학교,부평구,2,6903.295737425586,6,79465.0,0.3333333333333333,86,58,Q1,1.1323529411764706,0.8676470588235294,74437.42647058824,-64996.42647058824,3,2.0,0,0,0,없음,152.0,3.314945267010984,3.314945267010984,0,0,1,0,208247.65362265366,2,6903.295737425586,middle,"접근 가능, 중간 수준",,0,-36.28571428571428,0
B000003015,인천구산초등학교,부평구,6,23214.33385831646,9,69665.0,0.6666666666666666,519,377,Q4,2.8823529411764706,3.117647058823529,131177.18088235296,-68431.18088235296,4,1.0,0,0,0,없음,105.0,7.333558879720495,7.333558879720495,0,0,0,0,316549.3621727249,6,23214.33385831646,high,접근 양호,,0,-50.22857142857144,0
B000003016,인천부일초등학교,부평구,7,22274.208622284,11,74883.0,0.6363636363636364,399,248,Q3,2.485294117647059,1.5147058823529411,144452.72647058824,-114348.72647058824,4,1.0,0,0,0,없음,0.0,8.089542979419905,8.089542979419905,0,0,0,0,275345.6985017622,7,22274.208622284,high,접근 양호,,0,-25.31428571428572,0
B000003017,인천부내초등학교,부평구,4,23202.914100326398,8,59749.0,0.5,147,91,Q2,1.9852941176470589,1.0147058823529411,128374.85739705882,-101968.85739705882,4,1.0,0,0,0,없음,263.6,10.593630107424815,10.593630107424815,0,0,1,0,219027.03667238718,4,23202.914100326398,high,접근 양호,,0,-44.97142857142857,0
B000003018,인천부개서초등학교,부평구,1,1161.9747165531194,4,21884.0,0.25,608,360,Q4,2.8823529411764706,-1.8823529411764703,131177.18088235296,-123658.18088235296,2,3.0,0,0,0,없음,576.8,0.5277954968165556,0.5277954968165556,0,0,1,1,220156.2392179681,1,1161.9747165531194,low,접근 가능하나 녹지 부족,,0,39.6,0
B000003019,인천부광초등학교,부평구,6,29559.441281624604,9,50851.0,0.6666666666666666,908,565,Q4,2.8823529411764706,2.117647058823529,131177.18088235296,-90177.18088235296,4,1.0,0,0,3,예정만,117.6,7.340267566053561,7.340267566053561,0,0,0,0,402702.50390227954,6,29559.441281624604,high,접근 양호,,0,-17.485714285714284,0
B000003020,인천일신초등학교,부평구,2,3906.781464888577,2,4523.0,1.0,374,219,Q3,2.485294117647059,-0.4852941176470589,144452.72647058824,-139929.72647058824,3,2.0,0,0,1,예정만,218.4,1.5101638632514265,1.5101638632514265,0,0,0,0,258699.17562966733,2,3906.781464888577,middle,"접근 가능, 중간 수준",,0,-28.342857142857152,0
B000003021,인천금마초등학교,부평구,1,0.0,3,7996.0,0.3333333333333333,42,27,Q1,1.1323529411764706,-1.1323529411764706,74437.42647058824,-74437.42647058824,2,3.0,0,0,0,없음,835.7,0.0,0.0,0,0,1,1,250035.9184573543,0,0.0,low,접근 가능하나 녹지 부족,,0,-19.94285714285715,0
B000003022,인천상정초등학교,부평구,2,3527.406635258396,5,181811.0,0.4,355,190,Q3,2.485294117647059,-0.4852941176470589,144452.72647058824,-75595.72647058824,3,2.0,0,0,1,예정만,465.2,2.0851389467351726,2.0851389467351726,0,0,1,0,169168.9007479079,2,3527.406635258396,middle,"접근 가능, 중간 수준",,0,16.971428571428575,0
B000003023,인천부평북초등학교,부평구,1,14555.472356522463,1,45686.0,1.0,315,200,Q3,2.485294117647059,-1.4852941176470589,144452.72647058824,-98766.72647058824,3,2.0,0,0,1,예정만,827.8,4.923080449423981,4.923080449423981,0,0,0,1,295657.82046534517,1,14555.472356522463,middle,"접근 가능, 중간 수준",,0,-20.65714285714285,0
B000003024,인천갈월초등학교,부평구,7,46524.576771465916,9,115231.0,0.7777777777777778,500,299,Q4,2.8823529411764706,4.117647058823529,131177.18088235296,-22524.18088235296,4,1.0,0,0,0,없음,257.9,15.1688670995702,15.1688670995702,0,0,0,0,306710.95254558703,7,46524.576771465916,high,접근 양호,,0,-43.457142857142856,0
B000003025,인천부개초등학교,부평구,1,1471.6333353321206,5,25364.0,0.2,808,480,Q4,2.8823529411764706,-1.8823529411764703,131177.18088235296,-129703.18088235296,2,3.0,0,0,1,예정만,305.9,0.3857394048790705,0.3857394048790705,0,0,1,0,381509.72307158465,1,1471.6333353321206,low,접근 가능하나 녹지 부족,,0,-24.08571428571428,0
B000003026,인천동수초등학교,부평구,2,7731.2859459207875,3,15790.0,0.6666666666666666,439,258,Q4,2.8823529411764706,-1.8823529411764703,131177.18088235296,-121066.18088235296,3,2.0,0,0,1,예정만,536.8,2.786723768103496,2.786723768103496,0,0,0,1,277432.80602161406,2,7731.2859459207875,middle,"접근 가능, 중간 수준",,0,-6.314285714285715,0
B000003027,인천부원초등학교,부평구,0,0.0,2,61177.0,0.0,505,307,Q4,2.8823529411764706,-2.8823529411764706,131177.18088235296,-131177.18088235296,1,4.0,0,0,2,예정만,752.2,0.0,0.0,7,0,0,0,313961.76241885923,0,0.0,,공원 접근 불가,3,0,-38.77142857142857,0
B000003028,인천부흥초등학교,부평구,1,3749.969340240714,3,11880.0,0.3333333333333333,1273,785,Q4,2.8823529411764706,-1.8823529411764703,131177.18088235296,-127421.18088235296,2,3.0,0,0,1,예정만,162.1,0.8246578175472034,0.8246578175472034,0,0,1,0,454730.3451744779,1,3749.969340240714,low,접근 가능하나 녹지 부족,,0,14.485714285714288,0
B000003029,인천부평동초등학교,부평구,1,1072.1945099375744,1,2582.0,1.0,1211,743,Q4,2.8823529411764706,-1.8823529411764703,131177.18088235296,-128595.18088235296,2,3.0,0,0,0,없음,409.0,0.24046481309516562,0.24046481309516562,0,0,0,0,445884.1591568933,1,1072.1945099375744,low,접근 가능하나 녹지 부족,,0,-22.971428571428568,0
B000003030,인천부평남초등학교,부평구,1,1458.2889735392391,1,113123.0,1.0,513,291,Q4,2.8823529411764706,-1.8823529411764703,131177.18088235296,-18054.18088235296,2,3.0,0,0,0,없음,629.1,0.5329166459149554,0.5329166459149554,0,0,0,1,273642.97676150233,1,1458.2889735392391,low,접근 가능하나 녹지 부족,,0,-37.2,0
B000003031,인천산곡북초등학교,부평구,2,1719.0510845326562,4,220608.0,0.5,385,195,Q3,2.485294117647059,-0.4852941176470589,144452.72647058824,-142096.72647058824,3,2.0,0,0,0,없음,351.9,1.1619185855166512,1.1619185855166512,0,0,1,0,147949.35772270776,2,1719.0510845326562,middle,"접근 가능, 중간 수준",,0,27.399999999999995,0
B000003032,인천산곡초등학교,부평구,1,0.0,2,3841.0,0.5,175,114,Q2,1.9852941176470589,-1.9852941176470589,128374.85739705882,-128374.85739705882,2,3.0,0,0,1,예정만,772.7,0.0,0.0,0,0,1,1,66803.50398619908,0,0.0,low,접근 가능하나 녹지 부족,,0,43.65714285714285,0
B000003033,인천부마초등학교,부평구,0,0.0,0,0.0,0.0,469,305,Q4,2.8823529411764706,-2.8823529411764706,131177.18088235296,-131177.18088235296,1,4.0,0,0,1,예정만,801.4,0.0,0.0,11,0,0,0,284980.49335344636,0,0.0,,공원 접근 불가,4,0,-25.91428571428571,0
B000003034,인천미산초등학교,부평구,0,0.0,1,15020.0,0.0,235,153,Q2,1.9852941176470589,-1.9852941176470589,128374.85739705882,-128374.85739705882,1,4.0,0,0,0,없음,1143.0,0.0,0.0,9,0,0,0,233622.2557099236,0,0.0,,공원 접근 불가,9,0,-24.94285714285714,0
B000003035,인천산곡남초등학교,부평구,1,60207.17385805641,1,15020.0,1.0,253,179,Q3,2.485294117647059,-2.485294117647059,144452.72647058824,-144452.72647058824,4,1.0,0,0,2,예정만,1002.6,19.956388141130965,19.956388141130965,0,0,0,1,301693.74053196964,1,60207.17385805641,high,접근 양호,,0,-40.77142857142857,0
B000003036,인천신촌초등학교,부평구,2,17643.496614670927,4,182726.0,0.5,346,200,Q3,2.485294117647059,-0.4852941176470589,144452.72647058824,-23941.72647058824,3,2.0,0,0,1,예정만,389.6,4.961824795802357,4.961824795802357,0,0,1,0,355584.83704618324,2,17643.496614670927,middle,"접근 가능, 중간 수준",,0,0.8571428571428562,0
B000003037,인천하정초등학교,부평구,3,6458.393798873,7,17020.0,0.42857142857142855,284,156,Q3,2.485294117647059,0.5147058823529411,144452.72647058824,-133340.72647058824,3,2.0,0,0,2,예정만,177.4,4.049777060172664,4.049777060172664,0,0,1,0,159475.292168247,3,6458.393798873,middle,"접근 가능, 중간 수준",,0,85.31428571428572,0
B000003038,인천십정초등학교,부평구,5,5764.303634674483,8,18146.0,0.625,463,259,Q4,2.8823529411764706,2.117647058823529,131177.18088235296,-124143.18088235296,3,2.0,0,0,2,예정만,304.9,1.7703980668222252,1.7703980668222252,0,0,0,0,325593.6471406747,5,5764.303634674483,middle,"접근 가능, 중간 수준",,0,-20.82857142857144,0
B000003039,인천백운초등학교,부평구,2,129616.6260059553,7,185180.0,0.2857142857142857,145,78,Q2,1.9852941176470589,0.0147058823529411,128374.85739705882,42419.14260294118,4,1.0,0,0,0,없음,303.2,59.31219951199762,59.31219951199762,0,0,1,0,218532.8264208724,2,129616.6260059553,high,접근 양호,,0,-12.314285714285717,0
B000003040,인천동암초등학교,부평구,3,3657.7294567274703,4,56688.0,0.75,439,249,Q4,2.8823529411764706,0.1176470588235294,131177.18088235296,-127212.18088235296,3,2.0,0,0,1,예정만,152.1,1.1440424106121787,1.1440424106121787,0,0,0,0,319719.74314922595,3,3657.7294567274703,middle,"접근 가능, 중간 수준",,0,-24.857142857142858,0
B000003041,인천용마초등학교,부평구,1,0.0,1,5268.0,1.0,117,64,Q2,1.9852941176470589,-1.9852941176470589,128374.85739705882,-128374.85739705882,2,3.0,0,0,1,예정만,1060.4,0.0,0.0,0,0,0,1,227161.17887779174,0,0.0,low,접근 가능하나 녹지 부족,,0,-2.457142857142857,0
B000003042,인천마장초등학교,부평구,0,0.0,0,0.0,0.0,591,385,Q4,2.8823529411764706,-2.8823529411764706,131177.18088235296,-131177.18088235296,1,4.0,0,0,0,없음,839.7,0.0,0.0,0,0,0,0,250916.6929964021,0,0.0,,공원 접근 불가,2,0,-36.00000000000001,0
B000003043,인천개흥초등학교,부평구,3,12282.812515256177,6,82639.0,0.5,802,487,Q4,2.8823529411764706,0.1176470588235294,131177.18088235296,-68349.18088235296,3,2.0,0,0,2,예정만,434.5,2.9378360284455685,2.9378360284455685,0,0,1,0,418090.4719095268,3,12282.812515256177,middle,"접근 가능, 중간 수준",,0,-23.542857142857137,0
B000003044,인천삼산초등학교,부평구,4,16127.082299898751,7,43663.0,0.5714285714285714,588,381,Q4,2.8823529411764706,1.1176470588235294,131177.18088235296,-112835.18088235296,4,1.0,0,0,5,예정만,337.0,5.416525258164198,5.416525258164198,0,0,0,0,297738.5229689604,4,16127.082299898751,high,접근 양호,,0,-16.514285714285716,0
B000003045,인천한길초등학교,부평구,7,15579.945660537685,11,95539.0,0.6363636363636364,460,306,Q4,2.8823529411764706,4.117647058823529,131177.18088235296,-96817.18088235296,3,2.0,0,0,1,예정만,149.3,3.8904097845496914,3.8904097845496914,0,0,0,0,400470.55511765426,7,15579.945660537685,middle,"접근 가능, 중간 수준",,0,-59.94285714285715,0
B000003046,인천굴포초등학교,부평구,3,38290.100537410755,7,82860.0,0.42857142857142855,382,271,Q3,2.485294117647059,-0.4852941176470589,144452.72647058824,-122982.72647058824,4,1.0,0,0,0,없음,342.5,13.696262672565721,13.696262672565721,0,0,1,0,279566.0498984711,3,38290.100537410755,high,접근 양호,,0,-53.257142857142846,0
B000003047,한일초등학교,부평구,1,2501.976348945729,3,6347.0,0.3333333333333333,42,26,Q1,1.1323529411764706,-1.1323529411764706,74437.42647058824,-74437.42647058824,3,2.0,0,0,0,없음,67.0,1.1113369767425116,1.1113369767425116,0,0,1,0,225132.1067602179,1,2501.976348945729,middle,"접근 가능, 중간 수준",,0,13.485714285714286,0
B000003048,인천명선초등학교,연수구,2,47630.78573432891,2,4000.0,0.5,98,76,Q1,1.1323529411764706,-1.1323529411764706,74437.42647058824,-74437.42647058824,4,1.0,0,0,0,없음,219.0,20.733643281479043,20.733643281479043,0,0,1,0,229727.0435672854,2,47630.78573432891,high,접근 양호,,0,-35.34285714285715,0
B000003049,인천축현초등학교,연수구,3,4126.0085600643015,3,7418.3,1.0,199,131,Q2,1.9852941176470589,1.0147058823529411,128374.85739705882,-120956.55739705882,3,2.0,0,0,0,없음,295.5,1.406803113191606,1.406803113191606,0,0,0,0,293289.69500953483,3,4126.0085600643015,middle,"접근 가능, 중간 수준",,0,-30.0,0
B000003050,인천송도초등학교,연수구,2,804.2334070682604,6,311367.6,0.3333333333333333,156,102,Q2,1.9852941176470589,-0.9852941176470588,128374.85739705882,-126912.45739705882,2,3.0,0,1,1,진행중포함,459.8,0.2475648078664349,0.2475648078664349,0,0,1,0,324857.72675014334,2,804.2334070682604,low,접근 가능하나 녹지 부족,,0,-26.399999999999995,0
B000003051,인천능허대초등학교,연수구,3,3506.129571099227,5,4780.3,0.6,750,498,Q4,2.8823529411764706,2.117647058823529,131177.18088235296,-126396.88088235295,2,3.0,0,0,0,없음,204.8,0.9494967844212856,0.9494967844212856,2,0,0,0,369261.86887891346,3,3506.129571099227,low,접근 가능하나 녹지 부족,,0,-47.285714285714285,0
B000003052,인천선학초등학교,연수구,2,9017.879458991309,9,933543.8,0.2222222222222222,140,92,Q2,1.9852941176470589,0.0147058823529411,128374.85739705882,-96619.85739705882,3,2.0,0,0,0,없음,302.1,3.8059936509355516,3.8059936509355516,0,0,1,0,236938.89916959326,2,9017.879458991309,middle,"접근 가능, 중간 수준",,0,-6.571428571428572,0
B000003053,인천중앙초등학교,연수구,2,14599.408459742557,15,174074.7,0.13333333333333333,101,63,Q1,1.1323529411764706,11.867647058823527,74437.42647058824,-45888.12647058824,4,1.0,0,0,0,없음,355.5,6.779626375397408,6.779626375397408,12,0,1,0,215342.37510082216,2,14599.408459742557,high,접근 양호,,0,-27.22857142857143,0
B000003054,인천연화초등학교,연수구,4,13963.16949267807,5,47917.1,0.8,427,277,Q4,2.8823529411764706,1.1176470588235294,131177.18088235296,-102261.38088235295,3,2.0,0,0,0,없음,413.5,4.546225604383392,4.546225604383392,0,0,0,0,307137.6281725883,4,13963.16949267807,middle,"접근 가능, 중간 수준",,0,-17.000000000000004,0
B000003055,인천함박초등학교,연수구,2,342684.95152963133,5,1059946.4,0.4,487,297,Q4,2.8823529411764706,-0.8823529411764706,131177.18088235296,916087.719117647,4,1.0,0,0,1,예정만,271.8,88.00570317316378,88.00570317316378,0,0,1,0,389389.4817877312,2,342684.95152963133,high,접근 양호,,0,-10.114285714285716,0
B000003056,인천청학초등학교,연수구,5,67102.55933682085,9,1310878.7,0.5555555555555556,290,182,Q3,2.485294117647059,2.514705882352941,144452.72647058824,125770.67352941178,4,1.0,0,0,0,없음,131.3,22.983394027582886,22.983394027582886,0,0,0,0,291961.05351668067,5,67102.55933682085,high,접근 양호,,0,-18.11428571428572,0
B000003057,인천청량초등학교,연수구,4,12589.729096439673,9,296484.8,0.4444444444444444,352,232,Q3,2.485294117647059,1.5147058823529411,144452.72647058824,-118394.92647058824,3,2.0,0,0,0,없음,296.5,4.218803946326775,4.218803946326775,0,0,1,0,298419.392240336,4,12589.729096439673,middle,"접근 가능, 중간 수준",,0,-64.54285714285714,0
B000003058,인천연성초등학교,연수구,1,18970.791380384097,3,35038.4,0.3333333333333333,201,148,Q2,1.9852941176470589,-0.9852941176470588,128374.85739705882,-109373.55739705882,4,1.0,0,0,0,없음,238.2,7.6772667684826645,7.6772667684826645,0,0,1,0,247103.4542952776,1,18970.791380384097,high,접근 양호,,0,-65.37142857142858,0
B000003059,인천동춘초등학교,연수구,3,80892.70672444161,6,409326.6,0.5,305,205,Q3,2.485294117647059,0.5147058823529411,144452.72647058824,20482.77352941176,4,1.0,0,0,0,없음,388.2,30.753125098681622,30.753125098681622,0,0,1,0,263038.9804771726,3,80892.70672444161,high,접근 양호,,0,-36.971428571428575,0
B000003060,인천동막초등학교,연수구,1,9984.043769794003,4,186288.1,0.25,240,167,Q3,2.485294117647059,-1.4852941176470589,144452.72647058824,-134452.62647058823,3,2.0,0,0,0,없음,360.8,3.8931635353421834,3.8931635353421834,0,0,1,0,256450.6648425821,1,9984.043769794003,middle,"접근 가능, 중간 수준",,0,-39.31428571428572,0
B000003061,인천서면초등학교,연수구,5,31208.27193596734,8,352200.9,0.625,329,222,Q3,2.485294117647059,0.5147058823529411,144452.72647058824,39114.373529411765,4,1.0,0,0,0,없음,594.5,10.739142752943987,10.739142752943987,0,0,0,1,290603.00858196546,5,31208.27193596734,high,접근 양호,,0,-28.22857142857143,0
B000003062,인천연수초등학교,연수구,1,1591.1,9,136698.2,0.1111111111111111,51,33,Q1,1.1323529411764706,-1.1323529411764706,74437.42647058824,-74437.42647058824,3,2.0,0,0,0,없음,373.0,1.8502899806638384,1.8502899806638384,0,0,1,0,85991.9264886876,1,1591.1,middle,"접근 가능, 중간 수준",,0,-22.22857142857143,0
B000003063,인천문남초등학교,연수구,5,117937.74957079378,6,1125973.5,0.8333333333333334,411,250,Q4,2.8823529411764706,2.117647058823529,131177.18088235296,964684.019117647,4,1.0,0,0,0,없음,110.1,43.52993257676413,43.52993257676413,0,0,0,0,270934.83171105996,5,117937.74957079378,high,접근 양호,,0,-12.314285714285717,0
B000003064,인천옥련초등학교,연수구,1,2358.2075563505,5,4780.3,0.2,891,592,Q4,2.8823529411764706,0.1176470588235294,131177.18088235296,-128815.18088235296,2,3.0,0,0,0,없음,242.4,0.5986714586789209,0.5986714586789209,2,0,1,0,393906.79514843086,1,2358.2075563505,low,접근 가능하나 녹지 부족,,0,-48.62857142857142,0
B000003065,인천신정초등학교,연수구,1,1324.2892733523206,3,374249.9,0.3333333333333333,687,512,Q4,2.8823529411764706,-1.8823529411764703,131177.18088235296,-129177.08088235297,2,3.0,0,0,0,없음,270.5,0.6696076274566489,0.6696076274566489,0,0,1,0,197770.93614992558,1,1324.2892733523206,low,접근 가능하나 녹지 부족,,0,-3.9428571428571417,0
B000003066,인천해송초등학교,연수구,5,136302.03655762709,6,1510836.0,0.8333333333333334,246,174,Q3,2.485294117647059,2.514705882352941,144452.72647058824,1362013.4735294117,4,1.0,0,0,0,없음,225.2,50.39116467960481,50.39116467960481,0,0,0,0,270487.966341436,5,136302.03655762709,high,접근 양호,,0,-60.22857142857144,0
B000003067,인천신송초등학교,연수구,7,172901.71547981256,12,2502794.3,0.5833333333333334,79,53,Q1,1.1323529411764706,3.8676470588235294,74437.42647058824,2108427.673529412,4,1.0,0,0,0,없음,0.0,80.32820979165368,80.32820979165368,0,0,0,0,215244.0791700272,7,172901.71547981256,high,접근 양호,,0,-55.02857142857144,0
B000003068,인천먼우금초등학교,연수구,6,160205.27016983888,11,2395545.0,0.5454545454545454,268,194,Q3,2.485294117647059,3.514705882352941,144452.72647058824,1960745.473529412,4,1.0,0,0,0,없음,0.0,54.32504044949318,54.32504044949318,0,0,0,0,294901.33618728584,6,160205.27016983888,high,접근 양호,,0,-29.17142857142857,0
B000003069,인천박문초등학교,연수구,5,172274.86624021677,18,2263980.0,0.2777777777777778,178,114,Q2,1.9852941176470589,3.014705882352941,128374.85739705882,74300.64260294118,4,1.0,0,0,0,없음,0.0,57.1200976308934,57.1200976308934,8,0,1,0,301601.141079006,5,172274.86624021677,high,접근 양호,,0,9.314285714285717,0
B000003070,인천남촌초등학교,남동구,3,5911.254844605778,4,7038.0,0.75,111,70,Q2,1.9852941176470589,1.0147058823529411,128374.85739705882,-121336.85739705882,3,2.0,0,1,0,진행중포함,148.9,1.4402996879079972,1.4402996879079972,0,0,0,0,410418.3937713506,3,5911.254844605778,middle,"접근 가능, 중간 수준",,0,-35.485714285714295,0
B000003071,인천성리초등학교,남동구,4,5533.235356382584,25,132169.0,0.16,571,388,Q4,2.8823529411764706,19.11764705882353,131177.18088235296,-125089.18088235296,3,2.0,0,0,1,예정만,300.9,1.2475575133461103,1.2475575133461103,18,0,1,0,443525.4725484945,4,5533.235356382584,middle,"접근 가능, 중간 수준",,0,-50.34285714285714,0
B000003073,인천정각초등학교,남동구,1,127.108794657645,4,8516.0,0.25,487,320,Q4,2.8823529411764706,-1.8823529411764703,131177.18088235296,-130580.18088235296,2,3.0,0,0,0,없음,335.8,0.0437418978616166,0.0437418978616166,0,0,1,0,290588.20232210966,1,127.108794657645,low,접근 가능하나 녹지 부족,,0,-83.2,0
B000003074,인천간석초등학교,남동구,2,3416.1085564088803,4,5468.0,0.5,795,517,Q4,2.8823529411764706,-0.8823529411764706,131177.18088235296,-127386.18088235296,3,2.0,0,0,0,없음,185.4,1.1467647108099865,1.1467647108099865,0,0,1,0,297890.97311827843,2,3416.1085564088803,middle,"접근 가능, 중간 수준",,0,2.8285714285714283,0
B000003075,인천구월서초등학교,남동구,4,30878.30675464096,8,60037.1,0.5,461,276,Q4,2.8823529411764706,2.117647058823529,131177.18088235296,-79842.68088235296,4,1.0,1,0,0,완료포함,45.2,10.099275952466034,10.099275952466034,0,0,1,0,305747.7278566798,4,30878.30675464096,high,접근 양호,,0,10.914285714285716,0
B000003076,인천상아초등학교,남동구,1,1516.5610830226146,2,2116.0,0.5,208,135,Q2,1.9852941176470589,-1.9852941176470589,128374.85739705882,-128374.85739705882,2,3.0,0,0,0,없음,628.6,0.6372979555441225,0.6372979555441225,0,0,1,1,237967.35417545482,1,1516.5610830226146,low,접근 가능하나 녹지 부족,,0,-55.85714285714285,0
B000003077,상인천초등학교,남동구,1,347.63006255740413,4,40989.0,0.25,553,356,Q4,2.8823529411764706,-1.8823529411764703,131177.18088235296,-127991.18088235296,2,3.0,0,0,2,예정만,473.0,0.11429831034195621,0.11429831034195621,0,0,1,0,304142.7834911723,1,347.63006255740413,low,접근 가능하나 녹지 부족,,0,-51.3142857142857,0
B000003078,인천석정초등학교,남동구,4,5602.363228050237,6,7656.0,0.6666666666666666,463,275,Q4,2.8823529411764706,2.117647058823529,131177.18088235296,-124800.18088235296,3,2.0,0,0,1,예정만,107.8,1.7972298521418855,1.7972298521418855,1,0,0,0,311722.1328909881,4,5602.363228050237,middle,"접근 가능, 중간 수준",,0,-13.742857142857142,0
B000003079,인천만수북초등학교,남동구,1,0.0,6,3651.0,0.16666666666666666,376,254,Q3,2.485294117647059,-2.485294117647059,144452.72647058824,-144452.72647058824,2,3.0,0,0,1,예정만,563.4,0.0,0.0,0,0,1,1,143612.62042964887,0,0.0,low,접근 가능하나 녹지 부족,,0,-79.88571428571431,0
B000003080,인천동부초등학교,남동구,4,1254.619396221896,8,3654.0,0.5,677,457,Q4,2.8823529411764706,3.117647058823529,131177.18088235296,-130259.18088235296,2,3.0,0,0,1,예정만,147.6,0.3881291030188411,0.3881291030188411,1,0,1,0,323247.95704922767,4,1254.619396221896,low,접근 가능하나 녹지 부족,,0,-22.42857142857144,0
B000003081,인천인수초등학교,남동구,3,4064.449662556328,19,23007.0,0.15789473684210525,136,87,Q2,1.9852941176470589,3.014705882352941,128374.85739705882,-109266.85739705882,3,2.0,0,0,0,없음,328.5,2.5304146274430472,2.5304146274430472,2,0,1,0,160623.8605513992,3,4064.449662556328,middle,"접근 가능, 중간 수준",,0,-21.08571428571429,0
B000003082,인천만수초등학교,남동구,6,12531.160574942565,8,17351.0,0.75,236,168,Q2,1.9852941176470589,4.014705882352941,128374.85739705882,-114176.85739705882,3,2.0,0,0,0,없음,132.2,4.308029148461545,4.308029148461545,0,0,0,0,290879.1965675908,6,12531.160574942565,middle,"접근 가능, 중간 수준",,0,-8.942857142857141,0
B000003083,인천도림초등학교,남동구,4,12558.289333258268,13,20331.0,0.3076923076923077,23,16,Q1,1.1323529411764706,2.867647058823529,74437.42647058824,-59475.42647058824,4,1.0,0,0,0,없음,280.4,5.944817711244233,5.944817711244233,1,0,1,0,211247.67727537022,4,12558.289333258268,high,접근 양호,,0,-46.77142857142858,0
B000003084,인천은봉초등학교,남동구,2,53439.538840005196,32,65702.0,0.0625,274,203,Q3,2.485294117647059,-0.4852941176470589,144452.72647058824,-82861.72647058824,4,1.0,0,0,0,없음,372.2,17.16466623640288,17.16466623640288,0,0,1,0,311334.5642962195,2,53439.538840005196,high,접근 양호,,0,-24.42857142857143,0
B000003085,인천장도초등학교,남동구,1,1737.2062438825578,7,1524593.0,0.14285714285714285,149,99,Q2,1.9852941176470589,-0.9852941176470588,128374.85739705882,-126634.85739705882,2,3.0,0,0,0,없음,298.0,0.7533715694877853,0.7533715694877853,0,0,1,0,230590.89488387227,1,1737.2062438825578,low,접근 가능하나 녹지 부족,,0,-24.257142857142856,0
B000003086,인천동방초등학교,남동구,3,3018.1127563646096,3,35100.0,1.0,352,252,Q3,2.485294117647059,0.5147058823529411,144452.72647058824,-109352.72647058824,2,3.0,0,0,0,없음,34.6,0.8446316945807069,0.8446316945807069,0,0,0,0,357328.8541892647,3,3018.1127563646096,low,접근 가능하나 녹지 부족,,0,-77.00000000000001,0
B000003087,인천원동초등학교,남동구,4,30454.659335503464,6,58302.0,0.6666666666666666,229,161,Q2,1.9852941176470589,1.0147058823529411,128374.85739705882,-88742.85739705882,4,1.0,0,0,0,없음,258.7,12.712617691444242,12.712617691444242,0,0,0,0,239562.45735290102,4,30454.659335503464,high,접근 양호,,0,-115.20000000000002,0
B000003088,인천사리울초등학교,남동구,3,6122.060596391505,3,597924.0,1.0,162,117,Q2,1.9852941176470589,1.0147058823529411,128374.85739705882,469549.1426029412,3,2.0,0,0,0,없음,404.2,2.275254713871521,2.275254713871521,0,0,0,0,269071.43886208447,3,6122.060596391505,middle,"접근 가능, 중간 수준",,0,-12.4,0
B000003089,인천고잔초등학교,남동구,5,27710.39561841305,7,611617.0,0.7142857142857143,272,196,Q3,2.485294117647059,2.514705882352941,144452.72647058824,456964.27352941176,4,1.0,0,0,0,없음,80.4,9.5075196551247,9.5075196551247,0,0,0,0,291457.6737527618,5,27710.39561841305,high,접근 양호,,0,-30.82857142857143,0
B000003090,인천약산초등학교,남동구,5,39842.74093457876,5,84491.0,1.0,395,243,Q3,2.485294117647059,2.514705882352941,144452.72647058824,-59961.72647058824,4,1.0,0,0,1,예정만,319.0,11.18747804313446,11.18747804313446,0,0,0,0,356136.9307806551,5,39842.74093457876,high,접근 양호,,0,-6.085714285714286,0
B000003091,인천주원초등학교,남동구,2,1274.456510015601,7,16965.0,0.2857142857142857,137,89,Q2,1.9852941176470589,-1.9852941176470589,128374.85739705882,-128374.85739705882,2,3.0,0,0,1,예정만,513.7,0.5431887195128081,0.5431887195128081,1,0,1,1,234624.99573972652,2,1274.456510015601,low,접근 가능하나 녹지 부족,,0,-3.314285714285714,0
B000003092,인천송천초등학교,남동구,4,208068.9060854602,7,609868.0,0.5714285714285714,381,271,Q3,2.485294117647059,2.514705882352941,144452.72647058824,428780.27352941176,4,1.0,0,0,0,없음,180.7,79.73100343436143,79.73100343436143,1,0,0,0,260963.61154761212,4,208068.9060854602,high,접근 양호,,0,-44.25714285714286,0
B000003093,인천석천초등학교,남동구,1,1516.5610830226146,1,1519.0,1.0,61,35,Q1,1.1323529411764706,-1.1323529411764706,74437.42647058824,-74437.42647058824,2,3.0,0,0,1,예정만,180.0,0.6739300642905627,0.6739300642905627,0,0,0,0,225032.41261674216,1,1516.5610830226146,low,접근 가능하나 녹지 부족,,0,-7.199999999999999,0
B000003094,인천신월초등학교,남동구,3,13028.060034722515,5,161976.0,0.6,352,232,Q3,2.485294117647059,0.5147058823529411,144452.72647058824,-106939.72647058824,3,2.0,0,0,1,예정만,248.3,4.632029933248968,4.632029933248968,0,0,0,0,281260.2729789455,3,13028.060034722515,middle,"접근 가능, 중간 수준",,0,-39.22857142857143,0
B000003095,인천구월초등학교,남동구,3,17720.398666055364,4,128275.0,0.75,1173,803,Q4,2.8823529411764706,0.1176470588235294,131177.18088235296,-4401.180882352957,3,2.0,0,0,0,없음,277.8,4.650734554661782,4.650734554661782,0,0,0,0,381023.65245276946,3,17720.398666055364,middle,"접근 가능, 중간 수준",,0,-47.88571428571429,0
B000003096,인천소래초등학교,남동구,2,3285.715947477912,6,1522431.0,0.3333333333333333,257,172,Q3,2.485294117647059,-0.4852941176470589,144452.72647058824,-141161.72647058824,3,2.0,0,0,0,없음,342.7,1.1555067025257184,1.1555067025257184,0,0,1,0,284352.8246349381,2,3285.715947477912,middle,"접근 가능, 중간 수준",,0,-1.399999999999999,0
B000003097,인천논현초등학교,남동구,3,4570.7170917098265,33,67335.0,0.09090909090909091,313,221,Q3,2.485294117647059,0.5147058823529411,144452.72647058824,-80963.72647058824,3,2.0,0,0,0,없음,0.0,1.3912280110046027,1.3912280110046027,0,0,1,0,328538.3169081912,3,4570.7170917098265,middle,"접근 가능, 중간 수준",,0,-46.31428571428572,0
B000003098,인천논곡초등학교,남동구,4,83369.06887240135,5,224635.0,0.8,103,70,Q1,1.1323529411764706,2.867647058823529,74437.42647058824,147952.57352941175,4,1.0,0,0,0,없음,343.5,30.982071382825172,30.982071382825172,0,0,0,0,269088.10531828017,4,83369.06887240135,high,접근 양호,,0,-42.51428571428571,0
B000003099,인천새말초등학교,남동구,4,10383.140315458448,7,23015.0,0.5714285714285714,678,458,Q4,2.8823529411764706,1.1176470588235294,131177.18088235296,-112926.18088235296,3,2.0,0,0,0,없음,140.8,2.557076312687857,2.557076312687857,0,0,0,0,406055.1601036993,4,10383.140315458448,middle,"접근 가능, 중간 수준",,0,-30.857142857142865,0
B000003100,인천조동초등학교,남동구,4,30000.509003501847,6,2682477.9,0.6666666666666666,428,289,Q4,2.8823529411764706,1.1176470588235294,131177.18088235296,2551300.719117647,4,1.0,0,0,0,없음,287.3,9.002906410584187,9.002906410584187,0,0,0,0,333231.37701656006,4,30000.509003501847,high,접근 양호,,0,-57.25714285714287,0
B000003101,인천인동초등학교,남동구,3,2649.0504068453088,11,13549.0,0.2727272727272727,736,493,Q4,2.8823529411764706,0.1176470588235294,131177.18088235296,-124699.18088235296,2,3.0,0,0,0,없음,215.9,0.774784652553827,0.774784652553827,0,0,1,0,341907.960891271,3,2649.0504068453088,low,접근 가능하나 녹지 부족,,0,-69.8857142857143,0
B000003102,인천장수초등학교,남동구,1,3993.577572144285,4,2672933.9,0.25,61,38,Q1,1.1323529411764706,-0.1323529411764705,74437.42647058824,-70437.42647058824,3,2.0,0,0,0,없음,592.8,1.5948634735743594,1.5948634735743594,0,0,1,1,250402.47258243372,1,3993.577572144285,middle,"접근 가능, 중간 수준",,0,-24.057142857142857,0
B000003103,인천담방초등학교,남동구,1,10362.33540531773,2,11879.0,0.5,121,88,Q2,1.9852941176470589,-0.9852941176470588,128374.85739705882,-117995.85739705882,3,2.0,0,0,0,없음,21.6,4.546392647853176,4.546392647853176,0,0,1,0,227924.33931571798,1,10362.33540531773,middle,"접근 가능, 중간 수준",,0,-47.057142857142864,0
B000003104,인천남동초등학교,남동구,7,11159.343559070703,8,17692.0,0.875,352,254,Q3,2.485294117647059,4.514705882352941,144452.72647058824,-127578.72647058824,3,2.0,0,0,0,없음,36.5,2.9957544207702873,2.9957544207702873,0,0,0,0,372505.2855367678,7,11159.343559070703,middle,"접근 가능, 중간 수준",,0,-58.51428571428571,0
B000003105,인천서창초등학교,남동구,4,6968.707755041048,14,24973.0,0.2857142857142857,448,325,Q4,2.8823529411764706,1.1176470588235294,131177.18088235296,-107784.18088235296,3,2.0,0,0,0,없음,278.9,2.237754697540043,2.237754697540043,0,0,1,0,311415.17712829413,4,6968.707755041048,middle,"접근 가능, 중간 수준",,0,-94.68571428571428,0
B000003106,경인교육대학교부설초등학교,계양구,1,22773.37610515081,1,22810.0,1.0,168,96,Q2,1.9852941176470589,-0.9852941176470588,128374.85739705882,-105564.85739705882,4,1.0,0,0,2,예정만,53.9,9.180260161208944,9.180260161208944,0,0,0,0,248068.96215620756,1,22773.37610515081,high,접근 양호,,0,-1.9142857142857144,0
B000003107,인천효성동초등학교,계양구,1,0.0,4,36520.0,0.25,340,193,Q3,2.485294117647059,-2.485294117647059,144452.72647058824,-144452.72647058824,2,3.0,0,0,1,예정만,691.3,0.0,0.0,0,0,1,1,268952.41674766486,0,0.0,low,접근 가능하나 녹지 부족,,0,30.2,0
B000003108,인천효성남초등학교,계양구,3,11327.909629005166,3,17150.0,1.0,516,315,Q4,2.8823529411764706,0.1176470588235294,131177.18088235296,-114027.18088235296,3,2.0,0,1,3,진행중포함,121.0,3.255774099314918,3.255774099314918,0,0,0,0,347932.9119114496,3,11327.909629005166,middle,"접근 가능, 중간 수준",,0,10.742857142857142,0
B000003109,인천효성초등학교,계양구,1,22773.37610515081,1,22810.0,1.0,189,108,Q2,1.9852941176470589,-0.9852941176470588,128374.85739705882,-105564.85739705882,4,1.0,0,0,1,예정만,513.4,9.455044431958397,9.455044431958397,0,0,0,1,240859.53555306376,1,22773.37610515081,high,접근 양호,,0,-28.342857142857145,0
B000003110,인천해서초등학교,계양구,1,1483.0150314158266,1,1485.4,1.0,161,105,Q2,1.9852941176470589,-0.9852941176470588,128374.85739705882,-126889.45739705882,2,3.0,0,0,0,없음,268.2,0.4962251836267911,0.4962251836267911,0,0,0,0,298859.2841211372,1,1483.0150314158266,low,접근 가능하나 녹지 부족,,0,-30.42857142857144,0
B000003111,인천안남초등학교,계양구,3,956.9981510464802,4,22532.7,0.75,538,344,Q4,2.8823529411764706,0.1176470588235294,131177.18088235296,-126958.88088235295,2,3.0,0,0,0,없음,436.0,0.29501069594450957,0.29501069594450957,0,0,0,0,324394.3911872565,3,956.9981510464802,low,접근 가능하나 녹지 부족,,0,-53.28571428571429,0
B000003112,인천성지초등학교,계양구,1,6752.811133345661,3,21836.1,0.3333333333333333,266,167,Q3,2.485294117647059,-1.4852941176470589,144452.72647058824,-133575.72647058824,3,2.0,0,0,0,없음,430.2,2.364674964341033,2.364674964341033,0,0,1,0,285570.3737374948,1,6752.811133345661,middle,"접근 가능, 중간 수준",,0,-25.200000000000006,0
B000003113,인천화전초등학교,계양구,1,300.24148991027334,1,291.0,1.0,624,406,Q4,2.8823529411764706,-1.8823529411764703,131177.18088235296,-130886.18088235296,2,3.0,0,1,1,진행중포함,425.8,0.08317460895570955,0.08317460895570955,0,0,0,0,360977.33873344905,1,300.24148991027334,low,접근 가능하나 녹지 부족,,0,-56.11428571428572,0
B000003114,인천서운초등학교,계양구,2,17980.434175654755,7,97865.7,0.2857142857142857,195,124,Q2,1.9852941176470589,0.0147058823529411,128374.85739705882,-103187.4573970588,4,1.0,0,0,0,없음,323.5,6.791046180430698,6.791046180430698,0,0,1,0,264766.778165458,2,17980.434175654755,high,접근 양호,,0,29.485714285714288,0
B000003115,인천신대초등학교,계양구,4,17267.487518844773,7,47357.4,0.5714285714285714,146,94,Q2,1.9852941176470589,1.0147058823529411,128374.85739705882,-102414.65739705882,4,1.0,0,0,0,없음,473.3,7.052506123416004,7.052506123416004,0,0,0,0,244841.86495794158,4,17267.487518844773,high,접근 양호,,0,-59.40000000000001,0
B000003116,인천길주초등학교,계양구,3,9347.367665354805,6,49437.3,0.5,175,110,Q2,1.9852941176470589,1.0147058823529411,128374.85739705882,-119012.45739705882,3,2.0,0,0,0,없음,69.6,3.789447213131715,3.789447213131715,0,0,1,0,246668.3698076864,3,9347.367665354805,middle,"접근 가능, 중간 수준",,0,-44.14285714285714,0
B000003117,인천병방초등학교,계양구,2,2564.176319633328,5,11372.6,0.4,396,253,Q3,2.485294117647059,-0.4852941176470589,144452.72647058824,-141884.42647058825,2,3.0,0,0,0,없음,291.1,0.7487969674679869,0.7487969674679869,0,0,1,0,342439.4637045527,2,2564.176319633328,low,접근 가능하나 녹지 부족,,0,-42.11428571428571,0
B000003118,인천양촌초등학교,계양구,2,4894.133037278053,2,6095.0,1.0,140,92,Q2,1.9852941176470589,0.0147058823529411,128374.85739705882,-122279.85739705882,3,2.0,0,0,0,없음,400.2,1.3783769594460655,1.3783769594460655,0,0,0,0,355064.9191963336,2,4894.133037278053,middle,"접근 가능, 중간 수준",,0,-23.68571428571428,0
B000003119,인천소양초등학교,계양구,2,2549.8966045828665,2,6450.0,1.0,72,48,Q1,1.1323529411764706,0.8676470588235294,74437.42647058824,-67987.42647058824,2,3.0,0,0,1,예정만,244.0,0.9067339770902932,0.9067339770902932,0,0,0,0,281217.71864836005,2,2549.8966045828665,low,접근 가능하나 녹지 부족,,0,-20.88571428571429,0
B000003120,인천당산초등학교,계양구,2,2150.862537493602,4,20546.5,0.5,98,70,Q1,1.1323529411764706,-0.1323529411764705,74437.42647058824,-72507.22647058824,3,2.0,0,0,0,없음,433.0,1.0604382310630889,1.0604382310630889,0,0,1,0,202827.7059888121,2,2150.862537493602,middle,"접근 가능, 중간 수준",,0,-117.39999999999998,0
B000003121,인천귤현초등학교,계양구,6,7121.8306882723155,8,16129.203,0.75,208,138,Q2,1.9852941176470589,4.014705882352941,128374.85739705882,-120036.65439705882,3,2.0,0,0,0,없음,134.7,2.6955495748542178,2.6955495748542178,0,0,0,0,264207.00085463957,6,7121.8306882723155,middle,"접근 가능, 중간 수준",,0,-56.42857142857142,0
B000003122,인천계양초등학교,계양구,4,5240.8379508742155,4,11117.0,1.0,136,88,Q2,1.9852941176470589,2.014705882352941,128374.85739705882,-117257.85739705882,3,2.0,0,0,0,없음,161.3,2.089894480044482,2.089894480044482,0,0,0,0,250770.45759567092,4,5240.8379508742155,middle,"접근 가능, 중간 수준",,0,-41.28571428571429,0
B000003123,인천계산초등학교,계양구,2,7199.443072100061,3,347239.5,0.6666666666666666,187,123,Q2,1.9852941176470589,0.0147058823529411,128374.85739705882,217379.2426029412,3,2.0,0,0,2,예정만,444.0,2.2508824439720567,2.2508824439720567,0,0,0,0,319849.80341289815,2,7199.443072100061,middle,"접근 가능, 중간 수준",,0,-16.057142857142857,0
B000003124,인천안산초등학교,계양구,1,0.0,2,9789.1,0.5,338,216,Q3,2.485294117647059,-2.485294117647059,144452.72647058824,-144452.72647058824,2,3.0,0,0,1,예정만,722.9,0.0,0.0,0,0,1,1,206721.80295606263,0,0.0,low,접근 가능하나 녹지 부족,,0,-37.400000000000006,0
B000003125,인천부평초등학교,계양구,3,2595.701767379283,4,5303.3,0.75,434,285,Q4,2.8823529411764706,0.1176470588235294,131177.18088235296,-127323.08088235297,2,3.0,0,0,1,예정만,144.2,0.6641030324550611,0.6641030324550611,0,0,0,0,390858.29163939715,3,2595.701767379283,low,접근 가능하나 녹지 부족,,0,-36.62857142857143,0
B000003126,인천부현초등학교,계양구,2,2102.3966112456983,3,14424.1,0.6666666666666666,413,274,Q4,2.8823529411764706,-0.8823529411764706,131177.18088235296,-128408.08088235297,2,3.0,0,0,0,없음,432.5,0.8946200596759484,0.8946200596759484,0,0,0,0,235004.4120413792,2,2102.3966112456983,low,접근 가능하나 녹지 부족,,0,-43.85714285714286,0
B000003127,인천부현동초등학교,계양구,3,18439.5247821694,4,43636.2,0.75,390,265,Q3,2.485294117647059,0.5147058823529411,144452.72647058824,-103816.72647058824,4,1.0,0,0,0,없음,285.4,5.950883384083653,5.950883384083653,0,0,0,0,309861.9749714489,3,18439.5247821694,high,접근 양호,,0,-69.14285714285714,0
B000003128,인천작전초등학교,계양구,1,10336.259814296545,3,14424.1,0.3333333333333333,298,186,Q3,2.485294117647059,-1.4852941176470589,144452.72647058824,-132797.72647058824,3,2.0,0,0,0,없음,420.7,4.9959643744192626,4.9959643744192626,0,0,1,0,206892.18416410434,1,10336.259814296545,middle,"접근 가능, 중간 수준",,0,-44.00000000000001,0
B000003129,인천작동초등학교,계양구,2,3458.189503404241,3,32866.5,0.6666666666666666,568,376,Q4,2.8823529411764706,-0.8823529411764706,131177.18088235296,-115354.58088235297,3,2.0,0,2,0,진행중포함,353.7,1.1565152742571687,1.1565152742571687,0,0,0,0,299018.05712211115,2,3458.189503404241,middle,"접근 가능, 중간 수준",,0,-25.885714285714283,0
B000003130,인천명현초등학교,계양구,1,4036.2944142422457,3,29083.0,0.3333333333333333,579,331,Q4,2.8823529411764706,-1.8823529411764703,131177.18088235296,-126436.18088235296,3,2.0,0,0,3,예정만,368.6,1.0473835315668762,1.0473835315668762,0,0,1,0,385369.28380036546,1,4036.2944142422457,middle,"접근 가능, 중간 수준",,0,-34.31428571428571,0
B000003131,인천효성서초등학교,계양구,1,10985.436485187407,1,131302.0,1.0,133,81,Q2,1.9852941176470589,-0.9852941176470588,128374.85739705882,2927.1426029411814,4,1.0,0,0,1,예정만,705.2,5.374410281414745,5.374410281414745,0,0,0,1,204402.6397310261,1,10985.436485187407,high,접근 양호,,0,-47.485714285714295,0
B000003132,인천계양초등학교상야분교장,계양구,1,1064.0355447528614,2,1859.8,0.5,2,1,Q1,1.1323529411764706,-0.1323529411764705,74437.42647058824,-72936.92647058824,,,0,0,0,없음,342.8,1.0316507437115296,1.0316507437115296,0,1,1,0,103139.12447974614,1,1064.0355447528614,,별도 묶음,,0,-0.9142857142857144,0
B000003133,인천해원초등학교,서구,2,6761.126829634442,5,711967.1,0.4,418,281,Q4,2.8823529411764706,-0.8823529411764706,131177.18088235296,-124405.18088235296,3,2.0,0,0,0,없음,117.1,2.002192655298032,2.002192655298032,0,0,1,0,337686.1268441737,2,6761.126829634442,middle,"접근 가능, 중간 수준",,0,-4.114285714285712,0
B000003134,인천경명초등학교,서구,1,21295.54295623332,3,780237.6,0.3333333333333333,135,90,Q2,1.9852941176470589,-1.9852941176470589,128374.85739705882,-128374.85739705882,4,1.0,0,0,0,없음,1119.2,10.332540912026216,10.332540912026216,0,0,1,1,206101.70467795662,1,21295.54295623332,high,접근 양호,,0,-88.99999999999999,0
B000003135,인천공촌초등학교,서구,4,45121.83382255673,6,161221.0,0.6666666666666666,137,92,Q2,1.9852941176470589,2.014705882352941,128374.85739705882,29660.14260294118,4,1.0,0,0,0,없음,248.8,20.318608882829636,20.318608882829636,0,0,0,0,222071.47193372675,4,45121.83382255673,high,접근 양호,,0,-48.2,0
B000003137,인천간재울초등학교,서구,4,5614.609933481124,6,36495.0,0.6666666666666666,206,140,Q2,1.9852941176470589,2.014705882352941,128374.85739705882,-120798.85739705882,3,2.0,0,0,0,없음,303.1,1.5738456135313599,1.5738456135313599,0,0,0,0,356744.6441511621,4,5614.609933481124,middle,"접근 가능, 중간 수준",,0,-56.400000000000006,0
B000003138,인천경서초등학교,서구,1,4198.248422718865,4,11950.0,0.25,108,72,Q1,1.1323529411764706,-0.1323529411764705,74437.42647058824,-70232.42647058824,3,2.0,0,0,0,없음,421.2,1.6084992360360004,1.6084992360360004,0,0,1,0,261004.06693789084,1,4198.248422718865,middle,"접근 가능, 중간 수준",,0,-35.51428571428571,0
B000003139,인천청라초등학교,서구,4,62648.143461727166,5,1090127.0,0.8,525,346,Q4,2.8823529411764706,1.1176470588235294,131177.18088235296,956986.1191176472,4,1.0,0,0,0,없음,371.4,16.291293692345622,16.291293692345622,0,0,0,0,384549.8377526768,4,62648.143461727166,high,접근 양호,,0,-35.80000000000001,0
B000003140,인천초은초등학교,서구,1,3576.6304822307093,1,8963.9,1.0,350,228,Q3,2.485294117647059,-1.4852941176470589,144452.72647058824,-135488.82647058825,3,2.0,0,0,0,없음,96.3,1.7626402402577124,1.7626402402577124,0,0,0,0,202913.24347092953,1,3576.6304822307093,middle,"접근 가능, 중간 수준",,0,-39.34285714285715,0
B000003141,인천양지초등학교,서구,4,22498.05132995689,6,1043557.5,0.6666666666666666,89,50,Q1,1.1323529411764706,2.867647058823529,74437.42647058824,965015.0735294118,4,1.0,0,0,0,없음,230.3,8.126095126180712,8.126095126180712,0,0,0,0,276861.7765434779,4,22498.05132995689,high,접근 양호,,0,-17.828571428571433,0
B000003142,인천심곡초등학교,서구,5,44282.03599876533,5,159790.0,1.0,163,111,Q2,1.9852941176470589,3.014705882352941,128374.85739705882,31415.14260294118,4,1.0,0,0,0,없음,163.0,12.837636822601553,12.837636822601553,0,0,0,0,344939.1551629169,5,44282.03599876533,high,접근 양호,,0,-29.11428571428572,0
B000003143,인천신석초등학교,서구,1,644.7294460667473,1,57685.0,1.0,148,103,Q2,1.9852941176470589,-0.9852941176470588,128374.85739705882,-70689.85739705882,2,3.0,0,0,1,예정만,664.8,0.2672860478115916,0.2672860478115916,0,0,0,1,241213.28118152035,1,644.7294460667473,low,접근 가능하나 녹지 부족,,0,-34.542857142857144,0
B000003144,인천석남초등학교,서구,1,903.3496309632582,2,10880.0,0.5,146,95,Q2,1.9852941176470589,-1.9852941176470589,128374.85739705882,-128374.85739705882,2,3.0,0,1,4,진행중포함,444.0,0.4263408185968763,0.4263408185968763,0,0,1,0,211884.38722247104,1,903.3496309632582,low,접근 가능하나 녹지 부족,,0,-44.17142857142857,0
B000003145,인천천마초등학교,서구,1,366.9199544131286,1,2290.0,1.0,53,34,Q1,1.1323529411764706,-1.1323529411764706,74437.42647058824,-74437.42647058824,2,3.0,0,0,0,없음,435.0,0.4263408185968763,0.4263408185968763,0,0,0,0,86062.59086819162,1,366.9199544131286,low,접근 가능하나 녹지 부족,,0,-19.571428571428573,0
B000003146,인천봉수초등학교,서구,1,0.0,1,0.0,1.0,669,338,Q4,2.8823529411764706,-1.8823529411764703,131177.18088235296,-131177.18088235296,2,3.0,0,0,0,없음,446.5,0.0,0.0,1,0,0,0,307783.71090493415,0,0.0,low,접근 가능하나 녹지 부족,,0,241.6,0
B000003147,인천신현북초등학교,서구,1,0.0,2,57685.0,0.5,524,348,Q4,2.8823529411764706,-2.8823529411764706,131177.18088235296,-131177.18088235296,2,3.0,0,0,0,없음,512.9,0.0,0.0,0,0,1,1,256314.94606547564,0,0.0,low,접근 가능하나 녹지 부족,,0,-50.91428571428572,0
B000003148,인천가림초등학교,서구,2,8878.078533001748,5,25708.0,0.4,278,170,Q3,2.485294117647059,-0.4852941176470589,144452.72647058824,-134012.72647058824,3,2.0,1,0,2,완료포함,414.7,2.574624441623077,2.574624441623077,0,0,1,0,344830.04159647034,2,8878.078533001748,middle,"접근 가능, 중간 수준",,0,-32.542857142857144,0
B000003149,인천봉화초등학교,서구,0,0.0,1,5572.0,0.0,140,81,Q2,1.9852941176470589,-1.9852941176470589,128374.85739705882,-128374.85739705882,1,4.0,0,0,0,없음,608.2,0.0,0.0,0,0,0,0,283507.2469172009,0,0.0,,공원 접근 불가,7,0,-7.142857142857144,0
B000003150,인천건지초등학교,서구,1,5574.022242014913,2,13560.0,0.5,200,120,Q2,1.9852941176470589,-0.9852941176470588,128374.85739705882,-120386.85739705882,3,2.0,0,0,3,예정만,358.0,2.572535581541318,2.572535581541318,0,0,1,0,216674.25251608275,1,5574.022242014913,middle,"접근 가능, 중간 수준",,0,-20.85714285714286,0
B000003151,인천능내초등학교,서구,2,85657.53578014199,2,90159.0,1.0,186,124,Q2,1.9852941176470589,0.0147058823529411,128374.85739705882,-38215.85739705882,4,1.0,0,0,0,없음,204.8,27.58667854240688,27.58667854240688,0,0,0,0,310503.25847842556,2,85657.53578014199,high,접근 양호,,0,-48.42857142857142,0
B000003152,인천검단초등학교,서구,1,168.11483224466318,1,7446.0,1.0,112,70,Q2,1.9852941176470589,-0.9852941176470588,128374.85739705882,-120928.85739705882,2,3.0,0,0,0,없음,544.3,0.059096803940041215,0.059096803940041215,0,0,0,1,284473.64499648765,1,168.11483224466318,low,접근 가능하나 녹지 부족,,0,-29.42857142857144,0
B000003153,인천완정초등학교,서구,2,29043.30254466837,3,203159.0,0.6666666666666666,368,257,Q3,2.485294117647059,-1.4852941176470589,144452.72647058824,-67112.72647058824,4,1.0,0,0,0,없음,379.2,9.426158729022918,9.426158729022918,0,0,0,0,308113.8709795406,2,29043.30254466837,high,접근 양호,,0,-51.400000000000006,0
B000003154,인천불로초등학교,서구,3,3420.823243555658,6,8971.0,0.5,215,146,Q2,1.9852941176470589,1.0147058823529411,128374.85739705882,-124062.85739705882,3,2.0,0,0,0,없음,65.0,1.459618300477913,1.459618300477913,0,0,1,0,234364.23361063647,3,3420.823243555658,middle,"접근 가능, 중간 수준",,0,-28.028571428571432,0
B000003155,인천목향초등학교,서구,1,56159.59801128804,0,0.0,0.0,63,42,Q1,1.1323529411764706,-1.1323529411764706,74437.42647058824,-74437.42647058824,4,1.0,0,0,0,없음,969.1,25.823402538535728,25.823402538535728,0,0,1,1,217475.5938048142,1,56159.59801128804,high,접근 양호,,0,-48.25714285714286,0
B000003156,인천왕길초등학교,서구,3,16499.849462096947,3,17943.0,1.0,244,155,Q3,2.485294117647059,0.5147058823529411,144452.72647058824,-126509.72647058824,4,1.0,0,0,0,없음,0.0,5.016428167968361,5.016428167968361,0,0,0,0,328916.29082729074,3,16499.849462096947,high,접근 양호,,0,-50.6857142857143,0
B000003157,인천단봉초등학교,서구,3,7130.532755056363,4,18017.0,0.75,107,69,Q1,1.1323529411764706,1.8676470588235288,74437.42647058824,-67295.42647058824,3,2.0,0,0,0,없음,106.1,2.4375142724037615,2.4375142724037615,0,0,0,0,292532.964249049,3,7130.532755056363,middle,"접근 가능, 중간 수준",,0,-29.057142857142857,0
B000003158,인천원당초등학교,서구,1,9013.12490291671,1,18321.0,1.0,60,41,Q1,1.1323529411764706,-0.1323529411764705,74437.42647058824,-56116.42647058824,3,2.0,0,0,0,없음,320.0,3.6203471824169995,3.6203471824169995,0,0,0,0,248957.47420829977,1,9013.12490291671,middle,"접근 가능, 중간 수준",,0,-31.942857142857147,0
B000003159,인천발산초등학교,서구,3,33208.61999027986,3,45234.5,1.0,331,191,Q3,2.485294117647059,0.5147058823529411,144452.72647058824,-99218.22647058824,4,1.0,0,0,0,없음,203.0,10.541472069112325,10.541472069112325,0,0,0,0,315028.29749542073,3,33208.61999027986,high,접근 양호,,0,-35.02857142857144,0
B000003160,인천창신초등학교,서구,1,2945.2634594581773,3,24292.0,0.3333333333333333,206,128,Q2,1.9852941176470589,-0.9852941176470588,128374.85739705882,-125424.85739705882,3,2.0,0,0,0,없음,290.8,1.0298202730104231,1.0298202730104231,0,0,1,0,285997.81307940587,1,2945.2634594581773,middle,"접근 가능, 중간 수준",,0,4.457142857142854,0
B000003161,인천금곡초등학교,서구,3,4667.868169130924,3,18749.0,1.0,189,120,Q2,1.9852941176470589,1.0147058823529411,128374.85739705882,-116705.85739705882,3,2.0,0,0,0,없음,414.5,1.7621817326967333,1.7621817326967333,0,0,0,0,264891.4174128629,3,4667.868169130924,middle,"접근 가능, 중간 수준",,0,-13.2,0
B000003162,인천가석초등학교,서구,0,0.0,0,0.0,0.0,96,63,Q1,1.1323529411764706,-1.1323529411764706,74437.42647058824,-74437.42647058824,1,4.0,0,0,0,없음,1323.0,0.0,0.0,0,0,0,0,259830.72587258552,0,0.0,,공원 접근 불가,11,0,-27.6,0
B000003163,인천가좌초등학교,서구,4,16621.051091360452,6,23918.0,0.6666666666666666,329,199,Q3,2.485294117647059,2.514705882352941,144452.72647058824,-124812.72647058824,3,2.0,0,0,3,예정만,192.3,4.702034607117793,4.702034607117793,1,0,0,0,353486.36239724874,4,16621.051091360452,middle,"접근 가능, 중간 수준",,0,-48.14285714285716,0
B000003164,인천가정초등학교,서구,1,4271.13121340633,3,29677.8,0.3333333333333333,93,57,Q1,1.1323529411764706,-1.1323529411764706,74437.42647058824,-74437.42647058824,3,2.0,0,0,0,없음,663.1,1.5470603183154208,1.5470603183154208,0,0,1,1,276080.45806883107,1,4271.13121340633,middle,"접근 가능, 중간 수준",,0,-16.42857142857143,0
B000003165,인천당하초등학교,서구,3,9398.378020389868,4,39246.0,0.75,269,166,Q3,2.485294117647059,0.5147058823529411,144452.72647058824,-111071.72647058824,3,2.0,0,0,0,없음,169.4,3.0175196576811896,3.0175196576811896,0,0,0,0,311460.37429999857,3,9398.378020389868,middle,"접근 가능, 중간 수준",,0,-90.88571428571429,0
B000003166,인천마전초등학교,서구,3,5054.328280850254,4,85132.0,0.75,202,141,Q2,1.9852941176470589,0.0147058823529411,128374.85739705882,-124274.85739705882,3,2.0,0,0,0,없음,386.8,2.2445574158682957,2.2445574158682957,0,0,0,0,225181.50995460336,3,5054.328280850254,middle,"접근 가능, 중간 수준",,0,-57.8857142857143,0
B000003167,인천석남서초등학교,서구,1,26931.002592624005,0,0.0,0.0,259,155,Q3,2.485294117647059,-2.485294117647059,144452.72647058824,-144452.72647058824,4,1.0,0,0,2,예정만,863.9,8.005006588306303,8.005006588306303,0,0,1,1,336426.9884794943,1,26931.002592624005,high,접근 양호,,0,-47.40000000000002,0
B000003168,인천가현초등학교,서구,1,0.0,2,6612.0,0.5,713,444,Q4,2.8823529411764706,-1.8823529411764703,131177.18088235296,-131177.18088235296,2,3.0,0,0,0,없음,240.0,0.0,0.0,1,0,1,0,294569.04616771033,1,0.0,low,접근 가능하나 녹지 부족,,0,237.7714285714285,0
B000003169,인천신현초등학교,서구,1,792.2588385252699,1,57685.0,1.0,552,387,Q4,2.8823529411764706,-1.8823529411764703,131177.18088235296,-73492.18088235296,2,3.0,0,1,2,진행중포함,602.1,0.19573988748136922,0.19573988748136922,0,0,0,1,404750.8398617415,1,792.2588385252699,low,접근 가능하나 녹지 부족,,0,-41.08571428571428,0
B000003170,인천서곶초등학교,서구,3,22702.92875348971,7,1070164.5,0.42857142857142855,47,31,Q1,1.1323529411764706,0.8676470588235294,74437.42647058824,982085.0735294118,4,1.0,0,0,0,없음,477.6,9.099989495360921,9.099989495360921,0,0,1,0,249483.02154704047,3,22702.92875348971,high,접근 양호,,0,-46.57142857142858,0
B000003171,인천검암초등학교,서구,2,14276.625444307047,4,24223.0,0.5,158,98,Q2,1.9852941176470589,0.0147058823529411,128374.85739705882,-113829.85739705882,4,1.0,0,0,0,없음,150.6,5.341570897430249,5.341570897430249,0,0,1,0,267273.91096082464,2,14276.625444307047,high,접근 양호,,0,-15.82857142857143,0
B000003172,인천은지초등학교,서구,1,2973.2185024568307,2,5048.0,0.5,121,77,Q2,1.9852941176470589,-0.9852941176470588,128374.85739705882,-125396.85739705882,3,2.0,0,0,0,없음,316.8,1.0483809198917846,1.0483809198917846,0,0,1,0,283600.9742302188,1,2973.2185024568307,middle,"접근 가능, 중간 수준",,0,-53.37142857142858,0
B000003173,길상초등학교,강화군,0,0.0,0,0.0,0.0,0,0,Q1,1.1323529411764706,-1.1323529411764706,74437.42647058824,-74437.42647058824,,,1,0,0,완료포함,4242.4,0.0,0.0,0,1,0,0,15500.14115705109,0,0.0,,별도 묶음,,0,-16.914285714285715,0
B000003174,양도초등학교,강화군,0,0.0,0,0.0,0.0,0,0,Q1,1.1323529411764706,-1.1323529411764706,74437.42647058824,-74437.42647058824,,,0,0,0,없음,4242.4,0.0,0.0,0,1,0,0,15500.14115705109,0,0.0,,별도 묶음,,0,-1.4285714285714286,0
B000003175,조산초등학교,강화군,0,0.0,0,0.0,0.0,0,0,Q1,1.1323529411764706,-1.1323529411764706,74437.42647058824,-74437.42647058824,,,0,0,0,없음,4242.4,0.0,0.0,0,1,0,0,15500.14115705109,0,0.0,,별도 묶음,,0,-0.5142857142857143,0
B000003176,화도초등학교,강화군,1,7220.615422713878,0,0.0,0.0,0,0,Q1,1.1323529411764706,0.8676470588235294,74437.42647058824,-61663.42647058824,,,0,0,0,없음,327.3,18.932822258656756,18.932822258656756,0,1,1,0,38138.082764773,1,7220.615422713878,,별도 묶음,,0,-12.74285714285714,0
B000003177,대월초등학교,강화군,0,0.0,0,0.0,0.0,2,1,Q1,1.1323529411764706,-1.1323529411764706,74437.42647058824,-74437.42647058824,,,0,0,0,없음,4687.0,0.0,0.0,0,1,0,0,22567.69968508857,0,0.0,,별도 묶음,,0,-0.8285714285714285,0
B000003178,갑룡초등학교,강화군,1,1541.43992180465,1,18605.0,1.0,2,1,Q1,1.1323529411764706,-1.1323529411764706,74437.42647058824,-74437.42647058824,,,0,0,0,없음,285.0,6.830292600991782,6.830292600991782,0,1,0,0,22567.69968508857,1,1541.43992180465,,별도 묶음,,0,-10.2,0
B000003179,강화초등학교,강화군,2,17893.45915442698,2,83765.0,1.0,185,120,Q2,1.9852941176470589,0.0147058823529411,128374.85739705882,-44609.85739705882,,,0,0,0,없음,0.0,2.2819298612286563,2.2819298612286563,0,1,0,0,784137.1226367417,2,17893.45915442698,,별도 묶음,,0,-31.31428571428572,0
B000003180,합일초등학교,강화군,2,101724.9523043184,2,103551.0,1.0,180,113,Q2,1.9852941176470589,0.0147058823529411,128374.85739705882,-24823.85739705882,,,0,0,0,없음,0.0,12.972852498330308,12.972852498330308,0,1,0,0,784137.1226367606,2,101724.9523043184,,별도 묶음,,0,-9.6,0
B000003181,송해초등학교,강화군,0,0.0,0,0.0,0.0,10,5,Q1,1.1323529411764706,-1.1323529411764706,74437.42647058824,-74437.42647058824,,,0,0,0,없음,0.0,0.0,0.0,0,1,0,0,784137.1226363584,0,0.0,,별도 묶음,,0,-1.7428571428571429,0
B000003182,선원초등학교,강화군,0,0.0,0,0.0,0.0,0,0,Q1,1.1323529411764706,-1.1323529411764706,74437.42647058824,-74437.42647058824,,,0,0,0,없음,3971.9,0.0,0.0,0,1,0,0,15500.14115705109,0,0.0,,별도 묶음,,0,-6.542857142857143,0
B000003183,불은초등학교,강화군,0,0.0,0,0.0,0.0,0,0,Q1,1.1323529411764706,-1.1323529411764706,74437.42647058824,-74437.42647058824,,,0,0,0,없음,4242.4,0.0,0.0,0,1,0,0,15500.14115705109,0,0.0,,별도 묶음,,0,-6.2285714285714295,0
B000003184,삼성초등학교,강화군,0,0.0,0,0.0,0.0,0,0,Q1,1.1323529411764706,-1.1323529411764706,74437.42647058824,-74437.42647058824,,,0,0,0,없음,4242.4,0.0,0.0,0,1,0,0,15500.14115705109,0,0.0,,별도 묶음,,0,-5.2285714285714295,0
B000003185,하점초등학교,강화군,0,0.0,0,0.0,0.0,0,0,Q1,1.1323529411764706,-1.1323529411764706,74437.42647058824,-74437.42647058824,,,0,0,0,없음,4242.4,0.0,0.0,0,1,0,0,15500.14115705109,0,0.0,,별도 묶음,,0,-3.1142857142857148,0
B000003186,명신초등학교,강화군,0,0.0,0,0.0,0.0,0,0,Q1,1.1323529411764706,-1.1323529411764706,74437.42647058824,-74437.42647058824,,,0,0,0,없음,4242.4,0.0,0.0,0,1,0,0,15500.14115705109,0,0.0,,별도 묶음,,0,-0.857142857142857,0
B000003187,양사초등학교,강화군,0,0.0,0,0.0,0.0,8,4,Q1,1.1323529411764706,-1.1323529411764706,74437.42647058824,-74437.42647058824,,,0,0,0,없음,0.0,0.0,0.0,0,1,0,0,784137.1226363211,0,0.0,,별도 묶음,,0,-4.0,0
B000003188,내가초등학교,강화군,0,0.0,0,0.0,0.0,0,0,Q1,1.1323529411764706,-1.1323529411764706,74437.42647058824,-74437.42647058824,,,0,0,0,없음,4242.4,0.0,0.0,0,1,0,0,15500.14115705109,0,0.0,,별도 묶음,,0,3.171428571428572,0
B000003189,해명초등학교,강화군,1,7220.615422713878,0,0.0,0.0,0,0,Q1,1.1323529411764706,0.8676470588235294,74437.42647058824,-61663.42647058824,,,0,0,0,없음,327.3,18.932822258656756,18.932822258656756,0,1,1,0,38138.082764773,1,7220.615422713878,,별도 묶음,,0,-3.0285714285714285,0
B000003190,삼산초등학교,강화군,0,0.0,0,0.0,0.0,0,0,Q1,1.1323529411764706,-1.1323529411764706,74437.42647058824,-74437.42647058824,,,0,0,0,없음,4919.8,0.0,0.0,0,1,0,0,13513.92928119645,0,0.0,,별도 묶음,,0,-0.2571428571428572,0
B000003192,교동초등학교,강화군,0,0.0,0,0.0,0.0,0,0,Q1,1.1323529411764706,-1.1323529411764706,74437.42647058824,-74437.42647058824,,,0,0,0,없음,4242.4,0.0,0.0,0,1,0,0,15500.14115705109,0,0.0,,별도 묶음,,0,-5.828571428571429,0
B000003194,서도초등학교,강화군,0,0.0,0,0.0,0.0,0,0,Q1,1.1323529411764706,-1.1323529411764706,74437.42647058824,-74437.42647058824,,,0,0,0,없음,2270.7,0.0,0.0,0,1,0,0,784137.1226365484,0,0.0,,별도 묶음,,0,0.0857142857142857,0
B000022832,인천한빛초등학교,남동구,4,50568.45680253487,7,468153.0,0.5714285714285714,258,179,Q3,2.485294117647059,1.5147058823529411,144452.72647058824,-53437.72647058824,4,1.0,0,0,0,없음,116.7,22.456872055025855,22.456872055025855,0,0,0,0,225180.3219906471,4,50568.45680253487,high,접근 양호,,0,-55.57142857142858,0
B000022834,인천청람초등학교,서구,3,80367.75492069834,4,178949.8,0.75,506,365,Q4,2.8823529411764706,0.1176470588235294,131177.18088235296,-37579.18088235296,4,1.0,0,0,0,없음,305.4,22.349761484182444,22.349761484182444,0,0,0,0,359591.1078405775,3,80367.75492069834,high,접근 양호,,0,-45.42857142857143,0
B000022839,인천청일초등학교,서구,1,264282.13158329274,2,704790.1,0.5,443,295,Q4,2.8823529411764706,-1.8823529411764703,131177.18088235296,559396.719117647,4,1.0,0,0,0,없음,596.1,85.91342629343242,85.91342629343242,0,0,1,1,307614.4707355194,1,264282.13158329274,high,접근 양호,,0,-43.34285714285716,0
B000024924,인천하늘초등학교,중구,3,71516.27434026144,9,1087518.5,0.3333333333333333,242,135,Q3,2.485294117647059,2.514705882352941,144452.72647058824,943065.7735294118,4,1.0,0,0,0,없음,124.0,27.724747840932945,27.724747840932945,4,0,1,0,257951.0362026611,3,71516.27434026144,high,접근 양호,,0,89.11428571428573,0
B000025189,인천송명초등학교,연수구,4,49848.97773520338,5,3944919.3,0.8,109,68,Q1,1.1323529411764706,-0.1323529411764705,74437.42647058824,120309.47352941176,4,1.0,0,0,0,없음,95.0,20.483122241779498,20.483122241779498,0,0,0,0,243366.10965259114,4,49848.97773520338,high,접근 양호,,0,-49.85714285714286,0
B000025193,인천만월초등학교,남동구,2,17705.10569905096,4,214924.0,0.5,302,210,Q3,2.485294117647059,-0.4852941176470589,144452.72647058824,-123878.72647058824,4,1.0,0,0,0,없음,310.1,7.414446465127192,7.414446465127192,0,0,1,0,238792.00938767905,2,17705.10569905096,high,접근 양호,,0,-78.85714285714285,0
B000025196,인천장서초등학교,남동구,2,34304.143609571685,15,91676.0,0.13333333333333333,195,137,Q2,1.9852941176470589,0.0147058823529411,128374.85739705882,-84300.85739705882,4,1.0,0,0,0,없음,0.0,15.174936103470335,15.174936103470335,0,0,1,0,226057.91138538448,2,34304.143609571685,high,접근 양호,,0,25.800000000000008,0
B000025202,인천장아초등학교,남동구,2,224236.8855422163,3,344292.0,0.6666666666666666,233,162,Q2,1.9852941176470589,0.0147058823529411,128374.85739705882,207224.1426029412,4,1.0,0,0,0,없음,0.0,92.90581806824811,92.90581806824811,0,0,0,0,241359.3574704795,2,224236.8855422163,high,접근 양호,,0,5.114285714285724,0
B000025206,인천새봄초등학교,연수구,1,77460.98908180995,1,150020.0,1.0,592,331,Q4,2.8823529411764706,-1.8823529411764703,131177.18088235296,18842.819117647043,4,1.0,0,0,0,없음,50.0,9.878500436426853,9.878500436426853,0,0,0,0,784137.1226362806,1,77460.98908180995,high,접근 양호,,0,21.0,0
B000025210,인천연송초등학교,연수구,1,1115.2808100190987,2,3500.0,0.5,216,150,Q2,1.9852941176470589,-0.9852941176470588,128374.85739705882,-126874.7573970588,2,3.0,0,0,0,없음,219.8,0.4741942560780441,0.4741942560780441,0,0,1,0,235194.92185403928,1,1115.2808100190987,low,접근 가능하나 녹지 부족,,0,34.82857142857143,0
B000025222,인천현송초등학교,연수구,1,14873.980873195515,1,60158.0,1.0,104,63,Q1,1.1323529411764706,-1.1323529411764706,74437.42647058824,-74437.42647058824,4,1.0,0,0,0,없음,2024.0,5.976877063841871,5.976877063841871,0,0,0,1,248858.7386743853,1,14873.980873195515,high,접근 양호,,0,109.0,0
B000025225,인천송빛초등학교,연수구,1,58238.972498353745,2,93634.8,0.0,69,41,Q1,1.1323529411764706,-1.1323529411764706,74437.42647058824,-74437.42647058824,4,1.0,0,0,0,없음,1276.8,26.44072045583866,26.44072045583866,6,0,0,1,220262.42664463163,1,58238.972498353745,high,접근 양호,,0,,1
B000025226,인천송일초등학교,연수구,2,39636.2757309932,2,1180679.7,1.0,156,100,Q2,1.9852941176470589,0.0147058823529411,128374.85739705882,1052304.8426029412,4,1.0,0,0,0,없음,441.4,41.21488089803247,41.21488089803247,0,0,0,0,96169.81747212903,2,39636.2757309932,high,접근 양호,,0,-15.228571428571426,0
B000025228,인천예송초등학교,연수구,1,1497.8911078716346,2,352614.2,0.5,167,108,Q2,1.9852941176470589,-0.9852941176470588,128374.85739705882,-126874.55739705882,2,3.0,0,0,0,없음,0.0,0.6910591544394401,0.6910591544394401,0,0,1,0,216752.95063367835,1,1497.8911078716346,low,접근 가능하나 녹지 부족,,0,87.3142857142857,0
B000025236,인천첨단초등학교,연수구,2,19458.107683621318,5,3944919.3,0.4,109,67,Q2,1.9852941176470589,-1.9852941176470589,128374.85739705882,-128374.85739705882,4,1.0,0,0,0,없음,100.0,7.985661631350845,7.985661631350845,0,0,1,0,243663.0623971205,2,19458.107683621318,high,접근 양호,,0,-29.771428571428576,0
B000025246,인천미송초등학교,연수구,1,641.2133137869869,1,77873.0,1.0,264,160,Q3,2.485294117647059,-2.485294117647059,144452.72647058824,-144452.72647058824,2,3.0,0,0,0,없음,489.0,0.30012143677559844,0.30012143677559844,0,0,0,0,213651.28751746705,1,641.2133137869869,low,접근 가능하나 녹지 부족,,0,124.82857142857148,0
B000025248,인천은송초등학교,연수구,0,0.0,0,0.0,0.0,377,213,Q3,2.485294117647059,-2.485294117647059,144452.72647058824,-144452.72647058824,1,4.0,0,0,0,없음,1575.0,0.0,0.0,6,0,0,0,253421.46634089886,0,0.0,,공원 접근 불가,6,0,229.82857142857148,0
B000025256,인천송원초등학교,연수구,2,63167.71420349742,2,3727191.5,1.0,184,120,Q2,1.9852941176470589,0.0147058823529411,128374.85739705882,3598816.642602941,4,1.0,0,0,0,없음,219.0,20.376994718117356,20.376994718117356,0,0,0,0,309995.2425630973,2,63167.71420349742,high,접근 양호,,0,-54.400000000000006,0
B000025512,인천용학초등학교,미추홀구,2,6932.316886263527,7,71232.7,0.2857142857142857,24,13,Q1,1.1323529411764706,-1.1323529411764706,74437.42647058824,-74437.42647058824,3,2.0,0,0,0,없음,0.0,3.488395452660251,3.488395452660251,0,0,1,0,198725.08665773371,2,6932.316886263527,middle,"접근 가능, 중간 수준",,0,-4.942857142857145,0
B000025677,인천주안초등학교,미추홀구,2,8953.698373372914,4,13676.1,0.5,448,266,Q4,2.8823529411764706,-0.8823529411764706,131177.18088235296,-119153.08088235297,3,2.0,0,0,0,없음,64.8,2.5968716696319767,2.5968716696319767,0,0,1,0,344787.8644939668,2,8953.698373372914,middle,"접근 가능, 중간 수준",,0,41.74285714285715,0
B000025690,인천별빛초등학교,중구,1,11175.529930238214,13,37068.0,0.07692307692307693,336,198,Q3,2.485294117647059,-1.4852941176470589,144452.72647058824,-124325.72647058824,3,2.0,0,0,0,없음,457.0,3.903830736191085,3.903830736191085,1,0,1,0,286270.86278699746,1,11175.529930238214,middle,"접근 가능, 중간 수준",,0,207.8,0
B000025751,인천경연초등학교,서구,3,10324.576247372974,6,56010.1,0.5,239,137,Q3,2.485294117647059,1.5147058823529411,144452.72647058824,-133829.62647058823,3,2.0,0,0,0,없음,4.6,3.415467444985615,3.415467444985615,1,0,1,0,302288.82030572125,3,10324.576247372974,middle,"접근 가능, 중간 수준",,0,114.85714285714286,0
B000025752,인천도담초등학교,서구,2,34812.5607040354,2,704790.1,1.0,751,499,Q4,2.8823529411764706,-0.8823529411764706,131177.18088235296,573612.919117647,4,1.0,0,0,0,없음,215.1,9.150174037555688,9.150174037555688,0,0,0,0,380457.9078075654,2,34812.5607040354,high,접근 양호,,0,-59.22857142857144,0
B000025756,인천청호초등학교,서구,3,91283.41087769256,3,93598.0,1.0,431,307,Q4,2.8823529411764706,0.1176470588235294,131177.18088235296,-37579.18088235296,4,1.0,0,0,0,없음,366.2,29.337069836596676,29.337069836596676,0,0,0,0,311153.8111547207,3,91283.41087769256,high,접근 양호,,0,47.2,0
B000026155,인천한들초등학교,서구,1,24537.001497182002,0,0.0,0.0,65,32,Q1,1.1323529411764706,-1.1323529411764706,74437.42647058824,-74437.42647058824,4,1.0,0,0,0,없음,884.6,8.943692649133022,8.943692649133022,0,0,1,1,274349.78436519235,1,24537.001497182002,high,접근 양호,,0,,1
B000026332,인천백석초등학교,서구,4,17596.52360633806,5,626462.0,0.8,208,136,Q2,1.9852941176470589,2.014705882352941,128374.85739705882,-89513.85739705882,4,1.0,0,0,0,없음,159.3,6.463629394463831,6.463629394463831,0,0,0,0,272239.0553735905,4,17596.52360633806,high,접근 양호,,0,-44.00000000000001,0
B000026333,인천가원초등학교,서구,1,72506.66524187251,1,0.0,1.0,559,350,Q4,2.8823529411764706,-2.8823529411764706,131177.18088235296,-131177.18088235296,4,1.0,0,0,0,없음,811.7,25.408175790255928,25.408175790255928,0,0,0,1,285367.45746886294,1,72506.66524187251,high,접근 양호,,0,25.171428571428585,0
B000026466,인천아라초등학교,서구,1,43742.25045832628,2,56458.7,0.5,135,75,Q2,1.9852941176470589,-0.9852941176470588,128374.85739705882,-80167.95739705881,4,1.0,0,0,0,없음,166.0,20.28438382367893,20.28438382367893,0,0,1,0,215644.9554423431,1,43742.25045832628,high,접근 양호,,0,,1
B000026467,인천해든초등학교,서구,3,27312.822492468502,5,114365.7,0.6,357,180,Q3,2.485294117647059,0.5147058823529411,144452.72647058824,-86718.32647058825,4,1.0,0,0,0,없음,175.0,10.896600873286037,10.896600873286037,0,0,0,0,250654.5188732044,3,27312.822492468502,high,접근 양호,,0,233.3999999999999,0
B000026468,인천아람초등학교,서구,1,2279.534078181265,6,76268.3,0.16666666666666666,212,103,Q2,1.9852941176470589,-0.9852941176470588,128374.85739705882,-126091.65739705882,3,2.0,0,0,0,없음,78.9,1.0673493442872088,1.0673493442872088,0,0,1,0,213569.63307112636,1,2279.534078181265,middle,"접근 가능, 중간 수준",,0,,1
B000026469,인천한별초등학교,서구,3,94990.35798516944,4,133304.1,0.75,427,254,Q4,2.8823529411764706,-0.8823529411764706,131177.18088235296,-13687.180882352955,4,1.0,0,0,0,없음,213.0,36.55322423641151,36.55322423641151,0,0,0,0,259868.616160397,3,94990.35798516944,high,접근 양호,,0,46.3,0
B000026470,인천이음초등학교,서구,1,26854.830982937045,3,119649.9,0.3333333333333333,370,222,Q3,2.485294117647059,-2.485294117647059,144452.72647058824,-144452.72647058824,4,1.0,0,0,0,없음,584.1,11.016249147847597,11.016249147847597,0,0,1,1,243774.72425071336,1,26854.830982937045,high,접근 양호,,0,,1
B000026471,인천신검단초등학교,서구,1,19460.73506059486,0,0.0,0.0,16,10,Q1,1.1323529411764706,-1.1323529411764706,74437.42647058824,-74437.42647058824,4,1.0,0,0,0,없음,1282.0,8.438980099683175,8.438980099683175,0,0,1,1,230605.2962647166,1,19460.73506059486,high,접근 양호,,0,,1
B000026504,인천송담초등학교,연수구,1,53225.99815352566,3,217444.7,0.3333333333333333,163,99,Q2,1.9852941176470589,-1.9852941176470589,128374.85739705882,-128374.85739705882,4,1.0,0,0,0,없음,59.0,20.733643281479043,20.733643281479043,0,0,1,0,256713.19522059782,1,53225.99815352566,high,접근 양호,,0,16.200000000000014,0
B000027505,인천중산초등학교,중구,5,248303.51430995262,19,1094168.5,0.2631578947368421,312,203,Q3,2.485294117647059,4.514705882352941,144452.72647058824,939291.7735294118,4,1.0,0,0,0,없음,55.7,90.34840317035334,90.34840317035334,4,0,1,0,274828.89082364016,5,248303.51430995262,high,접근 양호,,0,8.485714285714291,0
