학교ID,학교명,gu,case_type,is_separate_bundle_tag,green_fix_protected,green_fix_manual_ratio,osm_walk_area_m2,straight_buffer_area_m2,osm_walk_area_ratio_to_buffer,connected_residential_count,apt_added_area_m2,apt_gap_ratio,adjusted_walk_area_m2,adjusted_walk_area_ratio_to_buffer,current_walk_green_area_m2,current_walk_green_ratio,apt_added_green_area_m2,apt_added_park_count,adjusted_walk_green_area_m2,adjusted_walk_park_count,apt_adjusted_walk_green_ratio,apt_adjusted_green_delta_pp,radius_green_ratio,radius_to_walk_loss_pp,radius_to_adjusted_loss_pp,apt_permeability_flag,large_apt_count_500m,large_apt_households_500m,apt_adjustment_candidate
B000003024,인천갈월초등학교,부평구,4.0,0,0,0,306710.9525,784137.1226,0.391145,5,90120.9262,0.114746,396831.8787,0.506075,46524.5768,15.168867,611.1118,2,47135.6886,8,11.878,-3.290868,11.544009,-3.624858,-0.33399,1,5,3413,1
B000003057,인천청량초등학교,연수구,3.0,0,0,0,257690.7492,784137.1226,0.32863,7,207851.9688,0.264645,465542.718,0.593701,8333.5036,3.233916,901.104,2,9234.6075,5,1.983622,-1.250295,7.208126,3.974209,5.224504,1,2,1986,1
B000025246,인천미송초등학교,연수구,4.0,0,1,0,78369.4982,784137.1226,0.099944,0,0.0,0.0,78369.4982,0.099944,5271.3676,6.7263,0.0,0,5271.3676,2,6.7263,0.0,8.59296,1.86666,1.86666,0,4,9568,0
B000026469,인천한별초등학교,서구,4.0,0,0,0,94276.2401,784137.1226,0.120229,6,289327.1783,0.368383,383603.4184,0.489205,12808.2171,13.585838,22681.411,3,35489.6281,3,9.251645,-4.334192,16.052874,2.467036,6.801228,1,5,6280,1
B000026466,인천아라초등학교,서구,4.0,0,0,0,56199.4991,784137.1226,0.07167,1,36346.5548,0.046278,92546.0539,0.118023,9268.4729,16.492092,0.0,0,9268.4729,1,10.014984,-6.477107,7.177003,-9.315089,-2.837981,1,4,3418,1
B000003178,갑룡초등학교,강화군,,1,0,0,22567.6997,784137.1226,0.02878,0,0.0,0.0,22567.6997,0.02878,0.0,0.0,0.0,0,0.0,0,0.0,0.0,2.365059,2.365059,2.365059,0,0,0,0
B000003098,인천논곡초등학교,남동구,4.0,0,0,0,176226.6019,784137.1226,0.22474,3,112634.9221,0.143411,288861.5239,0.368381,50646.577,28.739462,26380.3705,4,77026.9475,5,26.6657,-2.073762,24.918933,-3.820529,-1.746767,1,3,3314,1
B000002959,인천영종초등학교,중구,4.0,0,1,0,129892.6773,784137.1226,0.16565,0,0.0,0.0,129892.6773,0.16565,9352.013,7.1998,0.0,0,9352.013,15,7.1998,0.0,7.120405,-0.079395,-0.079395,0,6,7358,0
B000025228,인천예송초등학교,연수구,2.0,0,0,0,98619.4039,784137.1226,0.125768,4,132910.7432,0.169227,231530.1472,0.295267,326.0872,0.330652,1171.8039,1,1497.8911,1,0.646953,0.316301,2.533144,2.202491,1.886191,1,5,3951,1
B000003150,인천건지초등학교,서구,3.0,0,0,0,216674.2525,784137.1226,0.276322,3,17566.0749,0.022366,234240.3274,0.298724,5574.0222,2.572536,0.0,0,5574.0222,1,2.379617,-0.192919,1.723741,-0.848795,-0.655876,1,0,0,0
B000025202,인천장아초등학교,남동구,4.0,0,0,0,79893.7003,784137.1226,0.101887,2,70076.1265,0.089224,149969.8267,0.191255,62771.2283,78.568433,22612.8682,2,85384.0965,3,56.934184,-21.634249,43.066108,-35.502325,-13.868075,1,1,835,1
B000003013,인천영선초등학교,부평구,3.0,0,0,0,152715.3261,784137.1226,0.194756,5,219146.3001,0.279026,371861.6262,0.47423,2691.8956,1.762689,2305.8346,2,4997.7302,4,1.343976,-0.418713,5.829806,4.067117,4.48583,1,4,6175,1
B000003127,인천부현동초등학교,계양구,4.0,0,0,0,249543.0272,784137.1226,0.318239,8,84815.1203,0.10799,334358.1475,0.426403,17912.2952,7.178039,2111.9184,2,20024.2135,4,5.988852,-1.189187,5.547013,-1.631026,-0.441839,1,8,6203,1
B000003012,인천후정초등학교,부평구,3.0,0,0,0,108151.2786,784137.1226,0.137924,5,53621.6692,0.068273,161772.9479,0.206307,1889.8814,1.747442,5166.2006,6,7056.082,6,4.361719,2.614277,5.80962,4.062178,1.447901,1,4,3206,1
B000003007,인천부곡초등학교,부평구,2.0,0,0,0,64437.9398,784137.1226,0.082177,8,205370.321,0.261486,269808.2608,0.344083,557.5665,0.865277,689.9527,1,1247.5192,1,0.462372,-0.402904,1.909335,1.044059,1.446963,1,10,10826,1
B000027505,인천중산초등학교,중구,4.0,0,0,0,153347.8826,784137.1226,0.195563,4,204393.8486,0.260242,357741.7312,0.456223,147084.8592,95.915807,92657.5012,4,239742.3604,7,67.015486,-28.900321,55.900405,-40.015402,-11.115081,1,4,5047,1
B000024924,인천하늘초등학교,중구,4.0,0,0,0,101508.0826,784137.1226,0.129452,4,165747.0524,0.211036,267255.135,0.340827,52342.012,51.564379,4446.4492,2,56788.4612,4,21.248782,-30.315596,30.675713,-20.888666,9.42693,1,2,1800,1
B000003137,인천간재울초등학교,서구,3.0,0,0,0,265502.9402,784137.1226,0.338592,2,14208.3343,0.018091,279711.2745,0.356712,5614.6099,2.114707,0.0,0,5614.6099,4,2.007288,-0.10742,2.30872,0.194013,0.301433,1,0,0,0
B000003148,인천가림초등학교,서구,3.0,0,0,0,290787.756,784137.1226,0.370838,9,90009.5852,0.114604,380797.3412,0.485626,7790.8927,2.679237,1468.6868,1,9259.5795,3,2.431629,-0.247608,3.267989,0.588752,0.836359,1,5,3773,1
B000003189,해명초등학교,강화군,,1,0,0,38138.0828,784137.1226,0.048637,0,0.0,0.0,38138.0828,0.048637,7220.6154,18.932822,0.0,0,7220.6154,1,18.932822,0.0,0.0,-18.932822,-18.932822,0,0,0,0
B000003113,인천화전초등학교,계양구,2.0,0,0,0,360977.3387,784137.1226,0.46035,18,94810.0056,0.120716,455787.3443,0.58126,300.2415,0.083175,0.0,0,300.2415,1,0.065873,-0.017301,0.039936,-0.043239,-0.025937,1,4,2895,1
B000003131,인천효성서초등학교,계양구,4.0,0,0,0,204402.6397,784137.1226,0.260672,3,31814.7652,0.040508,236217.4049,0.301245,10985.4365,5.37441,21858.0655,1,32843.502,1,13.90393,8.529519,16.691048,11.316637,2.787118,1,1,1178,1
B000026155,인천한들초등학교,서구,2.0,0,0,0,148238.8601,784137.1226,0.189047,1,114242.3282,0.145458,262481.1883,0.334739,0.0,0.0,0.0,0,0.0,0,0.0,0.0,0.0,0.0,0.0,1,1,2426,1
B000025248,인천은송초등학교,연수구,1.0,0,0,0,121361.2339,784137.1226,0.15477,3,165078.2058,0.210184,286439.4397,0.365293,0.0,0.0,0.0,0,0.0,0,0.0,0.0,0.0,0.0,0.0,1,1,2100,1
B000003095,인천구월초등학교,남동구,4.0,0,0,0,340052.7283,784137.1226,0.433665,3,151679.8832,0.193125,491732.6115,0.6271,17720.3987,5.211074,9592.4517,1,27312.8504,3,5.554411,0.343337,6.511519,1.300445,0.957108,1,2,4020,1
B000003140,인천초은초등학교,서구,3.0,0,0,0,202913.2435,784137.1226,0.258773,6,152643.2219,0.194351,355556.4653,0.453437,3576.6305,1.76264,0.0,0,3576.6305,1,1.005925,-0.756715,1.139487,-0.623154,0.133562,1,4,3404,1
B000025189,인천송명초등학교,연수구,4.0,0,1,0,70087.9522,784137.1226,0.089382,0,0.0,0.0,70087.9522,0.089382,19519.9853,27.8507,0.0,0,19519.9853,8,27.8507,0.0,29.182409,1.331709,1.331709,0,4,5778,0
B000025677,인천주안초등학교,미추홀구,3.0,0,0,0,286073.2743,784137.1226,0.364826,2,79204.5302,0.100846,365277.8045,0.465834,5149.9191,1.80021,5570.3367,2,10720.2557,2,2.934823,1.134613,1.383412,-0.416798,-1.551411,1,1,2958,1
B000003164,인천가정초등학교,서구,1.0,0,0,0,122136.8894,784137.1226,0.15576,10,157586.5046,0.200645,279723.394,0.356728,0.0,0.0,0.0,0,0.0,0,0.0,0.0,3.71236,3.71236,3.71236,1,4,3587,1
B000003187,양사초등학교,강화군,,1,0,0,784137.1226,784137.1226,1.0,0,0.0,0.0,784137.1226,1.0,0.0,0.0,0.0,0,0.0,0,0.0,0.0,0.0,0.0,0.0,0,0,0,0
B000003133,인천해원초등학교,서구,3.0,0,0,0,311117.1298,784137.1226,0.396764,7,160533.5006,0.204398,471650.6305,0.60149,6142.1274,1.974217,0.0,0,6142.1274,2,1.302262,-0.671955,1.07778,-0.896437,-0.224482,1,5,3831,1
B000002968,인천서림초등학교,동구,1.0,0,0,0,387164.0644,784137.1226,0.493745,3,38091.2245,0.048499,425255.2889,0.542323,0.0,0.0,0.0,0,0.0,0,0.0,0.0,0.0,0.0,0.0,1,1,863,1
B000026333,인천가원초등학교,서구,2.0,0,0,0,213291.0384,784137.1226,0.272007,6,213378.1693,0.271682,426669.2078,0.544126,0.0,0.0,0.0,0,0.0,0,0.0,0.0,0.0,0.0,0.0,1,6,6239,1
B000003175,조산초등학교,강화군,,1,0,0,15500.1412,784137.1226,0.019767,0,0.0,0.0,15500.1412,0.019767,0.0,0.0,0.0,0,0.0,0,0.0,0.0,0.0,0.0,0.0,0,0,0,0
B000003074,인천간석초등학교,남동구,3.0,0,0,0,297890.9731,784137.1226,0.379897,8,263374.4702,0.335339,561265.4434,0.715775,3416.1086,1.146765,14.4434,1,3430.552,2,0.611217,-0.535547,0.712525,-0.43424,0.101308,1,3,5291,1
B000002993,연평초등학교,옹진군,,1,0,0,16688.2642,784137.1226,0.021282,0,0.0,0.0,16688.2642,0.021282,0.0,0.0,0.0,0,0.0,0,0.0,0.0,0.0,0.0,0.0,0,0,0,0
B000025236,인천첨단초등학교,연수구,4.0,0,1,0,68499.9116,784137.1226,0.087357,0,0.0,0.0,68499.9116,0.087357,13254.8699,19.3502,0.0,0,13254.8699,6,19.3502,0.0,15.892668,-3.457532,-3.457532,0,4,7113,0
B000026470,인천이음초등학교,서구,2.0,0,0,0,89369.2523,784137.1226,0.113971,6,345491.8247,0.439894,434861.077,0.554573,0.0,0.0,3208.1198,1,3208.1198,1,0.737734,0.737734,4.138323,4.138323,3.400589,1,8,9981,1
B000003124,인천안산초등학교,계양구,2.0,0,0,0,206721.803,784137.1226,0.26363,4,72026.9673,0.091708,278748.7702,0.355485,0.0,0.0,0.0,0,0.0,0,0.0,0.0,0.597988,0.597988,0.597988,1,2,2134,1
B000003185,하점초등학교,강화군,,1,0,0,15500.1412,784137.1226,0.019767,0,0.0,0.0,15500.1412,0.019767,0.0,0.0,0.0,0,0.0,0,0.0,0.0,0.0,0.0,0.0,0,0,0,0
B000003065,인천신정초등학교,연수구,2.0,0,0,0,197770.9361,784137.1226,0.252215,15,297480.8538,0.378764,495251.7899,0.631588,1324.2893,0.669608,2258.5082,3,3582.7975,3,0.723429,0.053822,2.253013,1.583406,1.529584,1,8,4682,1
B000002962,인천영종초등학교금산분교장,중구,1.0,0,0,0,67578.6647,784137.1226,0.086182,0,0.0,0.0,67578.6647,0.086182,0.0,0.0,0.0,0,0.0,0,0.0,0.0,0.0,0.0,0.0,0,0,0,0
B000003158,인천원당초등학교,서구,3.0,0,1,0,121480.0547,784137.1226,0.154922,0,0.0,0.0,121480.0547,0.154922,3148.6415,2.5919,0.0,0,3148.6415,1,2.5919,0.0,2.328957,-0.262943,-0.262943,0,2,2675,0
B000025512,인천용학초등학교,미추홀구,2.0,0,0,0,19482.1717,784137.1226,0.024845,0,0.0,0.0,19482.1717,0.024845,0.0,0.0,0.0,0,0.0,0,0.0,0.0,5.258843,5.258843,5.258843,0,1,821,0
B000003087,인천원동초등학교,남동구,3.0,0,0,0,110902.8095,784137.1226,0.141433,7,342621.1521,0.436239,453523.9616,0.578373,1321.5847,1.19166,20556.4616,6,21878.0463,6,4.824011,3.632351,7.411322,6.219662,2.587311,1,7,6990,1
B000025222,인천현송초등학교,연수구,2.0,0,0,0,98082.8074,784137.1226,0.125084,3,98497.9078,0.125411,196580.7152,0.250697,0.0,0.0,0.0,0,0.0,0,0.0,0.0,3.85895,3.85895,3.85895,1,2,1989,1
B000003016,인천부일초등학교,부평구,3.0,0,0,0,144231.5686,784137.1226,0.183937,4,130751.118,0.166477,274982.6867,0.350682,6761.3378,4.687835,14031.8659,7,20793.2037,8,7.561641,2.873806,7.703199,3.015364,0.141558,1,5,5520,1
B000003170,인천서곶초등학교,서구,4.0,0,0,0,104956.7041,784137.1226,0.13385,0,0.0,0.0,104956.7041,0.13385,17956.7908,17.10876,0.0,0,17956.7908,2,17.10876,0.0,21.158226,4.049466,4.049466,0,0,0,0
B000026504,인천송담초등학교,연수구,4.0,0,1,1,87899.2695,784137.1226,0.112097,0,0.0,0.0,87899.2695,0.112097,18224.721,20.733643,0.0,0,18224.721,1,20.733643,0.0,7.598309,-13.135335,-13.135335,0,1,2708,0
B000003176,화도초등학교,강화군,,1,0,0,38138.0828,784137.1226,0.048637,0,0.0,0.0,38138.0828,0.048637,7220.6154,18.932822,0.0,0,7220.6154,1,18.932822,0.0,0.0,-18.932822,-18.932822,0,0,0,0
B000003139,인천청라초등학교,서구,4.0,0,0,0,322154.6006,784137.1226,0.41084,4,98530.0161,0.125452,420684.6168,0.536494,53647.6926,16.652779,0.0,0,53647.6926,4,12.752473,-3.900306,19.414704,2.761925,6.662231,1,4,3078,1
B000025210,인천연송초등학교,연수구,2.0,0,0,0,118467.8202,784137.1226,0.15108,9,225604.3534,0.287248,344072.1736,0.438791,370.1877,0.31248,3081.1015,2,3451.2891,2,1.003071,0.690592,0.444918,0.132439,-0.558153,1,6,4051,1
B000003179,강화초등학교,강화군,,1,0,0,784137.1226,784137.1226,1.0,0,0.0,0.0,784137.1226,1.0,17893.4592,2.28193,0.0,0,17893.4592,2,2.28193,0.0,2.278266,-0.003664,-0.003664,0,0,0,0
B000003101,인천인동초등학교,남동구,2.0,0,0,0,272745.4177,784137.1226,0.347829,13,133709.7298,0.170245,406455.1475,0.518347,1938.3523,0.710682,797.6078,2,2735.9601,4,0.673127,-0.037555,1.480249,0.769567,0.807122,1,3,3452,1
B000002982,인천석암초등학교,미추홀구,1.0,0,0,0,236063.3927,784137.1226,0.301049,1,48646.236,0.061938,284709.6287,0.363087,0.0,0.0,0.0,0,0.0,0,0.0,0.0,0.0,0.0,0.0,1,0,0,0
B000002956,인천운남초등학교,중구,4.0,0,0,0,185316.642,784137.1226,0.236332,1,55989.2976,0.071288,241305.9396,0.307734,9412.5206,5.079156,0.0,0,9412.5206,3,3.900658,-1.178497,6.384302,1.305146,2.483643,1,1,1022,1
B000003153,인천완정초등학교,서구,4.0,0,0,0,208485.2887,784137.1226,0.265879,8,103281.2967,0.131502,311766.5853,0.397592,11398.7924,5.467432,8040.5034,2,19439.2959,2,6.235208,0.767776,22.818356,17.350924,16.583148,1,3,2532,1
B000003160,인천창신초등학교,서구,3.0,0,0,0,199780.5298,784137.1226,0.254778,4,67094.0911,0.085427,266874.6209,0.340342,2857.4162,1.430278,1414.7692,1,4272.1853,2,1.600821,0.170544,2.445146,1.014868,0.844325,1,1,938,1
B000026332,인천백석초등학교,서구,4.0,0,0,0,171318.0784,784137.1226,0.21848,6,156680.269,0.199492,327998.3473,0.418292,13089.362,7.640386,6288.0736,2,19377.4356,4,5.907785,-1.732601,9.718103,2.077717,3.810318,1,2,1956,1
B000003186,명신초등학교,강화군,,1,0,0,15500.1412,784137.1226,0.019767,0,0.0,0.0,15500.1412,0.019767,0.0,0.0,0.0,0,0.0,0,0.0,0.0,0.0,0.0,0.0,0,0,0,0
B000003122,인천계양초등학교,계양구,3.0,0,0,0,250770.4576,784137.1226,0.319804,3,25972.2031,0.033069,276742.6607,0.352926,5240.838,2.089894,190.2208,1,5431.0588,4,1.962494,-0.1274,1.413188,-0.676707,-0.549307,1,1,1192,1
B000003194,서도초등학교,강화군,,1,0,0,784137.1226,784137.1226,1.0,0,0.0,0.0,784137.1226,1.0,0.0,0.0,0.0,0,0.0,0,0.0,0.0,0.0,0.0,0.0,0,0,0,0
B000003112,인천성지초등학교,계양구,3.0,0,0,0,215078.3249,784137.1226,0.274287,4,30329.7281,0.038617,245408.0531,0.312966,6752.8111,3.139699,2190.8029,2,8943.614,2,3.644385,0.504686,2.46492,-0.674779,-1.179465,1,2,1567,1
B000003120,인천당산초등학교,계양구,3.0,0,0,0,72289.5662,784137.1226,0.09219,2,22288.7759,0.028379,94578.3421,0.120615,1751.1424,2.4224,0.0,0,1751.1424,1,1.851526,-0.570874,2.611861,0.189461,0.760335,1,1,630,1
B000002967,인천서흥초등학교,동구,4.0,0,0,0,364131.6543,784137.1226,0.464372,5,68383.5292,0.087069,432515.1834,0.551581,19076.7545,5.238972,6337.1939,1,25413.9483,2,5.875851,0.636879,5.818964,0.579992,-0.056887,1,2,1075,1
B000003192,교동초등학교,강화군,,1,0,0,15500.1412,784137.1226,0.019767,0,0.0,0.0,15500.1412,0.019767,0.0,0.0,0.0,0,0.0,0,0.0,0.0,0.0,0.0,0.0,0,0,0,0
B000003134,인천경명초등학교,서구,2.0,0,0,0,81911.6595,784137.1226,0.104461,2,87196.0047,0.111021,169107.6642,0.215661,0.0,0.0,0.0,0,0.0,0,0.0,0.0,19.861496,19.861496,19.861496,1,3,2915,1
B000003184,삼성초등학교,강화군,,1,0,0,15500.1412,784137.1226,0.019767,0,0.0,0.0,15500.1412,0.019767,0.0,0.0,0.0,0,0.0,0,0.0,0.0,0.0,0.0,0.0,0,0,0,0
B000022839,인천청일초등학교,서구,4.0,0,0,0,222765.5922,784137.1226,0.28409,3,94160.6305,0.119889,316926.2227,0.404172,179433.2531,80.548011,65326.2941,1,244759.5471,1,77.229188,-3.318823,72.374996,-8.173015,-4.854192,1,2,2900,1
B000026471,인천신검단초등학교,서구,2.0,0,0,0,75751.661,784137.1226,0.096605,2,85813.4813,0.109261,161565.1423,0.206042,0.0,0.0,0.0,0,0.0,0,0.0,0.0,0.0,0.0,0.0,1,1,1425,1
B000003141,인천양지초등학교,서구,4.0,0,0,0,170110.7401,784137.1226,0.21694,2,9630.923,0.012262,179741.663,0.229222,20185.5995,11.866152,6.9637,1,20192.5632,4,11.234214,-0.631938,18.098799,6.232647,6.864585,1,2,1602,1
B000003190,삼산초등학교,강화군,,1,0,0,13513.9293,784137.1226,0.017234,0,0.0,0.0,13513.9293,0.017234,0.0,0.0,0.0,0,0.0,0,0.0,0.0,0.0,0.0,0.0,0,0,0,0
B000026467,인천해든초등학교,서구,3.0,0,0,0,109738.8654,784137.1226,0.139949,9,345168.8654,0.439483,454907.7308,0.580138,1905.4566,1.736355,24206.6793,4,26112.1359,5,5.740095,4.00374,11.830423,10.094068,6.090328,1,9,8444,1
B000003083,인천도림초등학교,남동구,4.0,0,0,0,87446.3053,784137.1226,0.111519,3,45297.4017,0.057674,132743.707,0.169286,6870.1282,7.856396,1451.118,1,8321.2462,4,6.268656,-1.58774,2.402813,-5.453583,-3.865843,1,2,1356,1
B000003177,대월초등학교,강화군,,1,0,0,22567.6997,784137.1226,0.02878,0,0.0,0.0,22567.6997,0.02878,0.0,0.0,0.0,0,0.0,0,0.0,0.0,0.0,0.0,0.0,0,0,0,0
B000002997,북포초등학교,옹진군,,1,0,0,16688.2642,784137.1226,0.021282,0,0.0,0.0,16688.2642,0.021282,0.0,0.0,0.0,0,0.0,0,0.0,0.0,0.0,0.0,0.0,0,0,0,0
B000003094,인천신월초등학교,남동구,3.0,0,0,0,281260.273,784137.1226,0.358688,0,0.0,0.0,281260.273,0.358688,13028.06,4.63203,0.0,0,13028.06,3,4.63203,-0.0,4.961711,0.329681,0.329681,0,0,0,0
B000003171,인천검암초등학교,서구,4.0,0,0,0,179603.9281,784137.1226,0.229047,2,58304.735,0.074236,237908.6631,0.303402,10210.6328,5.685083,1238.5197,1,11449.1525,3,4.812415,-0.872668,3.079216,-2.605867,-1.733199,1,2,1668,1
B000022834,인천청람초등학교,서구,4.0,0,0,0,295108.9114,784137.1226,0.376349,6,182686.3103,0.232603,477795.2216,0.609326,70480.1632,23.882763,0.0,0,70480.1632,3,14.751123,-9.13164,15.249442,-8.633322,0.498318,1,3,3815,1
B000003169,인천신현초등학교,서구,2.0,0,0,0,404750.8399,784137.1226,0.516174,1,12265.4972,0.015617,417016.3371,0.531816,792.2588,0.19574,0.0,0,792.2588,1,0.189983,-0.005757,0.256878,0.061138,0.066895,1,1,778,1
B000003085,인천장도초등학교,남동구,2.0,0,0,0,88576.0505,784137.1226,0.11296,3,54474.5413,0.069359,143050.5919,0.182431,692.3503,0.781645,1044.8559,1,1737.2062,1,1.2144,0.432755,3.568172,2.786527,2.353772,1,6,6689,1
B000003161,인천금곡초등학교,서구,3.0,0,0,0,189091.3695,784137.1226,0.241146,5,81715.3641,0.104043,270806.7336,0.345356,4667.8682,2.468578,348.9738,1,5016.842,3,1.852554,-0.616024,1.460204,-1.008374,-0.392351,1,2,1176,1
B000025256,인천송원초등학교,연수구,4.0,0,0,0,221337.8196,784137.1226,0.282269,4,101780.5159,0.129591,323118.3354,0.412069,45891.394,20.733643,15781.2332,1,61672.6272,2,19.0867,-1.646943,27.897777,7.164134,8.811077,1,2,1281,1
B000003004,인천남부초등학교이작분교장,옹진군,,1,0,0,9895.0532,784137.1226,0.012619,0,0.0,0.0,9895.0532,0.012619,0.0,0.0,0.0,0,0.0,0,0.0,0.0,0.0,0.0,0.0,0,0,0,0
B000003183,불은초등학교,강화군,,1,0,0,15500.1412,784137.1226,0.019767,0,0.0,0.0,15500.1412,0.019767,0.0,0.0,0.0,0,0.0,0,0.0,0.0,0.0,0.0,0.0,0,0,0,0
B000003082,인천만수초등학교,남동구,3.0,0,0,0,216405.1663,784137.1226,0.275979,7,114528.2727,0.145822,330933.439,0.422035,10473.152,4.839604,0.9503,1,10474.1024,6,3.165018,-1.674586,2.141905,-2.697698,-1.023113,1,5,3445,1
B000002980,인천관교초등학교,미추홀구,3.0,0,0,0,393519.4238,784137.1226,0.50185,5,76482.4391,0.09738,470001.8628,0.599387,6578.8696,1.671803,1383.8979,2,7962.7675,6,1.694199,0.022396,1.949597,0.277794,0.255398,1,0,0,1
B000003110,인천해서초등학교,계양구,2.0,0,0,0,197434.4469,784137.1226,0.251786,2,8793.2565,0.011196,206227.7034,0.263,1150.1642,0.582555,0.0,0,1150.1642,1,0.557716,-0.024839,0.188823,-0.393732,-0.368892,1,0,0,0
B000025196,인천장서초등학교,남동구,4.0,0,0,0,80326.8148,784137.1226,0.10244,6,282694.1035,0.359937,363020.9184,0.462956,5594.1531,6.964241,6770.0316,3,12364.1848,3,3.405915,-3.558326,9.355421,2.39118,5.949506,1,7,7142,1
B000003045,인천한길초등학교,부평구,3.0,0,0,0,365653.8104,784137.1226,0.466314,8,99902.2802,0.1272,465556.0906,0.593718,14176.6558,3.87707,4374.0932,6,18550.7491,10,3.984643,0.107573,7.892339,4.015268,3.907695,1,7,6166,1
B000003167,인천석남서초등학교,서구,2.0,0,0,0,336426.9885,784137.1226,0.429041,9,29919.9519,0.038095,366346.9404,0.467198,0.0,0.0,0.0,0,0.0,0,0.0,0.0,0.0,0.0,0.0,1,0,0,0
B000003173,길상초등학교,강화군,,1,0,0,15500.1412,784137.1226,0.019767,0,0.0,0.0,15500.1412,0.019767,0.0,0.0,0.0,0,0.0,0,0.0,0.0,0.0,0.0,0.0,0,0,0,0
B000025206,인천새봄초등학교,연수구,4.0,0,1,0,784137.1226,784137.1226,1.0,0,0.0,0.0,784137.1226,1.0,77460.9891,9.8785,0.0,0,77460.9891,1,9.8785,0.0,0.02547,-9.85303,-9.85303,0,3,2844,0
B000003033,인천부마초등학교,부평구,1.0,0,0,0,185647.1842,784137.1226,0.236753,7,161358.3653,0.205448,347005.5495,0.442532,0.0,0.0,0.0,0,0.0,0,0.0,0.0,0.0,0.0,0.0,1,5,6693,1
B000003182,선원초등학교,강화군,,1,0,0,15500.1412,784137.1226,0.019767,0,0.0,0.0,15500.1412,0.019767,0.0,0.0,0.0,0,0.0,0,0.0,0.0,0.0,0.0,0.0,0,0,0,0
B000003009,인천대정초등학교,부평구,2.0,0,0,0,200625.2174,784137.1226,0.255855,4,178722.382,0.227556,379347.5994,0.483777,0.0,0.0,0.0,0,0.0,0,0.0,0.0,2.163765,2.163765,2.163765,1,2,3700,1
B000003000,인천삼목초등학교장봉분교장,옹진군,,1,0,0,784137.1226,784137.1226,1.0,0,0.0,0.0,784137.1226,1.0,0.0,0.0,0.0,0,0.0,0,0.0,0.0,0.0,0.0,0.0,0,0,0,0
B000003119,인천소양초등학교,계양구,3.0,0,0,0,200107.8495,784137.1226,0.255195,5,44679.1832,0.056887,244787.0328,0.312174,2549.8966,1.274261,0.0,0,2549.8966,2,1.04168,-0.232582,0.819921,-0.45434,-0.221759,1,2,1216,1
B000003111,인천안남초등학교,계양구,2.0,0,0,0,324394.3912,784137.1226,0.413696,9,52147.8954,0.066397,376542.2866,0.4802,956.9982,0.295011,0.0,0,956.9982,3,0.254154,-0.040856,0.618262,0.323251,0.364108,1,3,2770,1
B000002995,영흥초등학교,옹진군,,1,0,0,37509.7039,784137.1226,0.047836,0,0.0,0.0,37509.7039,0.047836,0.0,0.0,0.0,0,0.0,0,0.0,0.0,0.0,0.0,0.0,0,0,0,0
B000003064,인천옥련초등학교,연수구,2.0,0,0,0,352048.5055,784137.1226,0.448963,15,113649.7315,0.144703,465698.237,0.593899,1995.8723,0.566931,1253.8873,1,3249.7596,2,0.697825,0.130894,0.607669,0.040738,-0.090156,1,5,3977,1
B000003063,인천문남초등학교,연수구,4.0,0,0,0,270934.8317,784137.1226,0.34552,6,114631.7893,0.145954,385566.621,0.491708,117937.7496,43.529933,49022.8097,1,166960.5592,5,43.302649,-0.227284,41.637036,-1.892897,-1.665613,1,2,1410,1
B000003059,인천동춘초등학교,연수구,4.0,0,0,0,177572.3492,784137.1226,0.226456,7,231167.194,0.294331,408739.5432,0.52126,67620.3803,38.080467,38577.5796,4,106197.9598,4,25.981817,-12.09865,21.089194,-16.991273,-4.892623,1,3,2943,1
B000003068,인천먼우금초등학교,연수구,4.0,0,0,0,160081.8548,784137.1226,0.20415,8,282716.7397,0.359966,442798.5945,0.564695,82682.4381,51.6501,178736.2669,9,261418.705,9,59.037835,7.387735,59.906608,8.256508,0.868773,1,5,3500,1
B000003023,인천부평북초등학교,부평구,4.0,0,0,0,230077.4563,784137.1226,0.293415,6,74580.4136,0.094959,304657.8699,0.388526,14542.1162,6.320531,0.0,0,14542.1162,1,4.773261,-1.547269,5.807582,-0.512948,1.034321,1,2,1434,1
B000003097,인천논현초등학교,남동구,3.0,0,0,0,243752.9575,784137.1226,0.310855,5,151278.1595,0.192613,395031.117,0.503778,3150.9189,1.292669,1419.7982,1,4570.7171,3,1.157052,-0.135617,3.064398,1.771729,1.907346,1,5,4198,1
B000003066,인천해송초등학교,연수구,4.0,0,0,0,184696.5862,784137.1226,0.235541,3,159282.9332,0.202805,343979.5195,0.438673,97436.389,52.75484,34718.5086,4,132154.8977,5,38.419409,-14.335431,40.380461,-12.374379,1.961052,1,3,2293,1
B000003132,인천계양초등학교상야분교장,계양구,3.0,0,1,0,103139.1245,784137.1226,0.131532,0,0.0,0.0,103139.1245,0.131532,1064.0355,1.031651,0.0,0,1064.0355,1,1.031651,0.0,0.236417,-0.795234,-0.795234,0,0,0,0
B000003128,인천작전초등학교,계양구,3.0,0,0,0,206892.1842,784137.1226,0.263847,5,52952.8334,0.067422,259845.0175,0.331377,10336.2598,4.995964,0.0,0,10336.2598,1,3.977856,-1.018109,1.7048,-3.291164,-2.273055,1,2,1176,1
B000003159,인천발산초등학교,서구,4.0,0,0,0,180657.357,784137.1226,0.23039,6,112742.5286,0.143548,293399.8856,0.374169,27430.2894,15.183599,2749.3389,1,30179.6283,3,10.286176,-4.897424,5.032376,-10.151224,-5.2538,1,3,3248,1
B000003138,인천경서초등학교,서구,3.0,0,0,0,160355.1637,784137.1226,0.204499,3,47221.9429,0.060125,207577.1065,0.26472,4179.9591,2.606688,176.0555,1,4356.0146,2,2.098504,-0.508184,1.519078,-1.08761,-0.579426,1,2,1132,1
B000003079,인천만수북초등학교,남동구,2.0,0,0,0,143612.6204,784137.1226,0.183147,1,15074.299,0.019193,158686.9194,0.202371,0.0,0.0,0.0,0,0.0,0,0.0,0.0,0.507161,0.507161,0.507161,1,0,0,0
B000003157,인천단봉초등학교,서구,3.0,0,0,0,214559.5545,784137.1226,0.273625,6,153440.2146,0.195366,367999.7691,0.469305,7130.4015,3.323274,3336.5897,1,10466.9912,4,2.844293,-0.478981,1.836372,-1.486902,-1.007921,1,1,731,1
B000003067,인천신송초등학교,연수구,4.0,0,0,0,66900.3333,784137.1226,0.085317,5,238343.6756,0.303469,305244.0088,0.389274,52303.2961,78.18092,166766.9336,10,219070.2297,10,71.768888,-6.412033,75.144765,-3.036155,3.375877,1,6,3421,1
B000003041,인천용마초등학교,부평구,2.0,0,0,0,96038.0042,784137.1226,0.122476,1,10997.3184,0.014002,107035.3226,0.136501,0.0,0.0,0.0,0,0.0,0,0.0,0.0,0.669666,0.669666,0.669666,1,2,3880,1
B000003048,인천명선초등학교,연수구,4.0,0,1,1,79397.0991,784137.1226,0.101254,0,0.0,0.0,79397.0991,0.101254,16461.9113,20.733643,0.0,0,16461.9113,2,20.733643,0.0,0.508478,-20.225165,-20.225165,0,3,1613,0
B000003109,인천효성초등학교,계양구,3.0,0,0,0,148268.1593,784137.1226,0.189084,3,17938.8125,0.02284,166206.9718,0.211962,5628.3366,3.796052,0.0,0,5628.3366,1,3.386342,-0.40971,2.899596,-0.896456,-0.486746,1,3,2182,1
B000002975,인천용현남초등학교,미추홀구,2.0,0,0,0,34265.8132,784137.1226,0.043699,3,67860.6408,0.086403,102126.4541,0.130241,0.0,0.0,0.0,0,0.0,0,0.0,0.0,6.581892,6.581892,6.581892,1,3,2501,1
B000003114,인천서운초등학교,계양구,4.0,0,0,0,159316.8642,784137.1226,0.203175,5,132138.3247,0.168244,291455.1889,0.371689,10875.4626,6.82631,9473.0729,4,20348.5355,4,6.981703,0.155393,9.534731,2.708422,2.553029,1,4,4289,1
B000003054,인천연화초등학교,연수구,3.0,0,0,0,307137.6282,784137.1226,0.391689,6,127015.9222,0.161722,434153.5503,0.55367,13963.1695,4.546226,329.0641,1,14292.2336,4,3.291977,-1.254249,4.30782,-0.238405,1.015844,1,5,5976,1
B000002955,인천연안초등학교,중구,1.0,0,0,0,196543.5348,784137.1226,0.250649,1,57222.487,0.072858,253766.0218,0.323625,0.0,0.0,0.0,0,0.0,0,0.0,0.0,0.0,0.0,0.0,1,3,2008,1
B000002965,인천창영초등학교,동구,2.0,0,0,0,187408.7639,784137.1226,0.239,2,9514.9388,0.012115,196923.7027,0.251134,1027.1482,0.548079,0.0,0,1027.1482,1,0.521597,-0.026482,0.130781,-0.417298,-0.390816,1,0,0,0
B000003027,인천부원초등학교,부평구,1.0,0,0,0,216734.69,784137.1226,0.276399,3,128842.0015,0.164047,345576.6915,0.44071,0.0,0.0,2577.288,1,2577.288,1,0.745793,0.745793,1.829196,1.829196,1.083403,1,3,3395,1
B000003099,인천새말초등학교,남동구,3.0,0,0,0,347449.3917,784137.1226,0.443098,7,225553.9308,0.287184,573003.3225,0.730744,8191.5191,2.357615,9323.6887,3,17515.2078,5,3.056738,0.699123,2.925656,0.568041,-0.131082,1,4,6828,1
B000002960,인성초등학교,중구,4.0,0,0,0,321343.8515,784137.1226,0.409806,0,0.0,0.0,321343.8515,0.409806,59796.4002,18.608229,0.0,0,59796.4002,1,18.608229,0.0,8.658365,-9.949864,-9.949864,0,0,0,0
B000003044,인천삼산초등학교,부평구,4.0,0,0,0,297738.523,784137.1226,0.379702,11,134075.0454,0.17071,431813.5684,0.550686,16127.0823,5.416525,4692.5965,4,20819.6788,5,4.821451,-0.595074,4.469357,-0.947168,-0.352094,1,6,5164,1
B000003015,인천구산초등학교,부평구,4.0,0,0,0,285543.8704,784137.1226,0.36415,9,151926.6142,0.193439,437470.4846,0.5579,17152.8175,6.007069,7349.1901,5,24502.0075,8,5.600837,-0.406232,8.485472,2.478403,2.884635,1,6,5976,1
B000002950,인천신광초등학교,중구,1.0,0,0,0,294963.7167,784137.1226,0.376163,4,36367.3773,0.046304,331331.0941,0.422542,0.0,0.0,0.0,0,0.0,0,0.0,0.0,0.062797,0.062797,0.062797,1,0,0,0
B000002976,인천학산초등학교,미추홀구,3.0,0,0,0,207520.3204,784137.1226,0.264648,3,107552.5402,0.13694,315072.8605,0.401808,5904.9488,2.84548,4983.7374,2,10888.6863,5,3.455926,0.610447,2.701048,-0.144431,-0.754878,1,3,4277,1
B000003092,인천송천초등학교,남동구,4.0,0,0,0,176208.2562,784137.1226,0.224716,5,163135.8231,0.207711,339344.0793,0.432761,125953.7845,71.48007,64411.0849,6,190364.8694,6,56.09789,-15.382179,62.990889,-8.489181,6.892999,1,3,3756,1
B000002986,인천대화초등학교,미추홀구,2.0,0,0,0,298701.2973,784137.1226,0.38093,1,35437.7975,0.045121,334139.0948,0.426123,1849.3714,0.619137,0.0,0,1849.3714,1,0.553474,-0.065664,0.521986,-0.097152,-0.031488,1,2,1897,1
B000002992,인천연학초등학교,미추홀구,4.0,0,0,0,308350.6292,784137.1226,0.393236,12,169135.6499,0.21535,477486.2791,0.608932,21230.6788,6.885239,15355.0398,5,36585.7186,6,7.662151,0.776911,6.335661,-0.549579,-1.32649,1,6,5164,1
B000003123,인천계산초등학교,계양구,3.0,0,1,0,245426.2382,784137.1226,0.312989,0,0.0,0.0,245426.2382,0.312989,6771.5553,2.7591,0.0,0,6771.5553,4,2.7591,0.0,4.029777,1.270677,1.270677,0,0,0,0
B000002987,인천주안북초등학교,미추홀구,2.0,0,0,0,270348.8373,784137.1226,0.344772,3,15054.5845,0.019168,285403.4219,0.363971,0.0,0.0,0.0,0,0.0,0,0.0,0.0,0.267625,0.267625,0.267625,1,0,0,0
B000003144,인천석남초등학교,서구,2.0,0,1,1,211884.3872,784137.1226,0.270213,0,0.0,0.0,211884.3872,0.270213,903.3496,0.426341,0.0,0,903.3496,1,0.426341,0.0,0.805083,0.378742,0.378742,0,0,0,0
B000003168,인천가현초등학교,서구,2.0,0,0,0,155327.5762,784137.1226,0.198087,5,200396.4831,0.255153,355724.0593,0.45365,193.4617,0.124551,120.1932,1,313.6548,1,0.088174,-0.036377,0.109831,-0.01472,0.021657,1,6,9063,1
B000003142,인천심곡초등학교,서구,4.0,0,0,0,291902.9973,784137.1226,0.37226,1,1094.7198,0.001394,292997.717,0.373656,41899.2899,14.35384,1094.7198,1,42994.0097,5,14.673838,0.319998,14.850669,0.496828,0.176831,0,1,1048,0
B000002996,덕적초등학교,옹진군,,1,0,0,9895.0532,784137.1226,0.012619,0,0.0,0.0,9895.0532,0.012619,0.0,0.0,0.0,0,0.0,0,0.0,0.0,0.0,0.0,0.0,0,0,0,0
B000003025,인천부개초등학교,부평구,2.0,0,0,0,342107.2391,784137.1226,0.436285,2,24189.2096,0.030799,366296.4487,0.467133,1470.2657,0.429767,415.3792,1,1885.6449,2,0.514787,0.085019,2.697767,2.268,2.182981,1,3,2471,1
B000003103,인천담방초등학교,남동구,4.0,0,0,0,102803.8819,784137.1226,0.131104,7,110380.743,0.140541,213184.6249,0.271872,5351.8372,5.205871,0.0,0,5351.8372,1,2.510424,-2.695447,1.508647,-3.697223,-1.001776,1,7,5562,1
B000003088,인천사리울초등학교,남동구,3.0,0,0,0,149060.0694,784137.1226,0.190094,4,130623.9023,0.166316,279683.9718,0.356677,4645.5193,3.116542,11400.1844,2,16045.7037,3,5.737084,2.620542,16.589026,13.472484,10.851942,1,2,1366,1
B000002957,인천공항초등학교,중구,4.0,0,0,0,268326.7673,784137.1226,0.342194,5,110234.7876,0.140355,378561.5549,0.482775,15471.7662,5.766017,12699.7641,4,28171.5303,5,7.44173,1.675714,12.60961,6.843594,5.16788,1,2,1390,1
B000003075,인천구월서초등학교,남동구,4.0,0,0,0,305747.7279,784137.1226,0.389916,2,78669.1335,0.100165,384416.8614,0.490242,30878.3068,10.099276,8522.057,3,39400.3637,5,10.249385,0.150109,6.892324,-3.206952,-3.357061,1,1,760,1
B000002964,인천송현초등학교,동구,2.0,0,0,0,223537.1453,784137.1226,0.285074,5,113947.0015,0.145082,337484.1468,0.430389,505.8652,0.2263,259.3264,2,765.1916,3,0.226734,0.000434,1.327519,1.101219,1.100785,1,4,4411,1
B000003051,인천능허대초등학교,연수구,2.0,0,0,0,333300.7077,784137.1226,0.425054,10,67581.1107,0.086047,400881.8184,0.511239,3143.7943,0.943231,378.6987,1,3522.493,3,0.878686,-0.064544,0.607669,-0.335561,-0.271017,1,5,3977,1
B000003035,인천산곡남초등학교,부평구,2.0,0,0,0,230707.783,784137.1226,0.294219,6,92737.7245,0.118077,323445.5075,0.412486,0.0,0.0,409.9927,1,409.9927,1,0.126758,0.126758,1.770805,1.770805,1.644047,1,2,2199,1
B000003152,인천검단초등학교,서구,2.0,0,0,0,176456.3904,784137.1226,0.225033,2,11084.8691,0.014114,187541.2595,0.239169,168.1148,0.095273,0.0,0,168.1148,1,0.089642,-0.005631,0.663699,0.568426,0.574058,1,1,545,1
B000003107,인천효성동초등학교,계양구,2.0,0,0,0,175089.4967,784137.1226,0.223289,6,142433.5025,0.181352,317522.9992,0.404933,0.0,0.0,0.0,0,0.0,0,0.0,0.0,1.840484,1.840484,1.840484,1,2,1225,1
B000003166,인천마전초등학교,서구,3.0,0,0,0,122422.6596,784137.1226,0.156124,4,65906.7653,0.083915,188329.4249,0.240174,1760.4807,1.438035,1230.059,1,2990.5396,2,1.58793,0.149895,3.430968,1.992933,1.843038,1,2,2243,1
B000003105,인천서창초등학교,남동구,3.0,0,0,0,220658.9023,784137.1226,0.281403,4,94364.1189,0.120148,315023.0212,0.401745,6693.6785,3.033496,535.3195,1,7228.9981,4,2.294752,-0.738743,2.756078,-0.277417,0.461326,1,5,2896,1
B000002979,인천문학초등학교,미추홀구,3.0,0,0,0,250424.4726,784137.1226,0.319363,6,30173.6022,0.038418,280598.0748,0.357843,5030.7917,2.008906,0.0,0,5030.7917,3,1.792882,-0.216024,1.461037,-0.547868,-0.331844,1,0,0,0
B000003030,인천부평남초등학교,부평구,2.0,0,0,0,273642.9768,784137.1226,0.348973,3,55466.4367,0.070622,329109.4135,0.419709,1458.289,0.532917,9187.2341,1,10645.5231,1,3.234646,2.701729,6.765356,6.232439,3.53071,1,1,2475,1
B000003005,인천용현남초등학교자월분교장,옹진군,,1,0,0,9895.0532,784137.1226,0.012619,0,0.0,0.0,9895.0532,0.012619,0.0,0.0,0.0,0,0.0,0,0.0,0.0,0.0,0.0,0.0,0,0,0,0
B000003019,인천부광초등학교,부평구,4.0,0,0,0,329398.4843,784137.1226,0.420078,8,135744.6846,0.172836,465143.1689,0.593191,18642.7344,5.65963,4745.5422,4,23388.2766,7,5.028189,-0.631441,6.074435,0.414805,1.046246,1,6,6823,1
B000003040,인천동암초등학교,부평구,3.0,0,0,0,319719.7431,784137.1226,0.407734,3,125271.7235,0.159501,444991.4667,0.567492,3657.7295,1.144042,8924.0869,2,12581.8163,4,2.827429,1.683386,7.206151,6.062109,4.378723,1,0,0,1
B000002984,인천승학초등학교,미추홀구,4.0,0,0,0,160252.6363,784137.1226,0.204368,4,55469.0513,0.070625,215721.6876,0.275107,114431.708,71.407067,43741.422,1,158173.13,1,73.322776,1.915709,47.807803,-23.599264,-25.514973,1,0,0,1
B000003017,인천부내초등학교,부평구,4.0,0,0,0,51987.451,784137.1226,0.066299,5,137088.431,0.174546,189075.8821,0.241126,14894.4415,28.650071,6594.1115,4,21488.553,5,11.365042,-17.285029,5.253676,-23.396395,-6.111366,1,5,5099,1
B000002963,인천만석초등학교,동구,3.0,0,1,0,225827.6411,784137.1226,0.287995,0,0.0,0.0,225827.6411,0.287995,6915.0682,3.0621,0.0,0,6915.0682,4,3.0621,0.0,2.786747,-0.275353,-0.275353,0,1,560,0
B000003143,인천신석초등학교,서구,4.0,0,1,1,116022.1606,784137.1226,0.147962,0,0.0,0.0,116022.1606,0.147962,8521.4796,7.3447,0.0,0,8521.4796,1,7.3447,0.0,1.174995,-6.169705,-6.169705,0,1,778,0
B000003100,인천조동초등학교,남동구,4.0,0,0,0,246541.4991,784137.1226,0.314411,5,89794.9188,0.11433,336336.418,0.428926,18668.1965,7.57203,7473.5053,2,26141.7018,4,7.772486,0.200456,24.657447,17.085417,16.884961,1,4,4822,1
B000025756,인천청호초등학교,서구,4.0,0,0,0,249231.1801,784137.1226,0.317841,6,272003.273,0.346325,521234.4531,0.664724,69317.186,27.812405,0.0,0,69317.186,3,13.298658,-14.513748,11.898133,-15.914272,-1.400525,1,3,3327,1
B000022832,인천한빛초등학교,남동구,4.0,0,0,0,91110.8057,784137.1226,0.116192,5,227571.078,0.289752,318681.8838,0.406411,18727.3841,20.554515,12301.1652,4,31028.5493,5,9.736528,-10.817987,16.3115,-4.243015,6.574973,1,5,4445,1
B000003106,경인교육대학교부설초등학교,계양구,4.0,0,0,0,135450.3888,784137.1226,0.172738,4,45858.4966,0.058389,181308.8855,0.231221,10068.9783,7.433702,0.0,0,10068.9783,1,5.553494,-1.880208,2.899596,-4.534106,-2.653898,1,3,2182,1
B000003020,인천일신초등학교,부평구,3.0,0,0,0,258699.1756,784137.1226,0.329916,4,46044.5346,0.058626,304743.7102,0.388636,3906.7815,1.510164,0.0,0,3906.7815,2,1.281989,-0.228175,0.574962,-0.935202,-0.707028,1,2,1481,1
B000003046,인천굴포초등학교,부평구,4.0,0,0,0,198697.2679,784137.1226,0.253396,4,85176.0354,0.108449,283873.3033,0.36202,10275.2895,5.171329,3799.3784,3,14074.6679,3,4.958081,-0.213248,8.704822,3.533493,3.746741,1,4,4793,1
B000003042,인천마장초등학교,부평구,1.0,0,0,0,250916.693,784137.1226,0.319991,11,190364.7664,0.24238,441281.4594,0.562761,0.0,0.0,0.0,0,0.0,0,0.0,0.0,0.0,0.0,0.0,1,7,7995,1
B000002991,인천인주초등학교,미추홀구,3.0,0,0,0,328988.1927,784137.1226,0.419554,10,58016.4226,0.073869,387004.6154,0.493542,5246.7993,1.594829,9436.4993,2,14683.2986,6,3.794089,2.19926,6.077566,4.482737,2.283477,1,6,3740,1
B000003034,인천미산초등학교,부평구,1.0,0,0,0,103574.1612,784137.1226,0.132087,5,155919.3155,0.198523,259493.4766,0.330929,0.0,0.0,0.0,0,0.0,0,0.0,0.0,1.556895,1.556895,1.556895,1,9,9461,1
B000003102,인천장수초등학교,남동구,3.0,0,1,0,85235.7446,784137.1226,0.1087,0,0.0,0.0,85235.7446,0.1087,1893.6825,2.2217,0.0,0,1893.6825,3,2.2217,0.0,7.001285,4.779585,4.779585,0,2,2906,0
B000002989,인천주안남초등학교,미추홀구,2.0,0,0,0,347973.6838,784137.1226,0.443766,11,106769.7936,0.135944,454743.4775,0.579929,1483.5539,0.426341,0.0,0,1483.5539,1,0.32624,-0.100101,0.210154,-0.216187,-0.116086,1,2,2337,1
B000003077,상인천초등학교,남동구,3.0,0,1,0,304142.7835,784137.1226,0.387869,0,0.0,0.0,304142.7835,0.387869,5861.7439,1.9273,0.0,0,5861.7439,5,1.9273,0.0,2.220394,0.293094,0.293094,0,2,4165,0
B000003060,인천동막초등학교,연수구,3.0,0,0,0,183908.2853,784137.1226,0.234536,4,212531.6133,0.270604,396439.8986,0.505575,4873.5531,2.649991,1741.9479,3,6615.501,3,1.668727,-0.981264,3.122413,0.472422,1.453686,1,6,5828,1
B000002969,인천동명초등학교,동구,2.0,0,0,0,360707.3117,784137.1226,0.460005,1,40303.4842,0.051316,401010.7959,0.511404,549.5762,0.152361,321.3553,1,870.9315,1,0.217184,0.064823,5.378536,5.226175,5.161352,1,0,0,1
B000002990,인천학익초등학교,미추홀구,2.0,0,1,1,82994.3803,784137.1226,0.105842,0,0.0,0.0,82994.3803,0.105842,707.6778,0.852682,0.0,0,707.6778,1,0.852682,0.0,1.881153,1.028471,1.028471,0,2,1287,0
B000003104,인천남동초등학교,남동구,3.0,0,0,0,305820.5506,784137.1226,0.390009,12,175123.0671,0.222974,480943.6177,0.613341,10955.6805,3.582389,0.9503,1,10956.6309,7,2.278153,-1.304236,2.167042,-1.415346,-0.111111,1,7,5232,1
B000003047,한일초등학교,부평구,2.0,0,0,0,68191.3435,784137.1226,0.086964,6,69908.5517,0.08901,138099.8953,0.176117,0.0,0.0,0.0,0,0.0,0,0.0,0.0,0.746658,0.746658,0.746658,1,1,811,1
B000003091,인천주원초등학교,남동구,2.0,0,0,0,107982.1984,784137.1226,0.137708,4,196281.8492,0.249914,304264.0477,0.388024,0.0,0.0,10147.6806,2,10147.6806,2,3.335156,3.335156,2.156583,2.156583,-1.178573,1,1,922,1
B000003032,인천산곡초등학교,부평구,2.0,0,0,0,66803.504,784137.1226,0.085194,4,71491.0721,0.091025,138294.5761,0.176365,0.0,0.0,0.0,0,0.0,0,0.0,0.0,0.488266,0.488266,0.488266,1,4,4012,1
B000003076,인천상아초등학교,남동구,2.0,0,0,0,78100.9924,784137.1226,0.099601,4,220974.5741,0.281354,299075.5665,0.381407,0.0,0.0,1747.8348,2,1747.8348,2,0.584412,0.584412,0.268985,0.268985,-0.315428,1,4,12007,1
B000003055,인천함박초등학교,연수구,4.0,0,0,0,337948.3029,784137.1226,0.430981,7,103246.177,0.131457,441194.4798,0.56265,291243.7726,86.179978,86015.6604,3,377259.433,4,85.508648,-0.67133,80.7429,-5.437077,-4.765747,1,0,0,1
B000003052,인천선학초등학교,연수구,3.0,0,0,0,236938.8992,784137.1226,0.302165,4,27336.9935,0.034807,264275.8927,0.337028,9017.8795,3.805994,2623.3408,2,11641.2203,4,4.40495,0.598956,7.702796,3.896803,3.297847,1,3,2160,1
B000002953,인천운서초등학교,중구,4.0,0,0,0,294433.6906,784137.1226,0.375488,2,28880.1755,0.036771,323313.8661,0.412318,21160.3283,7.186789,5882.1179,1,27042.4463,6,8.364147,1.177358,12.768709,5.58192,4.404562,1,0,0,1
B000003069,인천박문초등학교,연수구,4.0,0,0,0,164078.0922,784137.1226,0.209247,7,89079.5362,0.11342,253157.6284,0.322849,107547.8905,65.54677,12107.2977,4,119655.1881,5,47.265093,-18.281678,32.10471,-33.442061,-15.160383,1,2,2418,1
B000003022,인천상정초등학교,부평구,3.0,0,0,0,169168.9007,784137.1226,0.215739,3,34045.9885,0.043349,203214.8893,0.259157,3527.4066,2.085139,1431.7739,1,4959.1805,2,2.440363,0.355224,7.089818,5.00468,4.649456,1,3,6945,1
B000002973,인천용일초등학교,미추홀구,2.0,0,0,0,384586.4478,784137.1226,0.490458,2,1110.3206,0.001414,385696.7684,0.491874,3433.7778,0.892849,0.0,0,3433.7778,1,0.890279,-0.00257,0.437202,-0.455647,-0.453077,0,0,0,0
B000003155,인천목향초등학교,서구,2.0,0,0,0,56680.6268,784137.1226,0.072284,3,102854.6935,0.130959,159535.3202,0.203453,0.0,0.0,0.0,0,0.0,0,0.0,0.0,0.0,0.0,0.0,1,4,3392,1
B000003089,인천고잔초등학교,남동구,4.0,0,0,0,187726.9623,784137.1226,0.239406,6,236238.193,0.300788,423965.1554,0.540677,21864.8666,11.647164,62089.9284,6,83954.795,6,19.802287,8.155123,16.394319,4.747156,-3.407967,1,4,3986,1
B000003096,인천소래초등학교,남동구,3.0,0,0,0,160947.5753,784137.1226,0.205254,5,133465.6337,0.169934,294413.209,0.375461,3237.6278,2.011604,0.0,0,3237.6278,2,1.099688,-0.911916,4.384681,2.373077,3.284992,1,7,6628,1
B000002977,인천백학초등학교,미추홀구,4.0,0,0,0,314100.7602,784137.1226,0.400569,7,62638.0085,0.079753,376738.7687,0.48045,90116.8053,28.690413,587.6526,1,90704.4579,5,24.076221,-4.614192,27.355861,-1.334551,3.279641,1,4,2516,1
B000003056,인천청학초등학교,연수구,4.0,0,0,0,291961.0535,784137.1226,0.372334,5,49041.4659,0.062442,341002.5194,0.434876,67102.5593,22.983394,8144.21,3,75246.7693,6,22.066338,-0.917056,29.72254,6.739146,7.656202,1,3,2140,1
B000003073,인천정각초등학교,남동구,2.0,0,0,0,171214.5011,784137.1226,0.218348,5,351538.623,0.447593,522753.1241,0.66666,127.1088,0.07424,1151.7934,1,1278.9022,2,0.244647,0.170408,1.08255,1.00831,0.837902,1,3,9575,1
B000003130,인천명현초등학교,계양구,3.0,0,0,0,314815.0741,784137.1226,0.40148,14,136103.7775,0.173293,450918.8517,0.575051,4036.2944,1.282116,564.7183,2,4601.0128,3,1.020364,-0.261752,2.534538,1.252422,1.514174,1,3,2871,1
B000002974,인천용현초등학교,미추홀구,3.0,0,0,0,292139.4331,784137.1226,0.372562,9,125051.1836,0.15922,417190.6168,0.532038,8383.3833,2.869651,3045.5208,1,11428.9041,5,2.739492,-0.130159,6.254661,3.385009,3.515169,1,5,6602,1
B000003151,인천능내초등학교,서구,4.0,0,0,0,180093.3951,784137.1226,0.229671,6,57479.6299,0.073185,237573.025,0.302974,39123.3601,21.723928,1309.9307,1,40433.2909,2,17.019311,-4.704618,11.460969,-10.262959,-5.558342,1,2,1615,1
B000003058,인천연성초등학교,연수구,4.0,0,0,0,99257.736,784137.1226,0.126582,3,149713.4653,0.190621,248971.2012,0.31751,8818.6598,8.884607,1647.2274,1,10465.8873,1,4.203654,-4.680953,2.929087,-5.95552,-1.274566,1,6,6020,1
B000003062,인천연수초등학교,연수구,2.0,0,0,0,85991.9265,784137.1226,0.109664,4,119281.4072,0.151874,205273.3337,0.261782,0.0,0.0,511.5321,1,511.5321,1,0.249196,0.249196,4.645334,4.645334,4.396138,1,6,6074,1
B000003080,인천동부초등학교,남동구,2.0,0,0,0,281531.2494,784137.1226,0.359033,5,166237.8667,0.211661,447769.1161,0.571034,1254.6194,0.445641,0.0,0,1254.6194,4,0.280193,-0.165448,0.507542,0.061901,0.227349,1,1,2073,1
B000003154,인천불로초등학교,서구,3.0,0,0,0,130018.735,784137.1226,0.165811,4,77648.5408,0.098865,207667.2758,0.264835,1781.0246,1.369822,0.0,0,1781.0246,3,0.857634,-0.512188,1.093609,-0.276212,0.235976,1,4,2433,1
B000003181,송해초등학교,강화군,,1,0,0,784137.1226,784137.1226,1.0,0,0.0,0.0,784137.1226,1.0,0.0,0.0,0.0,0,0.0,0,0.0,0.0,0.0,0.0,0.0,0,0,0,0
B000003145,인천천마초등학교,서구,2.0,0,1,1,86062.5909,784137.1226,0.109755,0,0.0,0.0,86062.5909,0.109755,366.92,0.426341,0.0,0,366.92,1,0.426341,0.0,0.291104,-0.135237,-0.135237,0,0,0,0
B000003018,인천부개서초등학교,부평구,2.0,0,0,0,220156.2392,784137.1226,0.280762,3,95028.2885,0.120994,315184.5277,0.401951,1161.9747,0.527795,5444.7987,3,6606.7734,3,2.09616,1.568365,2.637652,2.109857,0.541492,1,2,2613,1
B000003188,내가초등학교,강화군,,1,0,0,15500.1412,784137.1226,0.019767,0,0.0,0.0,15500.1412,0.019767,0.0,0.0,0.0,0,0.0,0,0.0,0.0,0.0,0.0,0.0,0,0,0,0
B000002954,인천용유초등학교,중구,1.0,0,0,0,112246.9199,784137.1226,0.143147,0,0.0,0.0,112246.9199,0.143147,0.0,0.0,0.0,0,0.0,0,0.0,0.0,0.0,0.0,0.0,0,0,0,0
B000002978,인천도화초등학교,미추홀구,4.0,0,0,0,193511.4512,784137.1226,0.246783,2,3596.6007,0.004579,197108.052,0.251369,51475.0597,26.600524,3596.6007,1,55071.6605,1,27.939833,1.339309,21.411584,-5.18894,-6.528249,0,0,0,0
B000003043,인천개흥초등학교,부평구,3.0,0,0,0,418090.4719,784137.1226,0.533185,2,26988.1466,0.034362,445078.6185,0.567603,12282.8125,2.937836,0.0,0,12282.8125,3,2.759695,-0.178141,7.344461,4.406625,4.584766,1,1,1145,1
B000003090,인천약산초등학교,남동구,4.0,0,0,0,356136.9308,784137.1226,0.454177,6,257273.5308,0.327571,613410.4616,0.782274,39842.7409,11.187478,3423.8923,3,43266.6333,5,7.053455,-4.134023,8.919113,-2.268365,1.865658,1,0,0,1
B000003146,인천봉수초등학교,서구,2.0,0,0,0,225654.733,784137.1226,0.287775,9,157353.1733,0.200348,383007.9064,0.488445,0.0,0.0,0.0,0,0.0,0,0.0,0.0,0.0,0.0,0.0,1,4,4531,1
B000003084,인천은봉초등학교,남동구,4.0,0,0,0,246726.9886,784137.1226,0.314648,3,76245.1182,0.097078,322972.1068,0.411882,39205.9359,15.890412,2361.4464,1,41567.3823,3,12.87027,-3.020142,8.15779,-7.732622,-4.71248,1,2,1661,1
B000003174,양도초등학교,강화군,,1,0,0,15500.1412,784137.1226,0.019767,0,0.0,0.0,15500.1412,0.019767,0.0,0.0,0.0,0,0.0,0,0.0,0.0,0.0,0.0,0.0,0,0,0,0
B000025193,인천만월초등학교,남동구,4.0,0,0,0,138874.0823,784137.1226,0.177104,5,144830.097,0.184403,283704.1794,0.361804,10068.5774,7.250149,23743.0716,2,33811.6489,3,11.917924,4.667776,9.599804,2.349656,-2.31812,1,5,4111,1
B000025226,인천송일초등학교,연수구,4.0,0,0,0,96169.8175,784137.1226,0.122644,6,168743.5298,0.214851,264913.3473,0.337841,39636.2757,41.214881,23478.2434,2,63114.5192,2,23.82459,-17.390291,43.650022,2.435141,19.825432,1,5,3792,1
B000003014,인천진산초등학교,부평구,4.0,0,0,0,43298.086,784137.1226,0.055217,2,122651.2271,0.156164,165949.313,0.211633,6070.8244,14.020999,1315.632,2,7386.4564,2,4.451032,-9.569968,6.69508,-7.32592,2.244048,1,3,3548,1
B000002972,인천용정초등학교,미추홀구,3.0,0,0,0,335298.8928,784137.1226,0.427602,0,0.0,0.0,335298.8928,0.427602,8718.0263,2.600076,0.0,0,8718.0263,1,2.600076,0.0,9.230588,6.630512,6.630512,0,0,0,0
B000003070,인천남촌초등학교,남동구,3.0,0,0,0,333029.9271,784137.1226,0.424709,1,5488.0235,0.006988,338517.9506,0.431708,5728.4171,1.720091,0.0,0,5728.4171,3,1.692205,-0.027886,0.901806,-0.818285,-0.790399,1,1,735,1
B000003115,인천신대초등학교,계양구,4.0,0,0,0,132605.3804,784137.1226,0.16911,10,154765.4957,0.197054,287370.8761,0.36648,9773.3171,7.370227,6678.3622,4,16451.6793,5,5.724894,-1.645332,5.642007,-1.72822,-0.082888,1,5,3336,1
B000002958,인천삼목초등학교,중구,3.0,0,0,0,121826.3121,784137.1226,0.155364,11,180384.3823,0.229673,302210.6944,0.385405,1976.4483,1.622349,14893.7878,3,16870.2361,4,5.582276,3.959927,26.733082,25.110733,21.150806,1,1,650,1
B000003011,인천갈산초등학교,부평구,3.0,0,0,0,89082.1166,784137.1226,0.113605,7,136692.2948,0.174042,225774.4113,0.287927,3571.7034,4.009451,2153.456,2,5725.1594,3,2.535788,-1.473663,2.41081,-1.59864,-0.124977,1,6,6410,1
B000003156,인천왕길초등학교,서구,3.0,0,0,0,260197.6081,784137.1226,0.331827,8,86269.939,0.109842,346467.5471,0.441846,9140.2709,3.512819,419.4786,2,9559.7496,3,2.759205,-0.753614,2.280906,-1.231913,-0.478299,1,3,1784,1
B000003093,인천석천초등학교,남동구,2.0,0,0,0,57125.0345,784137.1226,0.072851,1,12157.9339,0.01548,69282.9684,0.088356,0.0,0.0,0.0,0,0.0,0,0.0,0.0,0.193095,0.193095,0.193095,1,3,9241,1
B000002966,인천송림초등학교,동구,3.0,0,0,0,407578.4501,784137.1226,0.51978,2,73707.0394,0.093847,481285.4895,0.613777,7865.5728,1.92983,10799.5743,1,18665.1471,3,3.878186,1.948356,6.17084,4.241009,2.292654,1,1,2562,1
B000003036,인천신촌초등학교,부평구,4.0,0,0,0,283018.0294,784137.1226,0.360929,3,131131.8703,0.166962,414149.8997,0.52816,17643.4966,6.234054,835.9897,1,18479.4863,3,4.462028,-1.772025,9.823947,3.589893,5.361919,1,3,4813,1
B000003028,인천부흥초등학교,부평구,2.0,0,0,0,454730.3452,784137.1226,0.579912,3,29695.7682,0.03781,484426.1134,0.617782,3749.9693,0.824658,0.0,0,3749.9693,1,0.774106,-0.050552,0.998773,0.174115,0.224668,1,1,922,1
B000002971,인천숭의초등학교,미추홀구,2.0,0,0,0,218716.6083,784137.1226,0.278926,0,0.0,0.0,218716.6083,0.278926,0.0,0.0,0.0,0,0.0,0,0.0,0.0,0.0,0.0,0.0,0,0,0,0
B000003029,인천부평동초등학교,부평구,2.0,0,1,0,445884.1592,784137.1226,0.56863,0,0.0,0.0,445884.1592,0.56863,2292.7363,0.5142,0.0,0,2292.7363,2,0.5142,0.0,0.328223,-0.185977,-0.185977,0,1,1145,0
B000026468,인천아람초등학교,서구,2.0,0,0,0,66820.1446,784137.1226,0.085215,3,48200.4197,0.061371,115020.5643,0.146684,236.3138,0.353656,0.0,0,236.3138,1,0.205454,-0.148203,6.591799,6.238142,6.386345,1,5,4958,1
B000025690,인천별빛초등학교,중구,4.0,0,0,0,187223.6415,784137.1226,0.238764,4,223094.6614,0.284053,410318.3029,0.523274,11175.5299,5.969081,1195.7232,2,12371.2531,2,3.015038,-2.954042,4.589403,-1.379678,1.574364,1,5,6749,1
B000003038,인천십정초등학교,부평구,3.0,0,0,0,325593.6471,784137.1226,0.415225,1,1756.1833,0.002236,327349.8305,0.417465,5764.3036,1.770398,0.0,0,5764.3036,5,1.7609,-0.009498,1.382609,-0.387789,-0.378291,0,1,5678,0
B000003117,인천병방초등학교,계양구,2.0,0,0,0,342439.4637,784137.1226,0.436709,11,89721.3631,0.114237,432160.8268,0.551129,2564.1763,0.748797,703.6049,1,3267.7812,3,0.756149,0.007352,1.445679,0.696883,0.68953,1,5,5058,1
B000002994,대청초등학교,옹진군,,1,0,0,16688.2642,784137.1226,0.021282,0,0.0,0.0,16688.2642,0.021282,0.0,0.0,0.0,0,0.0,0,0.0,0.0,0.0,0.0,0.0,0,0,0,0
B000025752,인천도담초등학교,서구,4.0,0,0,0,325634.5834,784137.1226,0.415278,5,106113.9146,0.135108,431748.498,0.550603,33000.2101,10.134123,43202.2073,1,76202.4173,2,17.649724,7.515601,13.633422,3.499299,-4.016302,1,2,2595,1
B000003135,인천공촌초등학교,서구,4.0,0,0,0,222071.4719,784137.1226,0.283205,1,8003.2164,0.01019,230074.6884,0.293411,45121.8338,20.318609,8003.2164,1,53125.0503,4,23.09035,2.771741,20.494336,0.175728,-2.596013,1,1,1048,1
B000003049,인천축현초등학교,연수구,3.0,0,0,0,230204.5919,784137.1226,0.293577,3,27054.0781,0.034446,257258.67,0.328079,4126.0086,1.792322,0.0,0,4126.0086,3,1.603837,-0.188486,0.943011,-0.849312,-0.660826,1,3,2185,1
B000002998,백령초등학교,옹진군,,1,0,0,16688.2642,784137.1226,0.021282,0,0.0,0.0,16688.2642,0.021282,0.0,0.0,0.0,0,0.0,0,0.0,0.0,0.0,0.0,0.0,0,0,0,0
B000003180,합일초등학교,강화군,,1,0,0,784137.1226,784137.1226,1.0,0,0.0,0.0,784137.1226,1.0,101724.9523,12.972852,0.0,0,101724.9523,2,12.972852,0.0,12.952023,-0.020829,-0.020829,0,0,0,0
B000002949,인천신흥초등학교,중구,1.0,0,0,0,335199.1924,784137.1226,0.427475,2,10717.2036,0.013646,345916.396,0.441143,0.0,0.0,0.0,0,0.0,0,0.0,0.0,1.243865,1.243865,1.243865,1,0,0,0
B000002983,인천남부초등학교,미추홀구,2.0,0,0,0,395986.1079,784137.1226,0.504996,3,74724.7206,0.095142,470710.8285,0.600291,2248.9553,0.567938,9825.0011,2,12073.9564,3,2.565048,1.99711,1.990196,1.422258,-0.574852,1,3,5780,1
B000003061,인천서면초등학교,연수구,3.0,0,0,0,183197.7116,784137.1226,0.23363,5,161232.0381,0.205287,344429.7497,0.439247,5829.1243,3.181876,16500.7016,5,22329.8258,5,6.483129,3.301253,20.996644,17.814768,14.513515,1,5,6098,1
B000003129,인천작동초등학교,계양구,3.0,0,0,0,299018.0571,784137.1226,0.381334,13,162656.4094,0.207101,461674.4665,0.588768,3458.1895,1.156515,2128.0416,2,5586.2311,2,1.209994,0.053478,4.046323,2.889808,2.836329,1,7,6055,1
B000002951,인천신선초등학교,중구,1.0,0,0,0,142048.8301,784137.1226,0.181153,4,22320.0708,0.028419,164368.9009,0.209618,0.0,0.0,0.0,0,0.0,0,0.0,0.0,0.0,0.0,0.0,1,1,520,1
B000002952,인천송월초등학교,중구,4.0,0,0,0,186127.814,784137.1226,0.237366,3,7359.4195,0.00937,193487.2335,0.246752,12654.3983,6.798768,0.0,0,12654.3983,1,6.540172,-0.258596,6.229093,-0.569675,-0.311079,1,0,0,0
B000003086,인천동방초등학교,남동구,2.0,0,0,0,256764.5331,784137.1226,0.327449,3,132180.3661,0.168297,388944.8992,0.496016,2240.3991,0.87255,777.7136,1,3018.1128,3,0.775974,-0.096576,3.361505,2.488955,2.585531,1,4,5480,1
B000003010,인천청천초등학교,부평구,4.0,0,0,0,201230.0255,784137.1226,0.256626,2,95713.4691,0.121866,296943.4947,0.378688,10239.9386,5.088673,0.0,0,10239.9386,4,3.448447,-1.640226,2.279244,-2.80943,-1.169203,1,1,1623,1
B000003006,인천부평서초등학교,부평구,2.0,0,0,0,411388.542,784137.1226,0.524639,2,170646.6288,0.217274,582035.1708,0.742262,1198.0733,0.291227,0.0,0,1198.0733,1,0.205842,-0.085385,0.152543,-0.138683,-0.053299,1,2,4603,1
B000002999,인천공항초등학교신도분교장,옹진군,,1,0,0,65973.1254,784137.1226,0.084135,0,0.0,0.0,65973.1254,0.084135,0.0,0.0,0.0,0,0.0,0,0.0,0.0,0.0,0.0,0.0,0,0,0,0
B000003031,인천산곡북초등학교,부평구,3.0,0,0,0,147949.3577,784137.1226,0.188678,4,98435.9231,0.125333,246385.2809,0.314212,1719.0511,1.161919,0.0,0,1719.0511,2,0.697709,-0.46421,0.807042,-0.354877,0.109333,1,1,799,1
B000003126,인천부현초등학교,계양구,2.0,0,0,0,235004.412,784137.1226,0.299698,5,61596.1878,0.078427,296600.5998,0.378251,2102.3966,0.89462,0.0,0,2102.3966,2,0.708831,-0.185789,1.266714,0.372094,0.557883,1,2,1176,1
B000003050,인천송도초등학교,연수구,2.0,0,0,0,256129.168,784137.1226,0.326638,4,16478.3489,0.020981,272607.5169,0.347653,708.6828,0.27669,1253.8873,1,1962.5701,2,0.719925,0.443236,1.153189,0.8765,0.433264,1,0,0,1
B000003053,인천중앙초등학교,연수구,4.0,0,0,0,110273.4126,784137.1226,0.14063,6,213440.8349,0.271761,323714.2475,0.412829,11223.0807,10.177504,22023.6551,2,33246.7357,2,10.270396,0.092892,17.06308,6.885576,6.792684,1,8,7466,1
B000002985,인천서화초등학교,미추홀구,4.0,0,0,0,306662.4145,784137.1226,0.391083,4,86239.7038,0.109804,392902.1183,0.501063,17950.3881,5.853469,3481.4074,1,21431.7956,4,5.454742,-0.398727,6.079542,0.226073,0.6248,1,4,3173,1
B000003125,인천부평초등학교,계양구,2.0,0,0,0,390858.2916,784137.1226,0.498457,6,54607.781,0.069529,445466.0727,0.568097,2595.7018,0.664103,193.3348,2,2789.0365,4,0.626094,-0.038009,0.674153,0.01005,0.048059,1,0,0,1
B000003121,인천귤현초등학교,계양구,3.0,0,0,0,210815.9586,784137.1226,0.268851,3,83821.0335,0.106724,294636.9922,0.375747,7118.7063,3.37674,1476.8218,3,8595.5281,7,2.917328,-0.459412,1.475993,-1.900746,-1.441335,1,1,715,1
B000003147,인천신현북초등학교,서구,2.0,0,0,0,256314.9461,784137.1226,0.326875,1,40037.6991,0.050978,296352.6452,0.377935,0.0,0.0,0.0,0,0.0,0,0.0,0.0,5.773766,5.773766,5.773766,1,1,743,1
B000003116,인천길주초등학교,계양구,3.0,0,0,0,172869.1336,784137.1226,0.220458,8,186824.4957,0.237872,359693.6294,0.458713,8621.0072,4.987014,186.9067,2,8807.9139,4,2.448727,-2.538287,4.044047,-0.942967,1.59532,1,8,7370,1
B000002981,인천경원초등학교,미추홀구,2.0,0,1,0,327542.506,784137.1226,0.417711,0,0.0,0.0,327542.506,0.417711,1684.2236,0.5142,0.0,0,1684.2236,2,0.5142,0.0,0.588785,0.074585,0.074585,0,6,5331,0
B000003172,인천은지초등학교,서구,2.0,0,0,0,200526.2449,784137.1226,0.255729,6,53125.4919,0.067641,253651.7367,0.323479,1700.7138,0.848125,6.5518,1,1707.2656,2,0.673075,-0.175051,0.641699,-0.206426,-0.031375,1,0,0,1
B000003021,인천금마초등학교,부평구,2.0,0,0,0,60290.6793,784137.1226,0.076888,0,0.0,0.0,60290.6793,0.076888,0.0,0.0,0.0,0,0.0,0,0.0,0.0,1.016448,1.016448,1.016448,0,1,719,0
B000003008,인천마곡초등학교,부평구,3.0,0,0,0,109660.4878,784137.1226,0.139849,4,124128.3445,0.158045,233788.8322,0.298148,1719.0511,1.567612,4002.5631,1,5721.6142,3,2.447343,0.879731,19.408576,17.840964,16.961233,1,1,799,1
B000003071,인천성리초등학교,남동구,3.0,0,0,0,360580.9677,784137.1226,0.459844,5,61517.7987,0.078327,422098.7664,0.538297,5221.1494,1.447983,11719.4847,2,16940.6342,5,4.013429,2.565446,6.581251,5.133269,2.567822,1,3,2307,1
B000003163,인천가좌초등학교,서구,3.0,0,0,0,353486.3624,784137.1226,0.450797,9,67228.4784,0.085598,420714.8408,0.536532,16621.0511,4.702035,0.0,0,16621.0511,4,3.950669,-0.751366,3.040445,-1.66159,-0.910224,1,5,3773,1
B000002970,영화초등학교,동구,2.0,0,0,0,215955.2802,784137.1226,0.275405,1,6951.5284,0.008851,222906.8086,0.28427,1027.1482,0.47563,0.0,0,1027.1482,1,0.460797,-0.014833,0.130781,-0.344849,-0.330017,1,1,992,1
B000003026,인천동수초등학교,부평구,3.0,0,0,0,229735.5466,784137.1226,0.292979,0,0.0,0.0,229735.5466,0.292979,3163.9486,1.377213,0.0,0,3163.9486,1,1.377213,0.0,1.960903,0.583689,0.583689,0,3,1825,0
B000003149,인천봉화초등학교,서구,1.0,0,0,0,179392.7033,784137.1226,0.228777,1,4739.4735,0.006034,184132.1768,0.234821,0.0,0.0,0.0,0,0.0,0,0.0,0.0,0.70831,0.70831,0.70831,0,0,0,0
B000003039,인천백운초등학교,부평구,4.0,0,0,0,63717.8131,784137.1226,0.081259,0,0.0,0.0,63717.8131,0.081259,56183.5823,88.175629,0.0,0,56183.5823,2,88.175629,0.0,23.251068,-64.92456,-64.92456,0,5,10044,0
B000003081,인천인수초등학교,남동구,3.0,0,0,0,160623.8606,784137.1226,0.204842,4,127392.2581,0.162201,288016.1186,0.367303,4064.4497,2.530415,12011.6404,3,16076.0901,4,5.581663,3.051249,2.924639,0.394224,-2.657024,1,2,2580,1
B000003078,인천석정초등학교,남동구,3.0,0,0,0,311722.1329,784137.1226,0.397535,2,34593.1554,0.044045,346315.2883,0.441651,5602.3632,1.79723,0.0,0,5602.3632,4,1.617706,-0.179524,0.847474,-0.949756,-0.770232,1,1,1050,1
B000003162,인천가석초등학교,서구,1.0,0,0,0,122009.548,784137.1226,0.155597,0,0.0,0.0,122009.548,0.155597,0.0,0.0,0.0,0,0.0,0,0.0,0.0,0.0,0.0,0.0,0,0,0,0
B000025225,인천송빛초등학교,연수구,1.0,0,0,0,70863.8369,784137.1226,0.090372,3,229124.6813,0.291731,299988.5182,0.382572,0.0,0.0,0.0,0,0.0,0,0.0,0.0,2.333367,2.333367,2.333367,1,2,3036,1
B000003165,인천당하초등학교,서구,3.0,0,0,0,205653.3523,784137.1226,0.262267,4,149494.5491,0.190342,355147.9014,0.452916,7350.1859,3.574066,6305.2233,3,13655.4092,3,3.844992,0.270927,4.488506,0.91444,0.643513,1,4,4848,1
B000003108,인천효성남초등학교,계양구,3.0,0,0,0,347932.9119,784137.1226,0.443714,12,90107.4998,0.114728,438040.4117,0.558627,11327.9096,3.255774,100.4414,1,11428.3511,3,2.608972,-0.646802,2.1801,-1.075674,-0.428872,1,3,3213,1
B000003118,인천양촌초등학교,계양구,3.0,0,0,0,240821.8829,784137.1226,0.307117,5,35209.8166,0.044831,276031.6994,0.35202,3919.7097,1.627639,0.0,0,3919.7097,2,1.420022,-0.207617,0.774793,-0.852845,-0.645228,1,1,546,1
B000025751,인천경연초등학교,서구,3.0,0,0,0,217518.0775,784137.1226,0.277398,3,126869.736,0.161536,344387.8135,0.439193,6920.2056,3.181439,0.0,0,6920.2056,3,2.009422,-1.172017,4.522349,1.34091,2.512927,1,2,2208,1
B000003037,인천하정초등학교,부평구,3.0,0,0,0,159475.2922,784137.1226,0.203377,2,17697.0606,0.022533,177172.3527,0.225946,6458.3938,4.049777,0.0,0,6458.3938,3,3.645261,-0.404517,2.028285,-2.021492,-1.616976,1,3,7939,1
