학교ID,학교명,iso_library_count,iso_public_library_count,nearest_library_name,nearest_library_euclid_m,장서수,좌석수,사서교사수,사서직원수,사서합계,학생수,인당장서수,좌석당학생수,matched,기준일,external_shortage,internal_shortage,demand_high,reading_gap_type,reading_gap_reason
B000003024,인천갈월초등학교,0,0,갈산밀알도서관,74,21529,60,1,0,1,474,45.4,7.9,1,2025,True,False,False,school_hub_mobile,"도보500m 내 공공도서관 0개·내부 지표(사서·인당장서수) 양호 → 외부만 부족, 학교거점 순회/모바일 서비스로 보완"
B000003057,인천청량초등학교,0,0,연수꿈담도서관,44,39645,35,0,0,0,450,88.1,12.9,1,2025,True,True,False,direct_investment_first,도보500m 내 공공도서관 0개·사서 미배치·수요 상위 25% 아님 → 외부·내부 모두 부족하나 수요는 상위 25% 미만(edge case: 문서 원문의 '수요 높음' 조건 미충족. 직접투자 필요성은 유지하되 우선순위는 수요충족군보다 후순위로 기록)
B000025246,인천미송초등학교,0,0,송도국제도서관,575,15794,90,0,0,0,1554,10.2,17.3,1,2025,True,True,True,direct_investment_first,"도보500m 내 공공도서관 0개·사서 미배치·인당장서수 중앙값 50% 미만·수요 상위 25%(2029 예측) → 외부·내부 모두 부족+수요 높음, 직접투자 최우선"
B000026469,인천한별초등학교,0,0,으뜸골 작은도서관,502,16059,140,0,0,0,1599,10.0,11.4,1,2025,True,True,True,direct_investment_first,"도보500m 내 공공도서관 0개·사서 미배치·인당장서수 중앙값 50% 미만·수요 상위 25%(2029 예측) → 외부·내부 모두 부족+수요 높음, 직접투자 최우선"
B000026466,인천아라초등학교,0,0,검단LH13단지 아라작은도서관,188,5373,55,0,0,0,1154,4.7,21.0,1,2025,True,True,True,direct_investment_first,"도보500m 내 공공도서관 0개·사서 미배치·인당장서수 중앙값 50% 미만·수요 상위 25%(2029 예측) → 외부·내부 모두 부족+수요 높음, 직접투자 최우선"
B000003178,갑룡초등학교,0,0,강화도서관,1903,13005,36,1,0,1,485,26.8,13.5,1,2025,True,False,False,school_hub_mobile,"도보500m 내 공공도서관 0개·내부 지표(사서·인당장서수) 양호 → 외부만 부족, 학교거점 순회/모바일 서비스로 보완"
B000003098,인천논곡초등학교,0,0,남동논현도서관,1715,27716,30,1,0,1,551,50.3,18.4,1,2025,True,False,False,school_hub_mobile,"도보500m 내 공공도서관 0개·내부 지표(사서·인당장서수) 양호 → 외부만 부족, 학교거점 순회/모바일 서비스로 보완"
B000002959,인천영종초등학교,0,0,코너스톤작은도서관,364,26423,60,0,0,0,1251,21.1,20.9,1,2025,True,True,True,direct_investment_first,"도보500m 내 공공도서관 0개·사서 미배치·인당장서수 중앙값 50% 미만·수요 상위 25%(2029 예측) → 외부·내부 모두 부족+수요 높음, 직접투자 최우선"
B000025228,인천예송초등학교,0,0,송도국제도서관,770,17883,33,0,0,0,1185,15.1,35.9,1,2025,True,True,True,direct_investment_first,"도보500m 내 공공도서관 0개·사서 미배치·인당장서수 중앙값 50% 미만·수요 상위 25%(2029 예측) → 외부·내부 모두 부족+수요 높음, 직접투자 최우선"
B000003150,인천건지초등학교,4,3,가재울꿈어린이도서관,124,24600,45,0,0,0,209,117.7,4.6,1,2025,False,True,False,public_link,"도보500m 내 공공도서관 확보·사서 미배치 → 내부만 부족, 인근 공공도서관 연계로 보완"
B000025202,인천장아초등학교,0,0,서창도서관,1470,15720,40,0,1,1,896,17.5,22.4,1,2025,True,True,True,direct_investment_first,"도보500m 내 공공도서관 0개·인당장서수 중앙값 50% 미만·수요 상위 25%(2029 예측) → 외부·내부 모두 부족+수요 높음, 직접투자 최우선"
B000003013,인천영선초등학교,1,0,홀리스디어린이도서관,82,21572,48,0,1,1,612,35.2,12.8,1,2025,True,False,False,school_hub_mobile,"도보500m 내 공공도서관 0개·내부 지표(사서·인당장서수) 양호 → 외부만 부족, 학교거점 순회/모바일 서비스로 보완"
B000003127,인천부현동초등학교,0,0,작전도서관,296,27673,69,0,1,1,430,64.4,6.2,1,2025,True,False,False,school_hub_mobile,"도보500m 내 공공도서관 0개·내부 지표(사서·인당장서수) 양호 → 외부만 부족, 학교거점 순회/모바일 서비스로 보완"
B000003012,인천후정초등학교,0,0,삼산도서관,120,14597,70,0,1,1,297,49.1,4.2,1,2025,True,False,False,school_hub_mobile,"도보500m 내 공공도서관 0개·내부 지표(사서·인당장서수) 양호 → 외부만 부족, 학교거점 순회/모바일 서비스로 보완"
B000003007,인천부곡초등학교,0,0,지혜로작은도서관,394,28552,24,1,1,2,912,31.3,38.0,1,2025,True,False,True,school_hub_mobile,"도보500m 내 공공도서관 0개·내부 지표(사서·인당장서수) 양호 → 외부만 부족, 학교거점 순회/모바일 서비스로 보완"
B000027505,인천중산초등학교,0,0,오션하임 작은도서관,117,20324,65,1,0,1,1582,12.8,24.3,1,2025,True,True,True,direct_investment_first,"도보500m 내 공공도서관 0개·인당장서수 중앙값 50% 미만·수요 상위 25%(2029 예측) → 외부·내부 모두 부족+수요 높음, 직접투자 최우선"
B000024924,인천하늘초등학교,0,0,은하수도서관,152,22592,56,0,0,0,1305,17.3,23.3,1,2025,True,True,True,direct_investment_first,"도보500m 내 공공도서관 0개·사서 미배치·인당장서수 중앙값 50% 미만·수요 상위 25%(2029 예측) → 외부·내부 모두 부족+수요 높음, 직접투자 최우선"
B000003137,인천간재울초등학교,0,0,사랑의 작은도서관 북카페,468,19412,31,1,0,1,996,19.5,32.1,1,2025,True,True,True,direct_investment_first,"도보500m 내 공공도서관 0개·인당장서수 중앙값 50% 미만·수요 상위 25%(2029 예측) → 외부·내부 모두 부족+수요 높음, 직접투자 최우선"
B000003148,인천가림초등학교,1,0,엘림 작은도서관,204,21516,65,0,1,1,198,108.7,3.0,1,2025,True,False,False,school_hub_mobile,"도보500m 내 공공도서관 0개·내부 지표(사서·인당장서수) 양호 → 외부만 부족, 학교거점 순회/모바일 서비스로 보완"
B000003189,해명초등학교,0,0,내가도서관,6117,11501,30,0,0,0,7,1643.0,0.2,1,2025,True,True,False,direct_investment_first,도보500m 내 공공도서관 0개·사서 미배치·수요 상위 25% 아님 → 외부·내부 모두 부족하나 수요는 상위 25% 미만(edge case: 문서 원문의 '수요 높음' 조건 미충족. 직접투자 필요성은 유지하되 우선순위는 수요충족군보다 후순위로 기록)
B000003113,인천화전초등학교,0,0,작전도서관,697,28006,24,1,0,1,688,40.7,28.7,1,2025,True,False,False,school_hub_mobile,"도보500m 내 공공도서관 0개·내부 지표(사서·인당장서수) 양호 → 외부만 부족, 학교거점 순회/모바일 서비스로 보완"
B000003131,인천효성서초등학교,0,0,삼산도서관,612,16152,43,1,0,1,341,47.4,7.9,1,2025,True,False,False,school_hub_mobile,"도보500m 내 공공도서관 0개·내부 지표(사서·인당장서수) 양호 → 외부만 부족, 학교거점 순회/모바일 서비스로 보완"
B000026155,인천한들초등학교,0,0,아라꿈 도서관,967,8097,50,1,0,1,766,10.6,15.3,1,2025,True,True,True,direct_investment_first,"도보500m 내 공공도서관 0개·인당장서수 중앙값 50% 미만·수요 상위 25%(2029 예측) → 외부·내부 모두 부족+수요 높음, 직접투자 최우선"
B000025248,인천은송초등학교,0,0,송도5동작은도서관,575,12140,68,0,1,1,1502,8.1,22.1,1,2025,True,True,True,direct_investment_first,"도보500m 내 공공도서관 0개·인당장서수 중앙값 50% 미만·수요 상위 25%(2029 예측) → 외부·내부 모두 부족+수요 높음, 직접투자 최우선"
B000003095,인천구월초등학교,0,0,인천광역시교육청 인천광역시교육청중앙도서관,1340,13251,26,1,0,1,299,44.3,11.5,1,2025,True,False,False,school_hub_mobile,"도보500m 내 공공도서관 0개·내부 지표(사서·인당장서수) 양호 → 외부만 부족, 학교거점 순회/모바일 서비스로 보완"
B000003140,인천초은초등학교,1,0,청라 자이도서관,136,28811,62,0,1,1,836,34.5,13.5,1,2025,True,False,True,school_hub_mobile,"도보500m 내 공공도서관 0개·내부 지표(사서·인당장서수) 양호 → 외부만 부족, 학교거점 순회/모바일 서비스로 보완"
B000025189,인천송명초등학교,0,0,누리공원작은도서관,461,24326,50,1,0,1,1173,20.7,23.5,1,2025,True,True,True,direct_investment_first,"도보500m 내 공공도서관 0개·인당장서수 중앙값 50% 미만·수요 상위 25%(2029 예측) → 외부·내부 모두 부족+수요 높음, 직접투자 최우선"
B000025677,인천주안초등학교,0,0,이랑도서관,833,22719,31,0,1,1,869,26.1,28.0,1,2025,True,False,True,school_hub_mobile,"도보500m 내 공공도서관 0개·내부 지표(사서·인당장서수) 양호 → 외부만 부족, 학교거점 순회/모바일 서비스로 보완"
B000003164,인천가정초등학교,1,0,푸른샘 어린이도서관,329,28337,40,0,1,1,664,42.7,16.6,1,2025,True,False,False,school_hub_mobile,"도보500m 내 공공도서관 0개·내부 지표(사서·인당장서수) 양호 → 외부만 부족, 학교거점 순회/모바일 서비스로 보완"
B000003187,양사초등학교,0,0,강화도서관,8114,9766,24,0,0,0,33,295.9,1.4,1,2025,True,True,False,direct_investment_first,도보500m 내 공공도서관 0개·사서 미배치·수요 상위 25% 아님 → 외부·내부 모두 부족하나 수요는 상위 25% 미만(edge case: 문서 원문의 '수요 높음' 조건 미충족. 직접투자 필요성은 유지하되 우선순위는 수요충족군보다 후순위로 기록)
B000003133,인천해원초등학교,0,0,청라호수도서관,945,26232,80,1,0,1,1833,14.3,22.9,1,2025,True,True,True,direct_investment_first,"도보500m 내 공공도서관 0개·인당장서수 중앙값 50% 미만·수요 상위 25%(2029 예측) → 외부·내부 모두 부족+수요 높음, 직접투자 최우선"
B000002968,인천서림초등학교,3,3,이룸청소년도서관,120,18993,56,0,1,1,488,38.9,8.7,1,2025,False,False,False,maintain_monitor,"도보500m 내 공공도서관 확보·내부 지표(사서·인당장서수) 양호 → 외부·내부 모두 양호, 현행 유지 및 모니터링"
B000026333,인천가원초등학교,0,0,가정LH3단지 작은도서관,349,22482,41,0,0,0,1558,14.4,38.0,1,2025,True,True,True,direct_investment_first,"도보500m 내 공공도서관 0개·사서 미배치·인당장서수 중앙값 50% 미만·수요 상위 25%(2029 예측) → 외부·내부 모두 부족+수요 높음, 직접투자 최우선"
B000003175,조산초등학교,0,0,지혜의숲도서관,8276,10420,19,0,0,0,42,248.1,2.2,1,2025,True,True,False,direct_investment_first,도보500m 내 공공도서관 0개·사서 미배치·수요 상위 25% 아님 → 외부·내부 모두 부족하나 수요는 상위 25% 미만(edge case: 문서 원문의 '수요 높음' 조건 미충족. 직접투자 필요성은 유지하되 우선순위는 수요충족군보다 후순위로 기록)
B000003074,인천간석초등학교,0,0,간석3동어린이도서관,765,27314,51,1,0,1,510,53.6,10.0,1,2025,True,False,False,school_hub_mobile,"도보500m 내 공공도서관 0개·내부 지표(사서·인당장서수) 양호 → 외부만 부족, 학교거점 순회/모바일 서비스로 보완"
B000002993,연평초등학교,0,0,연평도서관,385,16073,16,0,0,0,26,618.2,1.6,1,2025,True,True,False,direct_investment_first,도보500m 내 공공도서관 0개·사서 미배치·수요 상위 25% 아님 → 외부·내부 모두 부족하나 수요는 상위 25% 미만(edge case: 문서 원문의 '수요 높음' 조건 미충족. 직접투자 필요성은 유지하되 우선순위는 수요충족군보다 후순위로 기록)
B000025236,인천첨단초등학교,0,0,송도3동작은도서관,495,20147,75,0,0,0,1582,12.7,21.1,1,2025,True,True,True,direct_investment_first,"도보500m 내 공공도서관 0개·사서 미배치·인당장서수 중앙값 50% 미만·수요 상위 25%(2029 예측) → 외부·내부 모두 부족+수요 높음, 직접투자 최우선"
B000026470,인천이음초등학교,0,0,검단금호어울림센트럴 작은도서관,317,9247,100,1,0,1,1934,4.8,19.3,1,2025,True,True,True,direct_investment_first,"도보500m 내 공공도서관 0개·인당장서수 중앙값 50% 미만·수요 상위 25%(2029 예측) → 외부·내부 모두 부족+수요 높음, 직접투자 최우선"
B000003124,인천안산초등학교,1,1,계양도서관,227,19153,30,0,0,0,265,72.3,8.8,1,2025,False,True,False,public_link,"도보500m 내 공공도서관 확보·사서 미배치 → 내부만 부족, 인근 공공도서관 연계로 보완"
B000003185,하점초등학교,0,0,내가도서관,6410,14067,18,0,0,0,37,380.2,2.1,1,2025,True,True,False,direct_investment_first,도보500m 내 공공도서관 0개·사서 미배치·수요 상위 25% 아님 → 외부·내부 모두 부족하나 수요는 상위 25% 미만(edge case: 문서 원문의 '수요 높음' 조건 미충족. 직접투자 필요성은 유지하되 우선순위는 수요충족군보다 후순위로 기록)
B000003065,인천신정초등학교,0,0,송도2동작은도서관,701,31414,100,0,0,0,1519,20.7,15.2,1,2025,True,True,True,direct_investment_first,"도보500m 내 공공도서관 0개·사서 미배치·인당장서수 중앙값 50% 미만·수요 상위 25%(2029 예측) → 외부·내부 모두 부족+수요 높음, 직접투자 최우선"
B000002962,인천영종초등학교금산분교장,0,0,경성작은도서관,2556,5240,0,0,0,0,47,111.5,0.0,1,2025,True,True,False,direct_investment_first,도보500m 내 공공도서관 0개·사서 미배치·수요 상위 25% 아님 → 외부·내부 모두 부족하나 수요는 상위 25% 미만(edge case: 문서 원문의 '수요 높음' 조건 미충족. 직접투자 필요성은 유지하되 우선순위는 수요충족군보다 후순위로 기록)
B000003158,인천원당초등학교,1,0,물푸레 작은도서관,320,17325,30,0,1,1,441,39.3,14.7,1,2025,True,False,False,school_hub_mobile,"도보500m 내 공공도서관 0개·내부 지표(사서·인당장서수) 양호 → 외부만 부족, 학교거점 순회/모바일 서비스로 보완"
B000025512,인천용학초등학교,0,0,용비도서관,389,17068,120,1,0,1,1192,14.3,9.9,1,2025,True,True,True,direct_investment_first,"도보500m 내 공공도서관 0개·인당장서수 중앙값 50% 미만·수요 상위 25%(2029 예측) → 외부·내부 모두 부족+수요 높음, 직접투자 최우선"
B000003087,인천원동초등학교,0,0,남동논현도서관,728,22330,78,0,0,0,850,26.3,10.9,1,2025,True,True,False,direct_investment_first,도보500m 내 공공도서관 0개·사서 미배치·수요 상위 25% 아님 → 외부·내부 모두 부족하나 수요는 상위 25% 미만(edge case: 문서 원문의 '수요 높음' 조건 미충족. 직접투자 필요성은 유지하되 우선순위는 수요충족군보다 후순위로 기록)
B000025222,인천현송초등학교,0,0,송도국제기구도서관,1253,10923,100,0,0,0,801,13.6,8.0,1,2025,True,True,True,direct_investment_first,"도보500m 내 공공도서관 0개·사서 미배치·인당장서수 중앙값 50% 미만·수요 상위 25%(2029 예측) → 외부·내부 모두 부족+수요 높음, 직접투자 최우선"
B000003016,인천부일초등학교,0,0,부평기적의도서관,275,13006,60,0,1,1,276,47.1,4.6,1,2025,True,False,False,school_hub_mobile,"도보500m 내 공공도서관 0개·내부 지표(사서·인당장서수) 양호 → 외부만 부족, 학교거점 순회/모바일 서비스로 보완"
B000003170,인천서곶초등학교,0,0,한국민들레도서관,433,24119,119,0,0,0,426,56.6,3.6,1,2025,True,True,False,direct_investment_first,도보500m 내 공공도서관 0개·사서 미배치·수요 상위 25% 아님 → 외부·내부 모두 부족하나 수요는 상위 25% 미만(edge case: 문서 원문의 '수요 높음' 조건 미충족. 직접투자 필요성은 유지하되 우선순위는 수요충족군보다 후순위로 기록)
B000026504,인천송담초등학교,0,0,송도국제도서관,125,13152,128,0,1,1,913,14.4,7.1,1,2025,True,True,True,direct_investment_first,"도보500m 내 공공도서관 0개·인당장서수 중앙값 50% 미만·수요 상위 25%(2029 예측) → 외부·내부 모두 부족+수요 높음, 직접투자 최우선"
B000003176,화도초등학교,0,0,내가도서관,10055,11391,38,0,0,0,41,277.8,1.1,1,2025,True,True,False,direct_investment_first,도보500m 내 공공도서관 0개·사서 미배치·수요 상위 25% 아님 → 외부·내부 모두 부족하나 수요는 상위 25% 미만(edge case: 문서 원문의 '수요 높음' 조건 미충족. 직접투자 필요성은 유지하되 우선순위는 수요충족군보다 후순위로 기록)
B000003139,인천청라초등학교,2,0,꿈꾸는 나무 도서관,163,32883,61,0,1,1,1281,25.7,21.0,1,2025,True,False,True,school_hub_mobile,"도보500m 내 공공도서관 0개·내부 지표(사서·인당장서수) 양호 → 외부만 부족, 학교거점 순회/모바일 서비스로 보완"
B000025210,인천연송초등학교,0,0,송도2동작은도서관,431,18300,45,0,1,1,1116,16.4,24.8,1,2025,True,True,True,direct_investment_first,"도보500m 내 공공도서관 0개·인당장서수 중앙값 50% 미만·수요 상위 25%(2029 예측) → 외부·내부 모두 부족+수요 높음, 직접투자 최우선"
B000003179,강화초등학교,1,1,강화도서관,312,19059,20,0,0,0,209,91.2,10.5,1,2025,False,True,False,public_link,"도보500m 내 공공도서관 확보·사서 미배치 → 내부만 부족, 인근 공공도서관 연계로 보완"
B000003101,인천인동초등학교,0,0,만수2동어린이도서관,767,33073,30,1,0,1,771,42.9,25.7,1,2025,True,False,False,school_hub_mobile,"도보500m 내 공공도서관 0개·내부 지표(사서·인당장서수) 양호 → 외부만 부족, 학교거점 순회/모바일 서비스로 보완"
B000002982,인천석암초등학교,0,0,소금꽃어린이도서관,398,20761,28,1,0,1,902,23.0,32.2,1,2025,True,True,True,direct_investment_first,"도보500m 내 공공도서관 0개·인당장서수 중앙값 50% 미만·수요 상위 25%(2029 예측) → 외부·내부 모두 부족+수요 높음, 직접투자 최우선"
B000002956,인천운남초등학교,0,0,경성작은도서관,556,19221,60,0,1,1,458,42.0,7.6,1,2025,True,False,False,school_hub_mobile,"도보500m 내 공공도서관 0개·내부 지표(사서·인당장서수) 양호 → 외부만 부족, 학교거점 순회/모바일 서비스로 보완"
B000003153,인천완정초등학교,1,1,검단도서관,252,19769,52,0,1,1,434,45.6,8.3,1,2025,False,False,False,maintain_monitor,"도보500m 내 공공도서관 확보·내부 지표(사서·인당장서수) 양호 → 외부·내부 모두 양호, 현행 유지 및 모니터링"
B000003160,인천창신초등학교,0,0,으뜸골 작은도서관,527,25573,36,0,1,1,738,34.7,20.5,1,2025,True,False,True,school_hub_mobile,"도보500m 내 공공도서관 0개·내부 지표(사서·인당장서수) 양호 → 외부만 부족, 학교거점 순회/모바일 서비스로 보완"
B000026332,인천백석초등학교,0,0,당하동 책이있는쉼터,360,19913,102,0,0,0,806,24.7,7.9,1,2025,True,True,True,direct_investment_first,"도보500m 내 공공도서관 0개·사서 미배치·수요 상위 25%(2029 예측) → 외부·내부 모두 부족+수요 높음, 직접투자 최우선"
B000003186,명신초등학교,0,0,내가도서관,2811,12845,25,0,0,0,45,285.4,1.8,1,2025,True,True,False,direct_investment_first,도보500m 내 공공도서관 0개·사서 미배치·수요 상위 25% 아님 → 외부·내부 모두 부족하나 수요는 상위 25% 미만(edge case: 문서 원문의 '수요 높음' 조건 미충족. 직접투자 필요성은 유지하되 우선순위는 수요충족군보다 후순위로 기록)
B000003122,인천계양초등학교,0,0,아라이음 작은도서관,1788,26688,38,0,0,0,307,86.9,8.1,1,2025,True,True,False,direct_investment_first,도보500m 내 공공도서관 0개·사서 미배치·수요 상위 25% 아님 → 외부·내부 모두 부족하나 수요는 상위 25% 미만(edge case: 문서 원문의 '수요 높음' 조건 미충족. 직접투자 필요성은 유지하되 우선순위는 수요충족군보다 후순위로 기록)
B000003194,서도초등학교,0,0,내가도서관,14457,16513,30,0,0,0,3,5504.3,0.1,1,2025,True,True,False,direct_investment_first,도보500m 내 공공도서관 0개·사서 미배치·수요 상위 25% 아님 → 외부·내부 모두 부족하나 수요는 상위 25% 미만(edge case: 문서 원문의 '수요 높음' 조건 미충족. 직접투자 필요성은 유지하되 우선순위는 수요충족군보다 후순위로 기록)
B000003112,인천성지초등학교,0,0,효성도서관,531,15415,35,1,0,1,291,53.0,8.3,1,2025,True,False,False,school_hub_mobile,"도보500m 내 공공도서관 0개·내부 지표(사서·인당장서수) 양호 → 외부만 부족, 학교거점 순회/모바일 서비스로 보완"
B000003120,인천당산초등학교,0,0,동양도서관,389,29163,30,0,1,1,721,40.4,24.0,1,2025,True,False,False,school_hub_mobile,"도보500m 내 공공도서관 0개·내부 지표(사서·인당장서수) 양호 → 외부만 부족, 학교거점 순회/모바일 서비스로 보완"
B000002967,인천서흥초등학교,1,1,이룸청소년도서관,384,15187,30,0,1,1,329,46.2,11.0,1,2025,False,False,False,maintain_monitor,"도보500m 내 공공도서관 확보·내부 지표(사서·인당장서수) 양호 → 외부·내부 모두 양호, 현행 유지 및 모니터링"
B000003192,교동초등학교,0,0,내가도서관,11958,7542,18,0,1,1,18,419.0,1.0,1,2025,True,False,False,school_hub_mobile,"도보500m 내 공공도서관 0개·내부 지표(사서·인당장서수) 양호 → 외부만 부족, 학교거점 순회/모바일 서비스로 보완"
B000003134,인천경명초등학교,0,0,푸른 도서관,213,26483,120,0,0,0,891,29.7,7.4,1,2025,True,True,True,direct_investment_first,"도보500m 내 공공도서관 0개·사서 미배치·수요 상위 25%(2029 예측) → 외부·내부 모두 부족+수요 높음, 직접투자 최우선"
B000003184,삼성초등학교,0,0,지혜의숲도서관,3246,7178,15,0,1,1,23,312.1,1.5,1,2025,True,False,False,school_hub_mobile,"도보500m 내 공공도서관 0개·내부 지표(사서·인당장서수) 양호 → 외부만 부족, 학교거점 순회/모바일 서비스로 보완"
B000022839,인천청일초등학교,1,1,청라호수도서관,160,33562,90,0,1,1,829,40.5,9.2,1,2025,False,False,True,maintain_monitor,"도보500m 내 공공도서관 확보·내부 지표(사서·인당장서수) 양호 → 외부·내부 모두 양호, 현행 유지 및 모니터링"
B000026471,인천신검단초등학교,0,0,디에트르 더힐 작은도서관,1062,추가 확인 필요,추가 확인 필요,추가 확인 필요,추가 확인 필요,추가 확인 필요,추가 확인 필요,추가 확인 필요,추가 확인 필요,0,추가 확인 필요,True,추가 확인 필요,False,추가 확인 필요,KESS 학교도서관현황 2025 원천에 해당 학교 레코드가 없어 사서합계·인당장서수 등 내부 지표를 산출할 수 없음(내부 결핍 여부 판정 불가). 도보 500m 내 공공/어린이도서관 0개·2029년 예측 학생수 상위 25% 아님 확인됨. KESS 데이터 보완 후 재분류 필요.
B000003141,인천양지초등학교,4,2,연희주민 문고,141,16852,53,0,0,0,243,69.3,4.6,1,2025,False,True,False,public_link,"도보500m 내 공공도서관 확보·사서 미배치 → 내부만 부족, 인근 공공도서관 연계로 보완"
B000003190,삼산초등학교,0,0,내가도서관,6270,8626,30,0,0,0,14,616.1,0.5,1,2025,True,True,False,direct_investment_first,도보500m 내 공공도서관 0개·사서 미배치·수요 상위 25% 아님 → 외부·내부 모두 부족하나 수요는 상위 25% 미만(edge case: 문서 원문의 '수요 높음' 조건 미충족. 직접투자 필요성은 유지하되 우선순위는 수요충족군보다 후순위로 기록)
B000026467,인천해든초등학교,0,0,한신더휴어반파크 작은도서관,226,11656,70,0,0,0,1668,7.0,23.8,1,2025,True,True,True,direct_investment_first,"도보500m 내 공공도서관 0개·사서 미배치·인당장서수 중앙값 50% 미만·수요 상위 25%(2029 예측) → 외부·내부 모두 부족+수요 높음, 직접투자 최우선"
B000003083,인천도림초등학교,0,0,남동논현도서관,1909,18093,28,1,0,1,320,56.5,11.4,1,2025,True,False,False,school_hub_mobile,"도보500m 내 공공도서관 0개·내부 지표(사서·인당장서수) 양호 → 외부만 부족, 학교거점 순회/모바일 서비스로 보완"
B000003177,대월초등학교,0,0,강화도서관,1445,10625,50,0,0,0,107,99.3,2.1,1,2025,True,True,False,direct_investment_first,도보500m 내 공공도서관 0개·사서 미배치·수요 상위 25% 아님 → 외부·내부 모두 부족하나 수요는 상위 25% 미만(edge case: 문서 원문의 '수요 높음' 조건 미충족. 직접투자 필요성은 유지하되 우선순위는 수요충족군보다 후순위로 기록)
B000002997,북포초등학교,0,0,백령도서관,5256,13128,100,0,0,0,65,202.0,0.7,1,2025,True,True,False,direct_investment_first,도보500m 내 공공도서관 0개·사서 미배치·수요 상위 25% 아님 → 외부·내부 모두 부족하나 수요는 상위 25% 미만(edge case: 문서 원문의 '수요 높음' 조건 미충족. 직접투자 필요성은 유지하되 우선순위는 수요충족군보다 후순위로 기록)
B000003094,인천신월초등학교,0,0,만수2동어린이도서관,1647,25296,28,0,1,1,223,113.4,8.0,1,2025,True,False,False,school_hub_mobile,"도보500m 내 공공도서관 0개·내부 지표(사서·인당장서수) 양호 → 외부만 부족, 학교거점 순회/모바일 서비스로 보완"
B000003171,인천검암초등학교,1,0,글잎새 작은도서관,310,19073,48,1,0,1,198,96.3,4.1,1,2025,True,False,False,school_hub_mobile,"도보500m 내 공공도서관 0개·내부 지표(사서·인당장서수) 양호 → 외부만 부족, 학교거점 순회/모바일 서비스로 보완"
B000022834,인천청람초등학교,0,0,청호초중학교 작은도서관,335,23257,39,0,1,1,1166,19.9,29.9,1,2025,True,True,True,direct_investment_first,"도보500m 내 공공도서관 0개·인당장서수 중앙값 50% 미만·수요 상위 25%(2029 예측) → 외부·내부 모두 부족+수요 높음, 직접투자 최우선"
B000003169,인천신현초등학교,2,0,로이 작은도서관,125,23408,24,1,0,1,249,94.0,10.4,1,2025,True,False,False,school_hub_mobile,"도보500m 내 공공도서관 0개·내부 지표(사서·인당장서수) 양호 → 외부만 부족, 학교거점 순회/모바일 서비스로 보완"
B000003085,인천장도초등학교,0,0,남동논현도서관,877,16985,80,0,1,1,267,63.6,3.3,1,2025,True,False,False,school_hub_mobile,"도보500m 내 공공도서관 0개·내부 지표(사서·인당장서수) 양호 → 외부만 부족, 학교거점 순회/모바일 서비스로 보완"
B000003161,인천금곡초등학교,1,0,금곡하나아파트 문고,265,13616,35,0,1,1,269,50.6,7.7,1,2025,True,False,False,school_hub_mobile,"도보500m 내 공공도서관 0개·내부 지표(사서·인당장서수) 양호 → 외부만 부족, 학교거점 순회/모바일 서비스로 보완"
B000025256,인천송원초등학교,1,0,해찬솔공원작은도서관,268,24955,36,1,0,1,753,33.1,20.9,1,2025,True,False,True,school_hub_mobile,"도보500m 내 공공도서관 0개·내부 지표(사서·인당장서수) 양호 → 외부만 부족, 학교거점 순회/모바일 서비스로 보완"
B000003004,인천남부초등학교이작분교장,0,0,덕적작은도서관,10894,5870,15,0,0,0,2,2935.0,0.1,1,2025,True,True,False,direct_investment_first,도보500m 내 공공도서관 0개·사서 미배치·수요 상위 25% 아님 → 외부·내부 모두 부족하나 수요는 상위 25% 미만(edge case: 문서 원문의 '수요 높음' 조건 미충족. 직접투자 필요성은 유지하되 우선순위는 수요충족군보다 후순위로 기록)
B000003183,불은초등학교,0,0,지혜의숲도서관,3890,9956,20,0,0,0,51,195.2,2.6,1,2025,True,True,False,direct_investment_first,도보500m 내 공공도서관 0개·사서 미배치·수요 상위 25% 아님 → 외부·내부 모두 부족하나 수요는 상위 25% 미만(edge case: 문서 원문의 '수요 높음' 조건 미충족. 직접투자 필요성은 유지하되 우선순위는 수요충족군보다 후순위로 기록)
B000003082,인천만수초등학교,0,0,서창도서관,1584,23129,40,0,0,0,200,115.6,5.0,1,2025,True,True,False,direct_investment_first,도보500m 내 공공도서관 0개·사서 미배치·수요 상위 25% 아님 → 외부·내부 모두 부족하나 수요는 상위 25% 미만(edge case: 문서 원문의 '수요 높음' 조건 미충족. 직접투자 필요성은 유지하되 우선순위는 수요충족군보다 후순위로 기록)
B000002980,인천관교초등학교,0,0,관교어린이도서관,425,25173,56,0,1,1,431,58.4,7.7,1,2025,True,False,False,school_hub_mobile,"도보500m 내 공공도서관 0개·내부 지표(사서·인당장서수) 양호 → 외부만 부족, 학교거점 순회/모바일 서비스로 보완"
B000003110,인천해서초등학교,0,0,효성도서관,1236,15905,48,0,1,1,141,112.8,2.9,1,2025,True,False,False,school_hub_mobile,"도보500m 내 공공도서관 0개·내부 지표(사서·인당장서수) 양호 → 외부만 부족, 학교거점 순회/모바일 서비스로 보완"
B000025196,인천장서초등학교,0,0,서창도서관,794,16192,80,1,0,1,1358,11.9,17.0,1,2025,True,True,True,direct_investment_first,"도보500m 내 공공도서관 0개·인당장서수 중앙값 50% 미만·수요 상위 25%(2029 예측) → 외부·내부 모두 부족+수요 높음, 직접투자 최우선"
B000003045,인천한길초등학교,2,0,로뎀나무도서관,136,27316,85,0,1,1,447,61.1,5.3,1,2025,True,False,False,school_hub_mobile,"도보500m 내 공공도서관 0개·내부 지표(사서·인당장서수) 양호 → 외부만 부족, 학교거점 순회/모바일 서비스로 보완"
B000003167,인천석남서초등학교,0,0,거북골 작은도서관,460,21535,50,0,1,1,321,67.1,6.4,1,2025,True,False,False,school_hub_mobile,"도보500m 내 공공도서관 0개·내부 지표(사서·인당장서수) 양호 → 외부만 부족, 학교거점 순회/모바일 서비스로 보완"
B000003173,길상초등학교,0,0,지혜의숲도서관,8916,11999,34,0,0,0,140,85.7,4.1,1,2025,True,True,False,direct_investment_first,도보500m 내 공공도서관 0개·사서 미배치·수요 상위 25% 아님 → 외부·내부 모두 부족하나 수요는 상위 25% 미만(edge case: 문서 원문의 '수요 높음' 조건 미충족. 직접투자 필요성은 유지하되 우선순위는 수요충족군보다 후순위로 기록)
B000025206,인천새봄초등학교,0,0,동춘나래도서관,605,8910,74,0,1,1,492,18.1,6.6,1,2025,True,True,True,direct_investment_first,"도보500m 내 공공도서관 0개·인당장서수 중앙값 50% 미만·수요 상위 25%(2029 예측) → 외부·내부 모두 부족+수요 높음, 직접투자 최우선"
B000003033,인천부마초등학교,1,0,지혜로작은도서관,173,21566,43,0,1,1,654,33.0,15.2,1,2025,True,False,False,school_hub_mobile,"도보500m 내 공공도서관 0개·내부 지표(사서·인당장서수) 양호 → 외부만 부족, 학교거점 순회/모바일 서비스로 보완"
B000003182,선원초등학교,0,0,지혜의숲도서관,510,14798,24,0,0,0,233,63.5,9.7,1,2025,True,True,False,direct_investment_first,도보500m 내 공공도서관 0개·사서 미배치·수요 상위 25% 아님 → 외부·내부 모두 부족하나 수요는 상위 25% 미만(edge case: 문서 원문의 '수요 높음' 조건 미충족. 직접투자 필요성은 유지하되 우선순위는 수요충족군보다 후순위로 기록)
B000003009,인천대정초등학교,0,0,부평현대1단지아파트작은도서관,423,25601,28,0,0,0,471,54.4,16.8,1,2025,True,True,False,direct_investment_first,도보500m 내 공공도서관 0개·사서 미배치·수요 상위 25% 아님 → 외부·내부 모두 부족하나 수요는 상위 25% 미만(edge case: 문서 원문의 '수요 높음' 조건 미충족. 직접투자 필요성은 유지하되 우선순위는 수요충족군보다 후순위로 기록)
B000003000,인천삼목초등학교장봉분교장,0,0,용유동작은도서관,11825,2885,12,0,0,0,2,1442.5,0.2,1,2025,True,True,False,direct_investment_first,도보500m 내 공공도서관 0개·사서 미배치·수요 상위 25% 아님 → 외부·내부 모두 부족하나 수요는 상위 25% 미만(edge case: 문서 원문의 '수요 높음' 조건 미충족. 직접투자 필요성은 유지하되 우선순위는 수요충족군보다 후순위로 기록)
B000003119,인천소양초등학교,0,0,임학도서관,1391,21483,42,0,1,1,346,62.1,8.2,1,2025,True,False,False,school_hub_mobile,"도보500m 내 공공도서관 0개·내부 지표(사서·인당장서수) 양호 → 외부만 부족, 학교거점 순회/모바일 서비스로 보완"
B000003111,인천안남초등학교,0,0,임학도서관,483,24192,30,1,0,1,288,84.0,9.6,1,2025,True,False,False,school_hub_mobile,"도보500m 내 공공도서관 0개·내부 지표(사서·인당장서수) 양호 → 외부만 부족, 학교거점 순회/모바일 서비스로 보완"
B000002995,영흥초등학교,0,0,영흥도서관,1479,21197,20,0,0,0,147,144.2,7.4,1,2025,True,True,False,direct_investment_first,도보500m 내 공공도서관 0개·사서 미배치·수요 상위 25% 아님 → 외부·내부 모두 부족하나 수요는 상위 25% 미만(edge case: 문서 원문의 '수요 높음' 조건 미충족. 직접투자 필요성은 유지하되 우선순위는 수요충족군보다 후순위로 기록)
B000003064,인천옥련초등학교,1,0,옥련2동작은도서관,89,31110,48,0,0,0,747,41.6,15.6,1,2025,True,True,True,direct_investment_first,"도보500m 내 공공도서관 0개·사서 미배치·수요 상위 25%(2029 예측) → 외부·내부 모두 부족+수요 높음, 직접투자 최우선"
B000003063,인천문남초등학교,0,0,연수1동작은도서관,210,22778,50,0,0,0,503,45.3,10.1,1,2025,True,True,False,direct_investment_first,도보500m 내 공공도서관 0개·사서 미배치·수요 상위 25% 아님 → 외부·내부 모두 부족하나 수요는 상위 25% 미만(edge case: 문서 원문의 '수요 높음' 조건 미충족. 직접투자 필요성은 유지하되 우선순위는 수요충족군보다 후순위로 기록)
B000003059,인천동춘초등학교,0,0,동춘나래도서관,457,27275,45,0,1,1,660,41.3,14.7,1,2025,True,False,False,school_hub_mobile,"도보500m 내 공공도서관 0개·내부 지표(사서·인당장서수) 양호 → 외부만 부족, 학교거점 순회/모바일 서비스로 보완"
B000003068,인천먼우금초등학교,0,0,송도국제어린이도서관,522,34372,46,0,1,1,760,45.2,16.5,1,2025,True,False,True,school_hub_mobile,"도보500m 내 공공도서관 0개·내부 지표(사서·인당장서수) 양호 → 외부만 부족, 학교거점 순회/모바일 서비스로 보완"
B000003023,인천부평북초등학교,1,1,갈산도서관,411,19299,52,2,1,3,282,68.4,5.4,1,2025,False,False,False,maintain_monitor,"도보500m 내 공공도서관 확보·내부 지표(사서·인당장서수) 양호 → 외부·내부 모두 양호, 현행 유지 및 모니터링"
B000003097,인천논현초등학교,0,0,남동논현도서관,475,15642,42,0,1,1,591,26.5,14.1,1,2025,True,False,False,school_hub_mobile,"도보500m 내 공공도서관 0개·내부 지표(사서·인당장서수) 양호 → 외부만 부족, 학교거점 순회/모바일 서비스로 보완"
B000003066,인천해송초등학교,0,0,누리공원작은도서관,611,21216,33,0,1,1,555,38.2,16.8,1,2025,True,False,False,school_hub_mobile,"도보500m 내 공공도서관 0개·내부 지표(사서·인당장서수) 양호 → 외부만 부족, 학교거점 순회/모바일 서비스로 보완"
B000003132,인천계양초등학교상야분교장,0,0,동양도서관,2549,4450,24,0,0,0,6,741.7,0.3,1,2025,True,True,False,direct_investment_first,도보500m 내 공공도서관 0개·사서 미배치·수요 상위 25% 아님 → 외부·내부 모두 부족하나 수요는 상위 25% 미만(edge case: 문서 원문의 '수요 높음' 조건 미충족. 직접투자 필요성은 유지하되 우선순위는 수요충족군보다 후순위로 기록)
B000003128,인천작전초등학교,0,0,작전도서관,766,25084,65,0,0,0,311,80.7,4.8,1,2025,True,True,False,direct_investment_first,도보500m 내 공공도서관 0개·사서 미배치·수요 상위 25% 아님 → 외부·내부 모두 부족하나 수요는 상위 25% 미만(edge case: 문서 원문의 '수요 높음' 조건 미충족. 직접투자 필요성은 유지하되 우선순위는 수요충족군보다 후순위로 기록)
B000003159,인천발산초등학교,1,0,e편한세상 검단어반센트로 작은도서관,342,22645,33,1,1,2,696,32.5,21.1,1,2025,True,False,False,school_hub_mobile,"도보500m 내 공공도서관 0개·내부 지표(사서·인당장서수) 양호 → 외부만 부족, 학교거점 순회/모바일 서비스로 보완"
B000003138,인천경서초등학교,0,0,푸른꿈 작은도서관,2002,18807,35,0,1,1,568,33.1,16.2,1,2025,True,False,False,school_hub_mobile,"도보500m 내 공공도서관 0개·내부 지표(사서·인당장서수) 양호 → 외부만 부족, 학교거점 순회/모바일 서비스로 보완"
B000003079,인천만수북초등학교,0,0,만수2동어린이도서관,239,28378,30,1,0,1,607,46.8,20.2,1,2025,True,False,False,school_hub_mobile,"도보500m 내 공공도서관 0개·내부 지표(사서·인당장서수) 양호 → 외부만 부족, 학교거점 순회/모바일 서비스로 보완"
B000003157,인천단봉초등학교,2,0,이든샘 작은도서관,117,25309,40,1,0,1,734,34.5,18.4,1,2025,True,False,True,school_hub_mobile,"도보500m 내 공공도서관 0개·내부 지표(사서·인당장서수) 양호 → 외부만 부족, 학교거점 순회/모바일 서비스로 보완"
B000003067,인천신송초등학교,0,0,해돋이도서관,407,31087,50,0,1,1,472,65.9,9.4,1,2025,True,False,False,school_hub_mobile,"도보500m 내 공공도서관 0개·내부 지표(사서·인당장서수) 양호 → 외부만 부족, 학교거점 순회/모바일 서비스로 보완"
B000003041,인천용마초등학교,0,0,조이도서관,325,21514,35,0,1,1,495,43.5,14.1,1,2025,True,False,False,school_hub_mobile,"도보500m 내 공공도서관 0개·내부 지표(사서·인당장서수) 양호 → 외부만 부족, 학교거점 순회/모바일 서비스로 보완"
B000003048,인천명선초등학교,0,0,송도2동작은도서관,511,25452,34,0,1,1,965,26.4,28.4,1,2025,True,False,True,school_hub_mobile,"도보500m 내 공공도서관 0개·내부 지표(사서·인당장서수) 양호 → 외부만 부족, 학교거점 순회/모바일 서비스로 보완"
B000003109,인천효성초등학교,0,0,효성도서관,929,21582,26,1,0,1,272,79.3,10.5,1,2025,True,False,False,school_hub_mobile,"도보500m 내 공공도서관 0개·내부 지표(사서·인당장서수) 양호 → 외부만 부족, 학교거점 순회/모바일 서비스로 보완"
B000002975,인천용현남초등학교,0,0,용비도서관,204,28943,23,1,0,1,1149,25.2,50.0,1,2025,True,False,True,school_hub_mobile,"도보500m 내 공공도서관 0개·내부 지표(사서·인당장서수) 양호 → 외부만 부족, 학교거점 순회/모바일 서비스로 보완"
B000003114,인천서운초등학교,2,2,서운도서관,162,20581,85,0,1,1,510,40.4,6.0,1,2025,False,False,False,maintain_monitor,"도보500m 내 공공도서관 확보·내부 지표(사서·인당장서수) 양호 → 외부·내부 모두 양호, 현행 유지 및 모니터링"
B000003054,인천연화초등학교,1,0,솔안공원작은도서관,150,20213,33,0,0,0,608,33.2,18.4,1,2025,True,True,False,direct_investment_first,도보500m 내 공공도서관 0개·사서 미배치·수요 상위 25% 아님 → 외부·내부 모두 부족하나 수요는 상위 25% 미만(edge case: 문서 원문의 '수요 높음' 조건 미충족. 직접투자 필요성은 유지하되 우선순위는 수요충족군보다 후순위로 기록)
B000002955,인천연안초등학교,0,0,희망을주는도서관,1831,15702,33,0,0,0,104,151.0,3.2,1,2025,True,True,False,direct_investment_first,도보500m 내 공공도서관 0개·사서 미배치·수요 상위 25% 아님 → 외부·내부 모두 부족하나 수요는 상위 25% 미만(edge case: 문서 원문의 '수요 높음' 조건 미충족. 직접투자 필요성은 유지하되 우선순위는 수요충족군보다 후순위로 기록)
B000002965,인천창영초등학교,0,0,글마루작은도서관,378,17736,40,1,0,1,244,72.7,6.1,1,2025,True,False,False,school_hub_mobile,"도보500m 내 공공도서관 0개·내부 지표(사서·인당장서수) 양호 → 외부만 부족, 학교거점 순회/모바일 서비스로 보완"
B000003027,인천부원초등학교,1,0,호별 작은도서관,242,23141,85,0,1,1,602,38.4,7.1,1,2025,True,False,False,school_hub_mobile,"도보500m 내 공공도서관 0개·내부 지표(사서·인당장서수) 양호 → 외부만 부족, 학교거점 순회/모바일 서비스로 보완"
B000003099,인천새말초등학교,0,0,만수2동어린이도서관,292,22372,32,0,1,1,358,62.5,11.2,1,2025,True,False,False,school_hub_mobile,"도보500m 내 공공도서관 0개·내부 지표(사서·인당장서수) 양호 → 외부만 부족, 학교거점 순회/모바일 서비스로 보완"
B000002960,인성초등학교,5,2,꿈벗도서관,110,12979,24,0,1,1,499,26.0,20.8,1,2025,False,False,False,maintain_monitor,"도보500m 내 공공도서관 확보·내부 지표(사서·인당장서수) 양호 → 외부·내부 모두 양호, 현행 유지 및 모니터링"
B000003044,인천삼산초등학교,1,0,신나는여성주의도서관 랄라,152,29703,98,0,0,0,502,59.2,5.1,1,2025,True,True,False,direct_investment_first,도보500m 내 공공도서관 0개·사서 미배치·수요 상위 25% 아님 → 외부·내부 모두 부족하나 수요는 상위 25% 미만(edge case: 문서 원문의 '수요 높음' 조건 미충족. 직접투자 필요성은 유지하되 우선순위는 수요충족군보다 후순위로 기록)
B000003015,인천구산초등학교,1,1,민들레작은도서관,154,24001,30,1,0,1,285,84.2,9.5,1,2025,False,False,False,maintain_monitor,"도보500m 내 공공도서관 확보·내부 지표(사서·인당장서수) 양호 → 외부·내부 모두 양호, 현행 유지 및 모니터링"
B000002950,인천신광초등학교,0,0,단비도서관,404,22239,44,0,0,0,699,31.8,15.9,1,2025,True,True,True,direct_investment_first,"도보500m 내 공공도서관 0개·사서 미배치·수요 상위 25%(2029 예측) → 외부·내부 모두 부족+수요 높음, 직접투자 최우선"
B000002976,인천학산초등학교,0,0,학나래도서관,1114,25076,24,0,1,1,835,30.0,34.8,1,2025,True,False,True,school_hub_mobile,"도보500m 내 공공도서관 0개·내부 지표(사서·인당장서수) 양호 → 외부만 부족, 학교거점 순회/모바일 서비스로 보완"
B000003092,인천송천초등학교,0,0,소래도서관,255,20792,50,0,0,0,320,65.0,6.4,1,2025,True,True,False,direct_investment_first,도보500m 내 공공도서관 0개·사서 미배치·수요 상위 25% 아님 → 외부·내부 모두 부족하나 수요는 상위 25% 미만(edge case: 문서 원문의 '수요 높음' 조건 미충족. 직접투자 필요성은 유지하되 우선순위는 수요충족군보다 후순위로 기록)
B000002986,인천대화초등학교,0,0,한우리어린이도서관,921,14017,27,1,0,1,366,38.3,13.6,1,2025,True,False,False,school_hub_mobile,"도보500m 내 공공도서관 0개·내부 지표(사서·인당장서수) 양호 → 외부만 부족, 학교거점 순회/모바일 서비스로 보완"
B000002992,인천연학초등학교,0,0,학나래도서관,516,22215,30,1,0,1,371,59.9,12.4,1,2025,True,False,False,school_hub_mobile,"도보500m 내 공공도서관 0개·내부 지표(사서·인당장서수) 양호 → 외부만 부족, 학교거점 순회/모바일 서비스로 보완"
B000003123,인천계산초등학교,0,0,인천광역시교육청계양도서관,1033,27737,34,0,1,1,162,171.2,4.8,1,2025,True,False,False,school_hub_mobile,"도보500m 내 공공도서관 0개·내부 지표(사서·인당장서수) 양호 → 외부만 부족, 학교거점 순회/모바일 서비스로 보완"
B000002987,인천주안북초등학교,0,0,한우리어린이도서관,507,19579,60,0,1,1,362,54.1,6.0,1,2025,True,False,False,school_hub_mobile,"도보500m 내 공공도서관 0개·내부 지표(사서·인당장서수) 양호 → 외부만 부족, 학교거점 순회/모바일 서비스로 보완"
B000003144,인천석남초등학교,1,1,석남도서관,286,25923,24,0,0,0,454,57.1,18.9,1,2025,False,True,False,public_link,"도보500m 내 공공도서관 확보·사서 미배치 → 내부만 부족, 인근 공공도서관 연계로 보완"
B000003168,인천가현초등학교,0,0,루에블리 작은도서관,220,26666,12,0,0,0,2044,13.0,170.3,1,2025,True,True,True,direct_investment_first,"도보500m 내 공공도서관 0개·사서 미배치·인당장서수 중앙값 50% 미만·수요 상위 25%(2029 예측) → 외부·내부 모두 부족+수요 높음, 직접투자 최우선"
B000003142,인천심곡초등학교,0,0,정다운 도서관,405,23296,18,0,0,0,195,119.5,10.8,1,2025,True,True,False,direct_investment_first,도보500m 내 공공도서관 0개·사서 미배치·수요 상위 25% 아님 → 외부·내부 모두 부족하나 수요는 상위 25% 미만(edge case: 문서 원문의 '수요 높음' 조건 미충족. 직접투자 필요성은 유지하되 우선순위는 수요충족군보다 후순위로 기록)
B000002996,덕적초등학교,0,0,덕적작은도서관,175,0,0,0,0,0,17,0.0,0.0,1,2025,True,True,False,direct_investment_first,도보500m 내 공공도서관 0개·사서 미배치·인당장서수 중앙값 50% 미만·수요 상위 25% 아님 → 외부·내부 모두 부족하나 수요는 상위 25% 미만(edge case: 문서 원문의 '수요 높음' 조건 미충족. 직접투자 필요성은 유지하되 우선순위는 수요충족군보다 후순위로 기록)
B000003025,인천부개초등학교,2,2,부개어린이도서관,89,18327,60,0,1,1,195,94.0,3.3,1,2025,False,False,False,maintain_monitor,"도보500m 내 공공도서관 확보·내부 지표(사서·인당장서수) 양호 → 외부·내부 모두 양호, 현행 유지 및 모니터링"
B000003103,인천담방초등학교,0,0,서창도서관,990,30224,36,1,0,1,369,81.9,10.3,1,2025,True,False,False,school_hub_mobile,"도보500m 내 공공도서관 0개·내부 지표(사서·인당장서수) 양호 → 외부만 부족, 학교거점 순회/모바일 서비스로 보완"
B000003088,인천사리울초등학교,0,0,소래도서관,333,19765,36,0,1,1,519,38.1,14.4,1,2025,True,False,False,school_hub_mobile,"도보500m 내 공공도서관 0개·내부 지표(사서·인당장서수) 양호 → 외부만 부족, 학교거점 순회/모바일 서비스로 보완"
B000002957,인천공항초등학교,0,0,영종도서관,481,24362,60,0,1,1,415,58.7,6.9,1,2025,True,False,False,school_hub_mobile,"도보500m 내 공공도서관 0개·내부 지표(사서·인당장서수) 양호 → 외부만 부족, 학교거점 순회/모바일 서비스로 보완"
B000003075,인천구월서초등학교,2,2,주안도서관,190,23013,19,0,0,0,924,24.9,48.6,1,2025,False,True,True,public_link,"도보500m 내 공공도서관 확보·사서 미배치 → 내부만 부족, 인근 공공도서관 연계로 보완"
B000002964,인천송현초등학교,0,0,인천광역시교육청화도진도서관,501,21395,30,1,0,1,347,61.7,11.6,1,2025,True,False,False,school_hub_mobile,"도보500m 내 공공도서관 0개·내부 지표(사서·인당장서수) 양호 → 외부만 부족, 학교거점 순회/모바일 서비스로 보완"
B000003051,인천능허대초등학교,1,0,옥련2동작은도서관,234,25459,60,0,0,0,701,36.3,11.7,1,2025,True,True,False,direct_investment_first,도보500m 내 공공도서관 0개·사서 미배치·수요 상위 25% 아님 → 외부·내부 모두 부족하나 수요는 상위 25% 미만(edge case: 문서 원문의 '수요 높음' 조건 미충족. 직접투자 필요성은 유지하되 우선순위는 수요충족군보다 후순위로 기록)
B000003035,인천산곡남초등학교,1,0,청개구리어린이도서관,173,22420,82,0,1,1,417,53.8,5.1,1,2025,True,False,False,school_hub_mobile,"도보500m 내 공공도서관 0개·내부 지표(사서·인당장서수) 양호 → 외부만 부족, 학교거점 순회/모바일 서비스로 보완"
B000003152,인천검단초등학교,0,0,솔라북 도서관,165,24370,36,0,0,0,680,35.8,18.9,1,2025,True,True,False,direct_investment_first,도보500m 내 공공도서관 0개·사서 미배치·수요 상위 25% 아님 → 외부·내부 모두 부족하나 수요는 상위 25% 미만(edge case: 문서 원문의 '수요 높음' 조건 미충족. 직접투자 필요성은 유지하되 우선순위는 수요충족군보다 후순위로 기록)
B000003107,인천효성동초등학교,0,0,효성도서관,399,18199,51,0,1,1,454,40.1,8.9,1,2025,True,False,False,school_hub_mobile,"도보500m 내 공공도서관 0개·내부 지표(사서·인당장서수) 양호 → 외부만 부족, 학교거점 순회/모바일 서비스로 보완"
B000003166,인천마전초등학교,2,0,키다리아저씨,235,25814,25,0,1,1,633,40.8,25.3,1,2025,True,False,False,school_hub_mobile,"도보500m 내 공공도서관 0개·내부 지표(사서·인당장서수) 양호 → 외부만 부족, 학교거점 순회/모바일 서비스로 보완"
B000003105,인천서창초등학교,0,0,서창도서관,343,24820,62,0,1,1,735,33.8,11.9,1,2025,True,False,False,school_hub_mobile,"도보500m 내 공공도서관 0개·내부 지표(사서·인당장서수) 양호 → 외부만 부족, 학교거점 순회/모바일 서비스로 보완"
B000002979,인천문학초등학교,0,0,이랑도서관,1062,27664,39,0,0,0,551,50.2,14.1,1,2025,True,True,False,direct_investment_first,도보500m 내 공공도서관 0개·사서 미배치·수요 상위 25% 아님 → 외부·내부 모두 부족하나 수요는 상위 25% 미만(edge case: 문서 원문의 '수요 높음' 조건 미충족. 직접투자 필요성은 유지하되 우선순위는 수요충족군보다 후순위로 기록)
B000003030,인천부평남초등학교,2,0,하브루타도서관,262,34044,60,1,0,1,768,44.3,12.8,1,2025,True,False,True,school_hub_mobile,"도보500m 내 공공도서관 0개·내부 지표(사서·인당장서수) 양호 → 외부만 부족, 학교거점 순회/모바일 서비스로 보완"
B000003005,인천용현남초등학교자월분교장,0,0,덕적작은도서관,14456,8168,6,0,0,0,6,1361.3,1.0,1,2025,True,True,False,direct_investment_first,도보500m 내 공공도서관 0개·사서 미배치·수요 상위 25% 아님 → 외부·내부 모두 부족하나 수요는 상위 25% 미만(edge case: 문서 원문의 '수요 높음' 조건 미충족. 직접투자 필요성은 유지하되 우선순위는 수요충족군보다 후순위로 기록)
B000003019,인천부광초등학교,0,0,부평기적의도서관,578,18582,25,0,1,1,350,53.1,14.0,1,2025,True,False,False,school_hub_mobile,"도보500m 내 공공도서관 0개·내부 지표(사서·인당장서수) 양호 → 외부만 부족, 학교거점 순회/모바일 서비스로 보완"
B000003040,인천동암초등학교,2,0,샘터도서관,213,22031,24,1,1,2,295,74.7,12.3,1,2025,True,False,False,school_hub_mobile,"도보500m 내 공공도서관 0개·내부 지표(사서·인당장서수) 양호 → 외부만 부족, 학교거점 순회/모바일 서비스로 보완"
B000002984,인천승학초등학교,0,0,관교어린이도서관,418,18599,48,0,1,1,341,54.5,7.1,1,2025,True,False,False,school_hub_mobile,"도보500m 내 공공도서관 0개·내부 지표(사서·인당장서수) 양호 → 외부만 부족, 학교거점 순회/모바일 서비스로 보완"
B000003017,인천부내초등학교,0,0,부평기적의도서관,603,17781,26,0,1,1,555,32.0,21.3,1,2025,True,False,False,school_hub_mobile,"도보500m 내 공공도서관 0개·내부 지표(사서·인당장서수) 양호 → 외부만 부족, 학교거점 순회/모바일 서비스로 보완"
B000002963,인천만석초등학교,1,1,인천광역시교육청화도진도서관,298,20843,48,0,1,1,263,79.3,5.5,1,2025,False,False,False,maintain_monitor,"도보500m 내 공공도서관 확보·내부 지표(사서·인당장서수) 양호 → 외부·내부 모두 양호, 현행 유지 및 모니터링"
B000003143,인천신석초등학교,0,0,신석도서관,385,21542,42,0,1,1,277,77.8,6.6,1,2025,True,False,False,school_hub_mobile,"도보500m 내 공공도서관 0개·내부 지표(사서·인당장서수) 양호 → 외부만 부족, 학교거점 순회/모바일 서비스로 보완"
B000003100,인천조동초등학교,0,0,만수2동어린이도서관,762,14250,45,1,0,1,387,36.8,8.6,1,2025,True,False,False,school_hub_mobile,"도보500m 내 공공도서관 0개·내부 지표(사서·인당장서수) 양호 → 외부만 부족, 학교거점 순회/모바일 서비스로 보완"
B000025756,인천청호초등학교,0,0,청호초중학교 작은도서관,0,8235,36,0,0,0,433,19.0,12.0,1,2025,True,True,True,direct_investment_first,"도보500m 내 공공도서관 0개·사서 미배치·인당장서수 중앙값 50% 미만·수요 상위 25%(2029 예측) → 외부·내부 모두 부족+수요 높음, 직접투자 최우선"
B000022832,인천한빛초등학교,0,0,서창도서관,1361,24204,55,0,1,1,923,26.2,16.8,1,2025,True,False,True,school_hub_mobile,"도보500m 내 공공도서관 0개·내부 지표(사서·인당장서수) 양호 → 외부만 부족, 학교거점 순회/모바일 서비스로 보완"
B000003106,경인교육대학교부설초등학교,0,0,효성도서관,962,21252,36,0,0,0,560,38.0,15.6,1,2025,True,True,False,direct_investment_first,도보500m 내 공공도서관 0개·사서 미배치·수요 상위 25% 아님 → 외부·내부 모두 부족하나 수요는 상위 25% 미만(edge case: 문서 원문의 '수요 높음' 조건 미충족. 직접투자 필요성은 유지하되 우선순위는 수요충족군보다 후순위로 기록)
B000003020,인천일신초등학교,1,0,초록필그림도서관,234,19142,60,1,0,1,278,68.9,4.6,1,2025,True,False,False,school_hub_mobile,"도보500m 내 공공도서관 0개·내부 지표(사서·인당장서수) 양호 → 외부만 부족, 학교거점 순회/모바일 서비스로 보완"
B000003046,인천굴포초등학교,0,0,홀리스디어린이도서관,536,18341,141,1,0,1,749,24.5,5.3,1,2025,True,True,False,direct_investment_first,도보500m 내 공공도서관 0개·인당장서수 중앙값 50% 미만·수요 상위 25% 아님 → 외부·내부 모두 부족하나 수요는 상위 25% 미만(edge case: 문서 원문의 '수요 높음' 조건 미충족. 직접투자 필요성은 유지하되 우선순위는 수요충족군보다 후순위로 기록)
B000003042,인천마장초등학교,0,0,지혜로작은도서관,454,23813,43,0,1,1,543,43.9,12.6,1,2025,True,False,False,school_hub_mobile,"도보500m 내 공공도서관 0개·내부 지표(사서·인당장서수) 양호 → 외부만 부족, 학교거점 순회/모바일 서비스로 보완"
B000002991,인천인주초등학교,0,0,학나래도서관,722,23367,36,1,0,1,418,55.9,11.6,1,2025,True,False,False,school_hub_mobile,"도보500m 내 공공도서관 0개·내부 지표(사서·인당장서수) 양호 → 외부만 부족, 학교거점 순회/모바일 서비스로 보완"
B000003034,인천미산초등학교,0,0,꿈나무작은도서관,347,19328,67,0,0,0,219,88.3,3.3,1,2025,True,True,False,direct_investment_first,도보500m 내 공공도서관 0개·사서 미배치·수요 상위 25% 아님 → 외부·내부 모두 부족하나 수요는 상위 25% 미만(edge case: 문서 원문의 '수요 높음' 조건 미충족. 직접투자 필요성은 유지하되 우선순위는 수요충족군보다 후순위로 기록)
B000003102,인천장수초등학교,0,0,만수2동어린이도서관,1539,18874,50,1,0,1,103,183.2,2.1,1,2025,True,False,False,school_hub_mobile,"도보500m 내 공공도서관 0개·내부 지표(사서·인당장서수) 양호 → 외부만 부족, 학교거점 순회/모바일 서비스로 보완"
B000002989,인천주안남초등학교,0,0,이랑도서관,413,21947,40,1,0,1,426,51.5,10.7,1,2025,True,False,False,school_hub_mobile,"도보500m 내 공공도서관 0개·내부 지표(사서·인당장서수) 양호 → 외부만 부족, 학교거점 순회/모바일 서비스로 보완"
B000003077,상인천초등학교,0,0,간석3동어린이도서관,764,23482,65,0,1,1,395,59.4,6.1,1,2025,True,False,False,school_hub_mobile,"도보500m 내 공공도서관 0개·내부 지표(사서·인당장서수) 양호 → 외부만 부족, 학교거점 순회/모바일 서비스로 보완"
B000003060,인천동막초등학교,0,0,연수꿈담도서관,1031,21036,36,0,1,1,384,54.8,10.7,1,2025,True,False,False,school_hub_mobile,"도보500m 내 공공도서관 0개·내부 지표(사서·인당장서수) 양호 → 외부만 부족, 학교거점 순회/모바일 서비스로 보완"
B000002969,인천동명초등학교,2,2,이룸청소년도서관,203,16888,30,0,0,0,438,38.6,14.6,1,2025,False,True,False,public_link,"도보500m 내 공공도서관 확보·사서 미배치 → 내부만 부족, 인근 공공도서관 연계로 보완"
B000002990,인천학익초등학교,0,0,학나래도서관,782,18699,40,1,0,1,369,50.7,9.2,1,2025,True,False,False,school_hub_mobile,"도보500m 내 공공도서관 0개·내부 지표(사서·인당장서수) 양호 → 외부만 부족, 학교거점 순회/모바일 서비스로 보완"
B000003104,인천남동초등학교,0,0,서창도서관,1242,22694,48,1,0,1,312,72.7,6.5,1,2025,True,False,False,school_hub_mobile,"도보500m 내 공공도서관 0개·내부 지표(사서·인당장서수) 양호 → 외부만 부족, 학교거점 순회/모바일 서비스로 보완"
B000003047,한일초등학교,0,0,산곡글향기도서관,439,11727,20,0,0,0,317,37.0,15.9,1,2025,True,True,False,direct_investment_first,도보500m 내 공공도서관 0개·사서 미배치·수요 상위 25% 아님 → 외부·내부 모두 부족하나 수요는 상위 25% 미만(edge case: 문서 원문의 '수요 높음' 조건 미충족. 직접투자 필요성은 유지하되 우선순위는 수요충족군보다 후순위로 기록)
B000003091,인천주원초등학교,0,0,노동자의 작은도서관 사람,819,17318,66,0,0,0,242,71.6,3.7,1,2025,True,True,False,direct_investment_first,도보500m 내 공공도서관 0개·사서 미배치·수요 상위 25% 아님 → 외부·내부 모두 부족하나 수요는 상위 25% 미만(edge case: 문서 원문의 '수요 높음' 조건 미충족. 직접투자 필요성은 유지하되 우선순위는 수요충족군보다 후순위로 기록)
B000003032,인천산곡초등학교,1,0,지혜로작은도서관,260,25433,80,0,0,0,427,59.6,5.3,1,2025,True,True,False,direct_investment_first,도보500m 내 공공도서관 0개·사서 미배치·수요 상위 25% 아님 → 외부·내부 모두 부족하나 수요는 상위 25% 미만(edge case: 문서 원문의 '수요 높음' 조건 미충족. 직접투자 필요성은 유지하되 우선순위는 수요충족군보다 후순위로 기록)
B000003076,인천상아초등학교,0,0,인천광역시교육청 인천광역시교육청중앙도서관,871,22740,13,0,1,1,630,36.1,48.5,1,2025,True,False,False,school_hub_mobile,"도보500m 내 공공도서관 0개·내부 지표(사서·인당장서수) 양호 → 외부만 부족, 학교거점 순회/모바일 서비스로 보완"
B000003055,인천함박초등학교,0,0,함박비류도서관,318,19773,50,0,1,1,454,43.6,9.1,1,2025,True,False,False,school_hub_mobile,"도보500m 내 공공도서관 0개·내부 지표(사서·인당장서수) 양호 → 외부만 부족, 학교거점 순회/모바일 서비스로 보완"
B000003052,인천선학초등학교,0,0,선학별빛도서관,679,20388,65,0,1,1,567,36.0,8.7,1,2025,True,False,False,school_hub_mobile,"도보500m 내 공공도서관 0개·내부 지표(사서·인당장서수) 양호 → 외부만 부족, 학교거점 순회/모바일 서비스로 보완"
B000002953,인천운서초등학교,0,0,운서역 푸르지오 푸른도서관,641,15770,89,1,0,1,789,20.0,8.9,1,2025,True,True,True,direct_investment_first,"도보500m 내 공공도서관 0개·인당장서수 중앙값 50% 미만·수요 상위 25%(2029 예측) → 외부·내부 모두 부족+수요 높음, 직접투자 최우선"
B000003069,인천박문초등학교,0,0,동춘나래도서관,523,24277,30,0,0,0,493,49.2,16.4,1,2025,True,True,False,direct_investment_first,도보500m 내 공공도서관 0개·사서 미배치·수요 상위 25% 아님 → 외부·내부 모두 부족하나 수요는 상위 25% 미만(edge case: 문서 원문의 '수요 높음' 조건 미충족. 직접투자 필요성은 유지하되 우선순위는 수요충족군보다 후순위로 기록)
B000003022,인천상정초등학교,0,0,동그라미도서관,362,15623,50,1,0,1,288,54.2,5.8,1,2025,True,False,False,school_hub_mobile,"도보500m 내 공공도서관 0개·내부 지표(사서·인당장서수) 양호 → 외부만 부족, 학교거점 순회/모바일 서비스로 보완"
B000002973,인천용일초등학교,0,0,독정골어린이도서관,739,20859,36,1,0,1,366,57.0,10.2,1,2025,True,False,False,school_hub_mobile,"도보500m 내 공공도서관 0개·내부 지표(사서·인당장서수) 양호 → 외부만 부족, 학교거점 순회/모바일 서비스로 보완"
B000003155,인천목향초등학교,0,0,조은생각 BOOK CAFE,481,23830,44,0,1,1,484,49.2,11.0,1,2025,True,False,False,school_hub_mobile,"도보500m 내 공공도서관 0개·내부 지표(사서·인당장서수) 양호 → 외부만 부족, 학교거점 순회/모바일 서비스로 보완"
B000003089,인천고잔초등학교,0,0,소래도서관,473,27816,60,0,1,1,826,33.7,13.8,1,2025,True,False,True,school_hub_mobile,"도보500m 내 공공도서관 0개·내부 지표(사서·인당장서수) 양호 → 외부만 부족, 학교거점 순회/모바일 서비스로 보완"
B000003096,인천소래초등학교,0,0,남동논현도서관,732,19894,40,0,1,1,505,39.4,12.6,1,2025,True,False,False,school_hub_mobile,"도보500m 내 공공도서관 0개·내부 지표(사서·인당장서수) 양호 → 외부만 부족, 학교거점 순회/모바일 서비스로 보완"
B000002977,인천백학초등학교,0,0,학나래도서관,939,21849,20,0,1,1,297,73.6,14.9,1,2025,True,False,False,school_hub_mobile,"도보500m 내 공공도서관 0개·내부 지표(사서·인당장서수) 양호 → 외부만 부족, 학교거점 순회/모바일 서비스로 보완"
B000003056,인천청학초등학교,0,0,연수꿈담도서관,929,17769,36,0,1,1,443,40.1,12.3,1,2025,True,False,False,school_hub_mobile,"도보500m 내 공공도서관 0개·내부 지표(사서·인당장서수) 양호 → 외부만 부족, 학교거점 순회/모바일 서비스로 보완"
B000003073,인천정각초등학교,0,0,간석3동어린이도서관,1121,22428,38,1,0,1,950,23.6,25.0,1,2025,True,True,False,direct_investment_first,도보500m 내 공공도서관 0개·인당장서수 중앙값 50% 미만·수요 상위 25% 아님 → 외부·내부 모두 부족하나 수요는 상위 25% 미만(edge case: 문서 원문의 '수요 높음' 조건 미충족. 직접투자 필요성은 유지하되 우선순위는 수요충족군보다 후순위로 기록)
B000003130,인천명현초등학교,0,0,효성도서관,367,20305,36,1,0,1,223,91.1,6.2,1,2025,True,False,False,school_hub_mobile,"도보500m 내 공공도서관 0개·내부 지표(사서·인당장서수) 양호 → 외부만 부족, 학교거점 순회/모바일 서비스로 보완"
B000002974,인천용현초등학교,0,0,용비도서관,422,32811,50,1,0,1,1403,23.4,28.1,1,2025,True,True,True,direct_investment_first,"도보500m 내 공공도서관 0개·인당장서수 중앙값 50% 미만·수요 상위 25%(2029 예측) → 외부·내부 모두 부족+수요 높음, 직접투자 최우선"
B000003151,인천능내초등학교,1,1,검단도서관,232,27276,57,1,0,1,545,50.0,9.6,1,2025,False,False,False,maintain_monitor,"도보500m 내 공공도서관 확보·내부 지표(사서·인당장서수) 양호 → 외부·내부 모두 양호, 현행 유지 및 모니터링"
B000003058,인천연성초등학교,0,0,솔안공원작은도서관,521,28056,34,0,0,0,732,38.3,21.5,1,2025,True,True,False,direct_investment_first,도보500m 내 공공도서관 0개·사서 미배치·수요 상위 25% 아님 → 외부·내부 모두 부족하나 수요는 상위 25% 미만(edge case: 문서 원문의 '수요 높음' 조건 미충족. 직접투자 필요성은 유지하되 우선순위는 수요충족군보다 후순위로 기록)
B000003062,인천연수초등학교,0,0,함박비류도서관,811,21315,40,1,0,1,271,78.7,6.8,1,2025,True,False,False,school_hub_mobile,"도보500m 내 공공도서관 0개·내부 지표(사서·인당장서수) 양호 → 외부만 부족, 학교거점 순회/모바일 서비스로 보완"
B000003080,인천동부초등학교,0,0,만수2동어린이도서관,367,19132,52,0,1,1,414,46.2,8.0,1,2025,True,False,False,school_hub_mobile,"도보500m 내 공공도서관 0개·내부 지표(사서·인당장서수) 양호 → 외부만 부족, 학교거점 순회/모바일 서비스로 보완"
B000003154,인천불로초등학교,1,0,푸른길 작은도서관,247,14704,30,1,0,1,658,22.3,21.9,1,2025,True,True,False,direct_investment_first,도보500m 내 공공도서관 0개·인당장서수 중앙값 50% 미만·수요 상위 25% 아님 → 외부·내부 모두 부족하나 수요는 상위 25% 미만(edge case: 문서 원문의 '수요 높음' 조건 미충족. 직접투자 필요성은 유지하되 우선순위는 수요충족군보다 후순위로 기록)
B000003181,송해초등학교,0,0,강화도서관,3008,9887,40,0,0,0,36,274.6,0.9,1,2025,True,True,False,direct_investment_first,도보500m 내 공공도서관 0개·사서 미배치·수요 상위 25% 아님 → 외부·내부 모두 부족하나 수요는 상위 25% 미만(edge case: 문서 원문의 '수요 높음' 조건 미충족. 직접투자 필요성은 유지하되 우선순위는 수요충족군보다 후순위로 기록)
B000003145,인천천마초등학교,1,0,푸른숲 작은도서관,266,20966,21,0,0,0,144,145.6,6.9,1,2025,True,True,False,direct_investment_first,도보500m 내 공공도서관 0개·사서 미배치·수요 상위 25% 아님 → 외부·내부 모두 부족하나 수요는 상위 25% 미만(edge case: 문서 원문의 '수요 높음' 조건 미충족. 직접투자 필요성은 유지하되 우선순위는 수요충족군보다 후순위로 기록)
B000003018,인천부개서초등학교,0,0,부개도서관,418,15283,27,1,1,2,1054,14.5,39.0,1,2025,True,True,True,direct_investment_first,"도보500m 내 공공도서관 0개·인당장서수 중앙값 50% 미만·수요 상위 25%(2029 예측) → 외부·내부 모두 부족+수요 높음, 직접투자 최우선"
B000003188,내가초등학교,0,0,내가도서관,272,5679,20,1,0,1,57,99.6,2.9,1,2025,True,False,False,school_hub_mobile,"도보500m 내 공공도서관 0개·내부 지표(사서·인당장서수) 양호 → 외부만 부족, 학교거점 순회/모바일 서비스로 보완"
B000002954,인천용유초등학교,0,0,용유동작은도서관,813,11845,10,0,1,1,33,358.9,3.3,1,2025,True,False,False,school_hub_mobile,"도보500m 내 공공도서관 0개·내부 지표(사서·인당장서수) 양호 → 외부만 부족, 학교거점 순회/모바일 서비스로 보완"
B000002978,인천도화초등학교,0,0,한우리어린이도서관,772,18478,33,0,1,1,843,21.9,25.5,1,2025,True,True,True,direct_investment_first,"도보500m 내 공공도서관 0개·인당장서수 중앙값 50% 미만·수요 상위 25%(2029 예측) → 외부·내부 모두 부족+수요 높음, 직접투자 최우선"
B000003043,인천개흥초등학교,2,1,부평기적의도서관,285,22873,30,1,0,1,316,72.4,10.5,1,2025,False,False,False,maintain_monitor,"도보500m 내 공공도서관 확보·내부 지표(사서·인당장서수) 양호 → 외부·내부 모두 양호, 현행 유지 및 모니터링"
B000003090,인천약산초등학교,1,0,노동자의 작은도서관 사람,316,29508,36,0,0,0,587,50.3,16.3,1,2025,True,True,False,direct_investment_first,도보500m 내 공공도서관 0개·사서 미배치·수요 상위 25% 아님 → 외부·내부 모두 부족하나 수요는 상위 25% 미만(edge case: 문서 원문의 '수요 높음' 조건 미충족. 직접투자 필요성은 유지하되 우선순위는 수요충족군보다 후순위로 기록)
B000003146,인천봉수초등학교,0,0,SK리더스뷰 작은도서관,529,15672,50,1,0,1,1216,12.9,24.3,1,2025,True,True,True,direct_investment_first,"도보500m 내 공공도서관 0개·인당장서수 중앙값 50% 미만·수요 상위 25%(2029 예측) → 외부·내부 모두 부족+수요 높음, 직접투자 최우선"
B000003084,인천은봉초등학교,0,0,남동논현도서관,353,23561,30,1,0,1,362,65.1,12.1,1,2025,True,False,False,school_hub_mobile,"도보500m 내 공공도서관 0개·내부 지표(사서·인당장서수) 양호 → 외부만 부족, 학교거점 순회/모바일 서비스로 보완"
B000003174,양도초등학교,0,0,내가도서관,4261,34191,18,0,1,1,52,657.5,2.9,1,2025,True,False,False,school_hub_mobile,"도보500m 내 공공도서관 0개·내부 지표(사서·인당장서수) 양호 → 외부만 부족, 학교거점 순회/모바일 서비스로 보완"
B000025193,인천만월초등학교,0,0,관교어린이도서관,1673,27195,61,0,0,0,1019,26.7,16.7,1,2025,True,True,True,direct_investment_first,"도보500m 내 공공도서관 0개·사서 미배치·수요 상위 25%(2029 예측) → 외부·내부 모두 부족+수요 높음, 직접투자 최우선"
B000025226,인천송일초등학교,0,0,송도국제도서관,490,20276,86,0,1,1,980,20.7,11.4,1,2025,True,True,True,direct_investment_first,"도보500m 내 공공도서관 0개·인당장서수 중앙값 50% 미만·수요 상위 25%(2029 예측) → 외부·내부 모두 부족+수요 높음, 직접투자 최우선"
B000003014,인천진산초등학교,0,0,여울도서관,142,14690,40,1,0,1,207,71.0,5.2,1,2025,True,False,False,school_hub_mobile,"도보500m 내 공공도서관 0개·내부 지표(사서·인당장서수) 양호 → 외부만 부족, 학교거점 순회/모바일 서비스로 보완"
B000002972,인천용정초등학교,1,1,독정골어린이도서관,388,15407,31,0,1,1,214,72.0,6.9,1,2025,False,False,False,maintain_monitor,"도보500m 내 공공도서관 확보·내부 지표(사서·인당장서수) 양호 → 외부·내부 모두 양호, 현행 유지 및 모니터링"
B000003070,인천남촌초등학교,0,0,선학별빛도서관,1351,31192,16,0,1,1,309,100.9,19.3,1,2025,True,False,False,school_hub_mobile,"도보500m 내 공공도서관 0개·내부 지표(사서·인당장서수) 양호 → 외부만 부족, 학교거점 순회/모바일 서비스로 보완"
B000003115,인천신대초등학교,0,0,작전도서관,839,19805,46,0,0,0,529,37.4,11.5,1,2025,True,True,False,direct_investment_first,도보500m 내 공공도서관 0개·사서 미배치·수요 상위 25% 아님 → 외부·내부 모두 부족하나 수요는 상위 25% 미만(edge case: 문서 원문의 '수요 높음' 조건 미충족. 직접투자 필요성은 유지하되 우선순위는 수요충족군보다 후순위로 기록)
B000002958,인천삼목초등학교,0,0,영종도서관,383,25998,47,0,0,0,481,54.0,10.2,1,2025,True,True,False,direct_investment_first,도보500m 내 공공도서관 0개·사서 미배치·수요 상위 25% 아님 → 외부·내부 모두 부족하나 수요는 상위 25% 미만(edge case: 문서 원문의 '수요 높음' 조건 미충족. 직접투자 필요성은 유지하되 우선순위는 수요충족군보다 후순위로 기록)
B000003011,인천갈산초등학교,0,0,갈산밀알도서관,309,23841,30,1,0,1,190,125.5,6.3,1,2025,True,False,False,school_hub_mobile,"도보500m 내 공공도서관 0개·내부 지표(사서·인당장서수) 양호 → 외부만 부족, 학교거점 순회/모바일 서비스로 보완"
B000003156,인천왕길초등학교,1,0,금곡하나아파트 문고,252,28347,24,0,1,1,490,57.9,20.4,1,2025,True,False,False,school_hub_mobile,"도보500m 내 공공도서관 0개·내부 지표(사서·인당장서수) 양호 → 외부만 부족, 학교거점 순회/모바일 서비스로 보완"
B000003093,인천석천초등학교,0,0,인천광역시교육청 인천광역시교육청중앙도서관,556,17778,20,0,0,0,982,18.1,49.1,1,2025,True,True,True,direct_investment_first,"도보500m 내 공공도서관 0개·사서 미배치·인당장서수 중앙값 50% 미만·수요 상위 25%(2029 예측) → 외부·내부 모두 부족+수요 높음, 직접투자 최우선"
B000002966,인천송림초등학교,0,0,이룸청소년도서관,611,18610,40,0,0,0,434,42.9,10.9,1,2025,True,True,False,direct_investment_first,도보500m 내 공공도서관 0개·사서 미배치·수요 상위 25% 아님 → 외부·내부 모두 부족하나 수요는 상위 25% 미만(edge case: 문서 원문의 '수요 높음' 조건 미충족. 직접투자 필요성은 유지하되 우선순위는 수요충족군보다 후순위로 기록)
B000003036,인천신촌초등학교,0,0,인천광역시교육청 인천광역시교육청부평도서관,272,19733,40,1,0,1,328,60.2,8.2,1,2025,True,False,False,school_hub_mobile,"도보500m 내 공공도서관 0개·내부 지표(사서·인당장서수) 양호 → 외부만 부족, 학교거점 순회/모바일 서비스로 보완"
B000003028,인천부흥초등학교,0,0,사랑채작은도서관,709,26381,33,1,0,1,1016,26.0,30.8,1,2025,True,False,True,school_hub_mobile,"도보500m 내 공공도서관 0개·내부 지표(사서·인당장서수) 양호 → 외부만 부족, 학교거점 순회/모바일 서비스로 보완"
B000002971,인천숭의초등학교,1,1,제물포도서관,53,28360,60,0,0,0,1154,24.6,19.2,1,2025,False,True,True,public_link,"도보500m 내 공공도서관 확보·사서 미배치 → 내부만 부족, 인근 공공도서관 연계로 보완"
B000003029,인천부평동초등학교,2,0,사랑채작은도서관,208,19578,28,1,1,2,831,23.6,29.7,1,2025,True,True,True,direct_investment_first,"도보500m 내 공공도서관 0개·인당장서수 중앙값 50% 미만·수요 상위 25%(2029 예측) → 외부·내부 모두 부족+수요 높음, 직접투자 최우선"
B000026468,인천아람초등학교,0,0,아라이음 작은도서관,160,5420,50,0,0,0,907,6.0,18.1,1,2025,True,True,True,direct_investment_first,"도보500m 내 공공도서관 0개·사서 미배치·인당장서수 중앙값 50% 미만·수요 상위 25%(2029 예측) → 외부·내부 모두 부족+수요 높음, 직접투자 최우선"
B000025690,인천별빛초등학교,0,0,영종KCC스위첸 라이브러리,275,10721,80,1,0,1,1359,7.9,17.0,1,2025,True,True,True,direct_investment_first,"도보500m 내 공공도서관 0개·인당장서수 중앙값 50% 미만·수요 상위 25%(2029 예측) → 외부·내부 모두 부족+수요 높음, 직접투자 최우선"
B000003038,인천십정초등학교,0,0,꿈꾸는작은도서관,355,22451,34,0,0,0,179,125.4,5.3,1,2025,True,True,False,direct_investment_first,도보500m 내 공공도서관 0개·사서 미배치·수요 상위 25% 아님 → 외부·내부 모두 부족하나 수요는 상위 25% 미만(edge case: 문서 원문의 '수요 높음' 조건 미충족. 직접투자 필요성은 유지하되 우선순위는 수요충족군보다 후순위로 기록)
B000003117,인천병방초등학교,0,0,임학도서관,411,20284,69,0,1,1,290,69.9,4.2,1,2025,True,False,False,school_hub_mobile,"도보500m 내 공공도서관 0개·내부 지표(사서·인당장서수) 양호 → 외부만 부족, 학교거점 순회/모바일 서비스로 보완"
B000002994,대청초등학교,0,0,대청도서관,113,7271,18,0,0,0,16,454.4,0.9,1,2025,True,True,False,direct_investment_first,도보500m 내 공공도서관 0개·사서 미배치·수요 상위 25% 아님 → 외부·내부 모두 부족하나 수요는 상위 25% 미만(edge case: 문서 원문의 '수요 높음' 조건 미충족. 직접투자 필요성은 유지하되 우선순위는 수요충족군보다 후순위로 기록)
B000025752,인천도담초등학교,1,0,책노리 도서관,377,24188,62,1,0,1,488,49.6,7.9,1,2025,True,False,False,school_hub_mobile,"도보500m 내 공공도서관 0개·내부 지표(사서·인당장서수) 양호 → 외부만 부족, 학교거점 순회/모바일 서비스로 보완"
B000003135,인천공촌초등학교,0,0,정다운 도서관,360,17841,30,0,0,0,205,87.0,6.8,1,2025,True,True,False,direct_investment_first,도보500m 내 공공도서관 0개·사서 미배치·수요 상위 25% 아님 → 외부·내부 모두 부족하나 수요는 상위 25% 미만(edge case: 문서 원문의 '수요 높음' 조건 미충족. 직접투자 필요성은 유지하되 우선순위는 수요충족군보다 후순위로 기록)
B000003049,인천축현초등학교,0,0,옥련1동작은도서관,540,20728,24,0,0,0,258,80.3,10.8,1,2025,True,True,False,direct_investment_first,도보500m 내 공공도서관 0개·사서 미배치·수요 상위 25% 아님 → 외부·내부 모두 부족하나 수요는 상위 25% 미만(edge case: 문서 원문의 '수요 높음' 조건 미충족. 직접투자 필요성은 유지하되 우선순위는 수요충족군보다 후순위로 기록)
B000002998,백령초등학교,0,0,백령도서관,674,15180,28,0,0,0,41,370.2,1.5,1,2025,True,True,False,direct_investment_first,도보500m 내 공공도서관 0개·사서 미배치·수요 상위 25% 아님 → 외부·내부 모두 부족하나 수요는 상위 25% 미만(edge case: 문서 원문의 '수요 높음' 조건 미충족. 직접투자 필요성은 유지하되 우선순위는 수요충족군보다 후순위로 기록)
B000003180,합일초등학교,0,0,강화도서관,503,31429,17,1,0,1,131,239.9,7.7,1,2025,True,False,False,school_hub_mobile,"도보500m 내 공공도서관 0개·내부 지표(사서·인당장서수) 양호 → 외부만 부족, 학교거점 순회/모바일 서비스로 보완"
B000002949,인천신흥초등학교,0,0,성산 꿈 작은도서관,346,19013,50,0,1,1,312,60.9,6.2,1,2025,True,False,False,school_hub_mobile,"도보500m 내 공공도서관 0개·내부 지표(사서·인당장서수) 양호 → 외부만 부족, 학교거점 순회/모바일 서비스로 보완"
B000002983,인천남부초등학교,0,0,이랑도서관,413,18695,52,0,1,1,349,53.6,6.7,1,2025,True,False,False,school_hub_mobile,"도보500m 내 공공도서관 0개·내부 지표(사서·인당장서수) 양호 → 외부만 부족, 학교거점 순회/모바일 서비스로 보완"
B000003061,인천서면초등학교,0,0,동춘나래도서관,743,19651,60,0,1,1,400,49.1,6.7,1,2025,True,False,False,school_hub_mobile,"도보500m 내 공공도서관 0개·내부 지표(사서·인당장서수) 양호 → 외부만 부족, 학교거점 순회/모바일 서비스로 보완"
B000003129,인천작동초등학교,0,0,작전도서관,406,19569,41,0,0,0,400,48.9,9.8,1,2025,True,True,False,direct_investment_first,도보500m 내 공공도서관 0개·사서 미배치·수요 상위 25% 아님 → 외부·내부 모두 부족하나 수요는 상위 25% 미만(edge case: 문서 원문의 '수요 높음' 조건 미충족. 직접투자 필요성은 유지하되 우선순위는 수요충족군보다 후순위로 기록)
B000002951,인천신선초등학교,1,0,희망을주는도서관,278,19199,58,0,0,0,286,67.1,4.9,1,2025,True,True,False,direct_investment_first,도보500m 내 공공도서관 0개·사서 미배치·수요 상위 25% 아님 → 외부·내부 모두 부족하나 수요는 상위 25% 미만(edge case: 문서 원문의 '수요 높음' 조건 미충족. 직접투자 필요성은 유지하되 우선순위는 수요충족군보다 후순위로 기록)
B000002952,인천송월초등학교,0,0,동인천동작은도서관,440,15944,22,0,0,0,137,116.4,6.2,1,2025,True,True,False,direct_investment_first,도보500m 내 공공도서관 0개·사서 미배치·수요 상위 25% 아님 → 외부·내부 모두 부족하나 수요는 상위 25% 미만(edge case: 문서 원문의 '수요 높음' 조건 미충족. 직접투자 필요성은 유지하되 우선순위는 수요충족군보다 후순위로 기록)
B000003086,인천동방초등학교,0,0,남동논현도서관,616,29118,50,0,0,0,511,57.0,10.2,1,2025,True,True,False,direct_investment_first,도보500m 내 공공도서관 0개·사서 미배치·수요 상위 25% 아님 → 외부·내부 모두 부족하나 수요는 상위 25% 미만(edge case: 문서 원문의 '수요 높음' 조건 미충족. 직접투자 필요성은 유지하되 우선순위는 수요충족군보다 후순위로 기록)
B000003010,인천청천초등학교,1,1,삼산도서관,267,17899,100,0,1,1,1019,17.6,10.2,1,2025,False,True,True,public_link,"도보500m 내 공공도서관 확보·인당장서수 중앙값 50% 미만 → 내부만 부족, 인근 공공도서관 연계로 보완"
B000003006,인천부평서초등학교,1,0,글마루도서관,183,17690,70,0,1,1,687,25.7,9.8,1,2025,True,False,False,school_hub_mobile,"도보500m 내 공공도서관 0개·내부 지표(사서·인당장서수) 양호 → 외부만 부족, 학교거점 순회/모바일 서비스로 보완"
B000002999,인천공항초등학교신도분교장,0,0,영종도서관,4866,7708,9,0,1,1,9,856.4,1.0,1,2025,True,False,False,school_hub_mobile,"도보500m 내 공공도서관 0개·내부 지표(사서·인당장서수) 양호 → 외부만 부족, 학교거점 순회/모바일 서비스로 보완"
B000003031,인천산곡북초등학교,0,0,선일비전영어작은도서관,399,17959,36,0,1,1,515,34.9,14.3,1,2025,True,False,False,school_hub_mobile,"도보500m 내 공공도서관 0개·내부 지표(사서·인당장서수) 양호 → 외부만 부족, 학교거점 순회/모바일 서비스로 보완"
B000003126,인천부현초등학교,0,0,작전도서관,610,21730,67,0,1,1,342,63.5,5.1,1,2025,True,False,False,school_hub_mobile,"도보500m 내 공공도서관 0개·내부 지표(사서·인당장서수) 양호 → 외부만 부족, 학교거점 순회/모바일 서비스로 보완"
B000003050,인천송도초등학교,3,2,연수청학도서관,247,21101,37,0,0,0,285,74.0,7.7,1,2025,False,True,False,public_link,"도보500m 내 공공도서관 확보·사서 미배치 → 내부만 부족, 인근 공공도서관 연계로 보완"
B000003053,인천중앙초등학교,0,0,인천광역시교육청연수도서관,94,20167,24,2,0,2,248,81.3,10.3,1,2025,True,False,False,school_hub_mobile,"도보500m 내 공공도서관 0개·내부 지표(사서·인당장서수) 양호 → 외부만 부족, 학교거점 순회/모바일 서비스로 보완"
B000002985,인천서화초등학교,1,1,쑥골어린이도서관,180,18779,26,1,0,1,1341,14.0,51.6,1,2025,False,True,True,public_link,"도보500m 내 공공도서관 확보·인당장서수 중앙값 50% 미만 → 내부만 부족, 인근 공공도서관 연계로 보완"
B000003125,인천부평초등학교,0,0,인천광역시교육청계양도서관,762,14848,19,1,0,1,245,60.6,12.9,1,2025,True,False,False,school_hub_mobile,"도보500m 내 공공도서관 0개·내부 지표(사서·인당장서수) 양호 → 외부만 부족, 학교거점 순회/모바일 서비스로 보완"
B000003121,인천귤현초등학교,0,0,동양도서관,1205,17118,54,0,1,1,498,34.4,9.2,1,2025,True,False,False,school_hub_mobile,"도보500m 내 공공도서관 0개·내부 지표(사서·인당장서수) 양호 → 외부만 부족, 학교거점 순회/모바일 서비스로 보완"
B000003147,인천신현북초등학교,2,0,마음이음 작은도서관,61,14996,40,1,0,1,360,41.7,9.0,1,2025,True,False,False,school_hub_mobile,"도보500m 내 공공도서관 0개·내부 지표(사서·인당장서수) 양호 → 외부만 부족, 학교거점 순회/모바일 서비스로 보완"
B000003116,인천길주초등학교,0,0,임학도서관,632,25298,36,1,0,1,454,55.7,12.6,1,2025,True,False,False,school_hub_mobile,"도보500m 내 공공도서관 0개·내부 지표(사서·인당장서수) 양호 → 외부만 부족, 학교거점 순회/모바일 서비스로 보완"
B000002981,인천경원초등학교,1,1,수봉도서관,264,24678,60,0,0,0,941,26.2,15.7,1,2025,False,True,True,public_link,"도보500m 내 공공도서관 확보·사서 미배치 → 내부만 부족, 인근 공공도서관 연계로 보완"
B000003172,인천은지초등학교,3,1,검암도서관,225,20952,27,1,0,1,331,63.3,12.3,1,2025,False,False,False,maintain_monitor,"도보500m 내 공공도서관 확보·내부 지표(사서·인당장서수) 양호 → 외부·내부 모두 양호, 현행 유지 및 모니터링"
B000003021,인천금마초등학교,0,0,옹달샘도서관,88,20389,68,0,1,1,273,74.7,4.0,1,2025,True,False,False,school_hub_mobile,"도보500m 내 공공도서관 0개·내부 지표(사서·인당장서수) 양호 → 외부만 부족, 학교거점 순회/모바일 서비스로 보완"
B000003008,인천마곡초등학교,0,0,조이도서관,703,17861,26,1,0,1,119,150.1,4.6,1,2025,True,False,False,school_hub_mobile,"도보500m 내 공공도서관 0개·내부 지표(사서·인당장서수) 양호 → 외부만 부족, 학교거점 순회/모바일 서비스로 보완"
B000003071,인천성리초등학교,0,0,관교어린이도서관,1172,25848,38,1,0,1,557,46.4,14.7,1,2025,True,False,False,school_hub_mobile,"도보500m 내 공공도서관 0개·내부 지표(사서·인당장서수) 양호 → 외부만 부족, 학교거점 순회/모바일 서비스로 보완"
B000003163,인천가좌초등학교,4,0,푸른샘 어린이도서관,139,17160,70,0,1,1,384,44.7,5.5,1,2025,True,False,False,school_hub_mobile,"도보500m 내 공공도서관 0개·내부 지표(사서·인당장서수) 양호 → 외부만 부족, 학교거점 순회/모바일 서비스로 보완"
B000002970,영화초등학교,0,0,글마루작은도서관,346,892,38,0,1,1,373,2.4,9.8,1,2025,True,True,False,direct_investment_first,도보500m 내 공공도서관 0개·인당장서수 중앙값 50% 미만·수요 상위 25% 아님 → 외부·내부 모두 부족하나 수요는 상위 25% 미만(edge case: 문서 원문의 '수요 높음' 조건 미충족. 직접투자 필요성은 유지하되 우선순위는 수요충족군보다 후순위로 기록)
B000003026,인천동수초등학교,1,0,꿈땅도서관,281,20015,30,0,0,0,617,32.4,20.6,1,2025,True,True,False,direct_investment_first,도보500m 내 공공도서관 0개·사서 미배치·수요 상위 25% 아님 → 외부·내부 모두 부족하나 수요는 상위 25% 미만(edge case: 문서 원문의 '수요 높음' 조건 미충족. 직접투자 필요성은 유지하되 우선순위는 수요충족군보다 후순위로 기록)
B000003149,인천봉화초등학교,0,0,꿈나무 작은도서관,230,18991,40,0,1,1,298,63.7,7.5,1,2025,True,False,False,school_hub_mobile,"도보500m 내 공공도서관 0개·내부 지표(사서·인당장서수) 양호 → 외부만 부족, 학교거점 순회/모바일 서비스로 보완"
B000003039,인천백운초등학교,0,0,동그라미도서관,178,27949,44,0,1,1,478,58.5,10.9,1,2025,True,False,False,school_hub_mobile,"도보500m 내 공공도서관 0개·내부 지표(사서·인당장서수) 양호 → 외부만 부족, 학교거점 순회/모바일 서비스로 보완"
B000003081,인천인수초등학교,0,0,만수2동어린이도서관,896,15715,32,0,1,1,252,62.4,7.9,1,2025,True,False,False,school_hub_mobile,"도보500m 내 공공도서관 0개·내부 지표(사서·인당장서수) 양호 → 외부만 부족, 학교거점 순회/모바일 서비스로 보완"
B000003078,인천석정초등학교,0,0,석바위어린이도서관,713,26847,40,0,0,0,793,33.9,19.8,1,2025,True,True,True,direct_investment_first,"도보500m 내 공공도서관 0개·사서 미배치·수요 상위 25%(2029 예측) → 외부·내부 모두 부족+수요 높음, 직접투자 최우선"
B000003162,인천가석초등학교,0,0,가정골 북카페,184,18633,24,0,1,1,209,89.2,8.7,1,2025,True,False,False,school_hub_mobile,"도보500m 내 공공도서관 0개·내부 지표(사서·인당장서수) 양호 → 외부만 부족, 학교거점 순회/모바일 서비스로 보완"
B000025225,인천송빛초등학교,0,0,송도국제도서관,1774,3432,223,0,0,0,762,4.5,3.4,1,2025,True,True,True,direct_investment_first,"도보500m 내 공공도서관 0개·사서 미배치·인당장서수 중앙값 50% 미만·수요 상위 25%(2029 예측) → 외부·내부 모두 부족+수요 높음, 직접투자 최우선"
B000003165,인천당하초등학교,1,0,5B2F(빠삐뚜엡) 작은도서관,140,24286,43,0,0,0,699,34.7,16.3,1,2025,True,True,False,direct_investment_first,도보500m 내 공공도서관 0개·사서 미배치·수요 상위 25% 아님 → 외부·내부 모두 부족하나 수요는 상위 25% 미만(edge case: 문서 원문의 '수요 높음' 조건 미충족. 직접투자 필요성은 유지하되 우선순위는 수요충족군보다 후순위로 기록)
B000003108,인천효성남초등학교,1,1,효성도서관,116,27009,46,0,1,1,633,42.7,13.8,1,2025,False,False,False,maintain_monitor,"도보500m 내 공공도서관 확보·내부 지표(사서·인당장서수) 양호 → 외부·내부 모두 양호, 현행 유지 및 모니터링"
B000003118,인천양촌초등학교,0,0,임학도서관,964,16460,40,1,0,1,186,88.5,4.7,1,2025,True,False,False,school_hub_mobile,"도보500m 내 공공도서관 0개·내부 지표(사서·인당장서수) 양호 → 외부만 부족, 학교거점 순회/모바일 서비스로 보완"
B000025751,인천경연초등학교,1,0,위즈덤 작은도서관,151,12329,46,0,1,1,1017,12.1,22.1,1,2025,True,True,True,direct_investment_first,"도보500m 내 공공도서관 0개·인당장서수 중앙값 50% 미만·수요 상위 25%(2029 예측) → 외부·내부 모두 부족+수요 높음, 직접투자 최우선"
B000003037,인천하정초등학교,1,0,꿈꾸는작은도서관,158,18058,100,1,0,1,470,38.4,4.7,1,2025,True,False,True,school_hub_mobile,"도보500m 내 공공도서관 0개·내부 지표(사서·인당장서수) 양호 → 외부만 부족, 학교거점 순회/모바일 서비스로 보완"
