학교ID,학교명,method,offset_m,reach_nodes,reach_edge_len_m,n_parts,v3_area_m2,v3_ratio,v2_osmnx_area_m2,valhalla_area_m2,v3_vs_v2,v3_vs_valhalla
B000003024,인천갈월초등학교,exact_edge_trim_v3,7.4,197,13120.8,1,440996,0.5615,306711,473799,1.438,0.931
B000003057,인천청량초등학교,exact_edge_trim_v3,36.2,98,7807.3,1,334862,0.4264,257691,416680,1.299,0.804
B000025246,인천미송초등학교,exact_edge_trim_v3,61.2,28,3155.0,1,150795,0.192,78369,182105,1.924,0.828
B000026469,인천한별초등학교,exact_edge_trim_v3,71.0,6,1548.9,1,100593,0.1281,94276,109588,1.067,0.918
B000026466,인천아라초등학교,exact_edge_trim_v3,46.5,7,1388.8,1,97669,0.1244,56199,99570,1.738,0.981
B000003178,갑룡초등학교,exact_edge_trim_v3,67.3,50,3014.8,1,155326,0.1978,22568,270951,6.883,0.573
B000003098,인천논곡초등학교,exact_edge_trim_v3,47.1,25,3883.9,1,255322,0.3251,176227,418281,1.449,0.61
B000002959,인천영종초등학교,exact_edge_trim_v3,37.0,35,3336.5,1,166598,0.2121,129893,220743,1.283,0.755
B000025228,인천예송초등학교,exact_edge_trim_v3,36.4,16,4027.6,1,272150,0.3465,98619,342271,2.76,0.795
B000003150,인천건지초등학교,exact_edge_trim_v3,24.1,28,4845.7,1,309058,0.3935,216674,413818,1.426,0.747
B000025202,인천장아초등학교,exact_edge_trim_v3,109.7,13,1965.7,1,89793,0.1143,79894,189411,1.124,0.474
B000003013,인천영선초등학교,exact_edge_trim_v3,52.0,47,4782.0,1,224645,0.286,152715,422685,1.471,0.531
B000003127,인천부현동초등학교,exact_edge_trim_v3,35.4,74,6749.8,1,312154,0.3974,249543,369605,1.251,0.845
B000003012,인천후정초등학교,exact_edge_trim_v3,58.6,42,2549.8,1,115061,0.1465,108151,200982,1.064,0.572
B000003007,인천부곡초등학교,exact_edge_trim_v3,20.7,16,2609.2,1,168686,0.2148,64438,261256,2.618,0.646
B000027505,인천중산초등학교,exact_edge_trim_v3,53.9,39,5311.2,1,269104,0.3426,153348,244935,1.755,1.099
B000024924,인천하늘초등학교,exact_edge_trim_v3,68.2,10,2196.5,1,144240,0.1837,101508,215839,1.421,0.668
B000003137,인천간재울초등학교,exact_edge_trim_v3,39.6,31,4640.1,1,246636,0.314,265503,301076,0.929,0.819
B000003148,인천가림초등학교,exact_edge_trim_v3,40.4,148,11452.3,1,431995,0.55,290788,519449,1.486,0.832
B000003189,해명초등학교,exact_edge_trim_v3,4.1,37,4115.3,1,248209,0.316,38138,284048,6.508,0.874
B000003113,인천화전초등학교,exact_edge_trim_v3,18.2,238,14531.2,1,449026,0.5717,360977,485740,1.244,0.924
B000003131,인천효성서초등학교,exact_edge_trim_v3,22.2,66,6221.2,1,255090,0.3248,204403,303091,1.248,0.842
B000026155,인천한들초등학교,exact_edge_trim_v3,64.8,20,3353.7,1,187435,0.2386,148239,180624,1.264,1.038
B000025248,인천은송초등학교,exact_edge_trim_v3,48.6,15,2782.5,1,123403,0.1571,121361,130778,1.017,0.944
B000003095,인천구월초등학교,exact_edge_trim_v3,50.8,67,7840.9,1,363687,0.4631,340053,508918,1.07,0.715
B000003140,인천초은초등학교,exact_edge_trim_v3,7.8,120,7623.9,1,238566,0.3038,202913,255235,1.176,0.935
B000025189,인천송명초등학교,exact_edge_trim_v3,110.6,4,1229.7,1,84794,0.108,70088,143560,1.21,0.591
B000025677,인천주안초등학교,exact_edge_trim_v3,48.8,58,7038.2,1,344548,0.4387,286073,445184,1.204,0.774
B000003164,인천가정초등학교,exact_edge_trim_v3,51.0,33,3031.1,1,152610,0.1943,122137,252786,1.249,0.604
B000003187,양사초등학교,exact_edge_trim_v3,20.0,36,4327.3,1,262670,0.3344,784137,285278,0.335,0.921
B000003133,인천해원초등학교,exact_edge_trim_v3,50.0,256,14328.1,1,348417,0.4436,311117,447031,1.12,0.779
B000002968,인천서림초등학교,exact_edge_trim_v3,17.5,187,15900.3,1,440923,0.5614,387164,507063,1.139,0.87
B000026333,인천가원초등학교,exact_edge_trim_v3,40.8,149,10013.6,1,278335,0.3544,213291,372447,1.305,0.747
B000003175,조산초등학교,exact_edge_trim_v3,24.3,22,2971.5,1,181150,0.2306,15500,216894,11.687,0.835
B000003074,인천간석초등학교,exact_edge_trim_v3,12.4,101,9336.6,1,409773,0.5217,297891,468103,1.376,0.875
B000002993,연평초등학교,exact_edge_trim_v3,3.5,53,3639.5,1,182541,0.2324,16688,201679,10.938,0.905
B000025236,인천첨단초등학교,exact_edge_trim_v3,66.7,6,1485.7,1,99714,0.127,68500,146451,1.456,0.681
B000026470,인천이음초등학교,exact_edge_trim_v3,68.5,7,1813.5,1,125836,0.1602,89369,230172,1.408,0.547
B000003124,인천안산초등학교,exact_edge_trim_v3,17.5,61,5716.4,1,254987,0.3247,206722,293145,1.233,0.87
B000003185,하점초등학교,exact_edge_trim_v3,85.9,35,3682.5,1,217694,0.2772,15500,296505,14.045,0.734
B000003065,인천신정초등학교,exact_edge_trim_v3,22.0,54,5607.5,1,279469,0.3558,197771,355548,1.413,0.786
B000002962,인천영종초등학교금산분교장,exact_edge_trim_v3,6.6,80,4824.1,1,128574,0.1637,67579,154914,1.903,0.83
B000003158,인천원당초등학교,exact_edge_trim_v3,49.1,17,2152.4,1,117653,0.1498,121480,117876,0.968,0.998
B000025512,인천용학초등학교,exact_edge_trim_v3,54.9,9,1194.4,1,76082,0.0969,19482,75067,3.905,1.014
B000003087,인천원동초등학교,exact_edge_trim_v3,59.6,5,807.4,1,56064,0.0714,110903,121460,0.506,0.462
B000025222,인천현송초등학교,exact_edge_trim_v3,57.5,22,4312.5,1,139435,0.1775,98083,187487,1.422,0.744
B000003016,인천부일초등학교,exact_edge_trim_v3,86.9,31,2975.1,1,182070,0.2318,144232,318236,1.262,0.572
B000003170,인천서곶초등학교,exact_edge_trim_v3,27.8,45,5778.7,1,288853,0.3678,104957,339386,2.752,0.851
B000026504,인천송담초등학교,exact_edge_trim_v3,96.1,23,2952.7,1,118152,0.1504,87899,201208,1.344,0.587
B000003176,화도초등학교,exact_edge_trim_v3,41.3,33,4038.2,1,252075,0.321,38138,311366,6.61,0.81
B000003139,인천청라초등학교,exact_edge_trim_v3,50.2,145,9646.1,1,263122,0.335,322155,346513,0.817,0.759
B000025210,인천연송초등학교,exact_edge_trim_v3,51.7,13,3100.3,1,241984,0.3081,118468,310870,2.043,0.778
B000003179,강화초등학교,exact_edge_trim_v3,23.0,103,6972.7,1,315455,0.4017,784137,329426,0.402,0.958
B000003101,인천인동초등학교,exact_edge_trim_v3,46.6,77,6738.7,1,346833,0.4416,272745,429331,1.272,0.808
B000002982,인천석암초등학교,exact_edge_trim_v3,11.2,56,6316.0,1,294656,0.3752,236063,312279,1.248,0.944
B000002956,인천운남초등학교,exact_edge_trim_v3,62.4,31,4264.0,1,237648,0.3026,185317,292383,1.282,0.813
B000003153,인천완정초등학교,exact_edge_trim_v3,54.3,76,5771.7,1,272782,0.3473,208485,379691,1.308,0.718
B000003160,인천창신초등학교,exact_edge_trim_v3,33.2,26,3988.5,1,225721,0.2874,199781,244274,1.13,0.924
B000026332,인천백석초등학교,exact_edge_trim_v3,33.6,18,4075.8,1,252753,0.3218,171318,274071,1.475,0.922
B000003186,명신초등학교,exact_edge_trim_v3,40.2,30,3107.6,1,197794,0.2518,15500,257825,12.761,0.767
B000003122,인천계양초등학교,exact_edge_trim_v3,11.5,66,8028.6,1,370384,0.4716,250770,408503,1.477,0.907
B000003194,서도초등학교,exact_edge_trim_v3,186.0,0,627.9,1,47466,0.0604,784137,73024,0.061,0.65
B000003112,인천성지초등학교,exact_edge_trim_v3,39.8,67,6180.6,1,321766,0.4097,215078,399102,1.496,0.806
B000003120,인천당산초등학교,exact_edge_trim_v3,27.1,30,2783.7,1,130235,0.1658,72290,223561,1.802,0.583
B000002967,인천서흥초등학교,exact_edge_trim_v3,40.8,165,14083.1,1,424468,0.5405,364132,531989,1.166,0.798
B000003192,교동초등학교,exact_edge_trim_v3,10.6,44,5798.1,1,318674,0.4057,15500,384832,20.56,0.828
B000003134,인천경명초등학교,exact_edge_trim_v3,43.8,80,3232.2,1,105420,0.1342,81912,135233,1.287,0.78
B000003184,삼성초등학교,exact_edge_trim_v3,27.6,26,3221.6,1,180818,0.2302,15500,230171,11.666,0.786
B000022839,인천청일초등학교,exact_edge_trim_v3,46.5,98,8219.9,1,265285,0.3378,222766,353776,1.191,0.75
B000026471,인천신검단초등학교,exact_edge_trim_v3,67.1,3,1974.9,1,140866,0.1794,75752,161458,1.86,0.872
B000003141,인천양지초등학교,exact_edge_trim_v3,54.7,50,4538.5,1,205152,0.2612,170111,278130,1.206,0.738
B000003190,삼산초등학교,exact_edge_trim_v3,15.3,64,6576.2,1,345630,0.4401,13514,399716,25.576,0.865
B000026467,인천해든초등학교,exact_edge_trim_v3,64.9,13,2061.5,1,138477,0.1763,109739,180931,1.262,0.765
B000003083,인천도림초등학교,exact_edge_trim_v3,52.1,40,2805.4,1,136167,0.1734,87446,226131,1.557,0.602
B000003177,대월초등학교,exact_edge_trim_v3,40.9,7,1366.1,1,92774,0.1181,22568,82673,4.111,1.122
B000002997,북포초등학교,exact_edge_trim_v3,9.7,25,3786.3,1,218531,0.2782,16688,227097,13.095,0.962
B000003094,인천신월초등학교,exact_edge_trim_v3,23.9,42,5972.0,1,291219,0.3708,281260,399651,1.035,0.729
B000003171,인천검암초등학교,exact_edge_trim_v3,40.5,56,6000.4,1,281009,0.3578,179604,355669,1.565,0.79
B000022834,인천청람초등학교,exact_edge_trim_v3,40.7,193,9523.1,1,298082,0.3795,295109,437989,1.01,0.681
B000003169,인천신현초등학교,exact_edge_trim_v3,23.4,195,13312.8,1,484013,0.6163,404751,554498,1.196,0.873
B000003085,인천장도초등학교,exact_edge_trim_v3,58.6,34,2466.5,1,106507,0.1356,88576,170489,1.202,0.625
B000003161,인천금곡초등학교,exact_edge_trim_v3,55.4,31,4216.8,1,239675,0.3052,189091,299881,1.268,0.799
B000025256,인천송원초등학교,exact_edge_trim_v3,37.6,97,9936.6,1,293664,0.3739,221338,381150,1.327,0.77
B000003004,인천남부초등학교이작분교장,exact_edge_trim_v3,7.7,16,2783.9,1,168526,0.2146,9895,157424,17.031,1.071
B000003183,불은초등학교,exact_edge_trim_v3,18.4,33,3500.9,1,202442,0.2578,15500,230717,13.061,0.877
B000003082,인천만수초등학교,exact_edge_trim_v3,35.0,37,5649.3,1,275791,0.3511,216405,306739,1.274,0.899
B000002980,인천관교초등학교,exact_edge_trim_v3,28.8,130,12251.2,1,465903,0.5932,393519,534907,1.184,0.871
B000003110,인천해서초등학교,exact_edge_trim_v3,45.3,87,6762.5,1,235307,0.2996,197434,310984,1.192,0.757
B000025196,인천장서초등학교,exact_edge_trim_v3,51.3,16,2489.5,1,152265,0.1939,80327,182209,1.896,0.836
B000003045,인천한길초등학교,exact_edge_trim_v3,38.3,127,9615.9,1,391707,0.4987,365654,462707,1.071,0.847
B000003167,인천석남서초등학교,exact_edge_trim_v3,4.6,169,11545.9,1,493745,0.6287,336427,534663,1.468,0.923
B000003173,길상초등학교,exact_edge_trim_v3,31.7,87,6828.7,1,278364,0.3544,15500,331743,17.959,0.839
B000025206,인천새봄초등학교,exact_edge_trim_v3,63.0,3,1190.0,1,84892,0.1081,784137,110710,0.108,0.767
B000003033,인천부마초등학교,exact_edge_trim_v3,35.4,38,4484.9,1,259829,0.3308,185647,316215,1.4,0.822
B000003182,선원초등학교,exact_edge_trim_v3,24.8,32,3027.0,1,198080,0.2522,15500,228251,12.779,0.868
B000003009,인천대정초등학교,exact_edge_trim_v3,18.6,48,4909.9,1,248731,0.3167,200625,309619,1.24,0.803
B000003000,인천삼목초등학교장봉분교장,exact_edge_trim_v3,13.0,25,4513.3,1,315074,0.4012,784137,343286,0.402,0.918
B000003119,인천소양초등학교,exact_edge_trim_v3,28.4,60,6093.3,1,278303,0.3543,200108,315458,1.391,0.882
B000003111,인천안남초등학교,exact_edge_trim_v3,19.1,127,9996.8,1,388739,0.495,324394,418480,1.198,0.929
B000002995,영흥초등학교,exact_edge_trim_v3,2.9,59,3568.1,1,191126,0.2433,37510,196402,5.095,0.973
B000003064,인천옥련초등학교,exact_edge_trim_v3,41.1,121,10131.8,1,417545,0.5316,352049,534347,1.186,0.781
B000003063,인천문남초등학교,exact_edge_trim_v3,18.7,95,8175.8,1,315728,0.402,270935,346067,1.165,0.912
B000003059,인천동춘초등학교,exact_edge_trim_v3,36.2,83,5552.6,1,204725,0.2607,177572,288604,1.153,0.709
B000003068,인천먼우금초등학교,exact_edge_trim_v3,54.2,14,3434.0,1,206258,0.2626,160082,344524,1.288,0.599
B000003023,인천부평북초등학교,exact_edge_trim_v3,30.7,66,6325.0,1,342736,0.4364,230077,397509,1.49,0.862
B000003097,인천논현초등학교,exact_edge_trim_v3,30.8,44,5642.7,1,314048,0.3999,243753,413513,1.288,0.759
B000003066,인천해송초등학교,exact_edge_trim_v3,48.4,37,4452.6,1,215579,0.2745,184697,341494,1.167,0.631
B000003132,인천계양초등학교상야분교장,exact_edge_trim_v3,22.7,29,3126.3,1,179679,0.2288,103139,227409,1.742,0.79
B000003128,인천작전초등학교,exact_edge_trim_v3,6.7,103,8838.6,1,315272,0.4014,206892,378917,1.524,0.832
B000003159,인천발산초등학교,exact_edge_trim_v3,60.1,29,4210.8,1,225038,0.2865,180657,303361,1.246,0.742
B000003138,인천경서초등학교,exact_edge_trim_v3,30.8,41,5451.7,1,265679,0.3383,160355,270382,1.657,0.983
B000003079,인천만수북초등학교,exact_edge_trim_v3,3.2,71,5073.2,1,196163,0.2498,143613,223053,1.366,0.879
B000003157,인천단봉초등학교,exact_edge_trim_v3,28.9,38,5298.1,1,271167,0.3453,214560,291892,1.264,0.929
B000003067,인천신송초등학교,exact_edge_trim_v3,47.0,16,1919.6,1,115883,0.1475,66900,199318,1.732,0.581
B000003041,인천용마초등학교,exact_edge_trim_v3,20.1,43,5318.3,1,307404,0.3914,96038,369557,3.201,0.832
B000003048,인천명선초등학교,exact_edge_trim_v3,34.2,11,1975.9,1,100306,0.1277,79397,126580,1.263,0.792
B000003109,인천효성초등학교,exact_edge_trim_v3,69.0,47,3281.9,1,157923,0.2011,148268,209589,1.065,0.753
B000002975,인천용현남초등학교,exact_edge_trim_v3,49.1,6,1058.9,1,71748,0.0914,34266,83299,2.094,0.861
B000003114,인천서운초등학교,exact_edge_trim_v3,49.1,24,3570.1,1,214145,0.2727,159317,277187,1.344,0.773
B000003054,인천연화초등학교,exact_edge_trim_v3,13.3,137,10057.3,1,391621,0.4986,307138,475803,1.275,0.823
B000002955,인천연안초등학교,exact_edge_trim_v3,35.7,32,5238.5,1,313624,0.3993,196544,381515,1.596,0.822
B000002965,인천창영초등학교,exact_edge_trim_v3,74.5,98,7396.5,1,205102,0.2611,187409,328471,1.094,0.624
B000003027,인천부원초등학교,exact_edge_trim_v3,60.8,49,5488.7,1,257479,0.3278,216735,349261,1.188,0.737
B000003099,인천새말초등학교,exact_edge_trim_v3,42.5,104,8656.5,1,379418,0.4831,347449,508376,1.092,0.746
B000002960,인성초등학교,exact_edge_trim_v3,47.3,75,8947.0,1,361226,0.4599,321344,451197,1.124,0.801
B000003044,인천삼산초등학교,exact_edge_trim_v3,12.4,144,11003.5,1,421484,0.5367,297739,445869,1.416,0.945
B000003015,인천구산초등학교,exact_edge_trim_v3,41.0,158,10408.7,1,323207,0.4115,285544,415112,1.132,0.779
B000002950,인천신광초등학교,exact_edge_trim_v3,1.7,93,9175.8,1,407342,0.5186,294964,440059,1.381,0.926
B000002976,인천학산초등학교,exact_edge_trim_v3,43.5,38,4552.8,1,245461,0.3125,207520,313862,1.183,0.782
B000003092,인천송천초등학교,exact_edge_trim_v3,26.1,38,4572.4,1,251548,0.3203,176208,349182,1.428,0.72
B000002986,인천대화초등학교,exact_edge_trim_v3,22.6,69,8267.1,1,390879,0.4977,298701,454693,1.309,0.86
B000002992,인천연학초등학교,exact_edge_trim_v3,31.6,137,8944.8,1,376062,0.4788,308351,494420,1.22,0.761
B000003123,인천계산초등학교,exact_edge_trim_v3,48.0,93,7803.5,1,289920,0.3691,245426,361509,1.181,0.802
B000002987,인천주안북초등학교,exact_edge_trim_v3,26.4,67,7608.6,1,405513,0.5163,270349,489465,1.5,0.828
B000003144,인천석남초등학교,exact_edge_trim_v3,10.7,34,4089.0,1,218134,0.2777,211884,250005,1.029,0.873
B000003168,인천가현초등학교,exact_edge_trim_v3,36.1,29,4305.1,1,229866,0.2927,155328,305476,1.48,0.752
B000003142,인천심곡초등학교,exact_edge_trim_v3,62.7,77,7167.7,1,334205,0.4255,291903,386012,1.145,0.866
B000002996,덕적초등학교,exact_edge_trim_v3,22.1,27,2436.8,1,132295,0.1684,9895,172925,13.37,0.765
B000003025,인천부개초등학교,exact_edge_trim_v3,45.0,80,9013.1,1,409654,0.5216,342107,488252,1.197,0.839
B000003103,인천담방초등학교,exact_edge_trim_v3,25.9,18,3470.8,1,192725,0.2454,102804,239688,1.875,0.804
B000003088,인천사리울초등학교,exact_edge_trim_v3,61.2,31,3727.5,1,195695,0.2492,149060,299817,1.313,0.653
B000002957,인천공항초등학교,exact_edge_trim_v3,41.8,111,7378.4,1,302681,0.3854,268327,409725,1.128,0.739
B000003075,인천구월서초등학교,exact_edge_trim_v3,7.6,91,9649.1,1,427985,0.5449,305748,481011,1.4,0.89
B000002964,인천송현초등학교,exact_edge_trim_v3,19.5,246,16810.0,1,453232,0.5771,223537,493087,2.028,0.919
B000003051,인천능허대초등학교,exact_edge_trim_v3,36.0,112,10010.9,1,425002,0.5411,333301,536898,1.275,0.792
B000003035,인천산곡남초등학교,exact_edge_trim_v3,60.6,64,6008.7,1,266256,0.339,230708,390230,1.154,0.682
B000003152,인천검단초등학교,exact_edge_trim_v3,60.9,14,2519.5,1,141178,0.1798,176456,228089,0.8,0.619
B000003107,인천효성동초등학교,exact_edge_trim_v3,33.3,38,4806.6,1,270160,0.344,175089,302716,1.543,0.892
B000003166,인천마전초등학교,exact_edge_trim_v3,49.0,50,3937.6,1,167427,0.2132,122423,245436,1.368,0.682
B000003105,인천서창초등학교,exact_edge_trim_v3,76.3,32,4145.9,1,248823,0.3168,220659,353800,1.128,0.703
B000002979,인천문학초등학교,exact_edge_trim_v3,59.7,57,6016.0,1,256824,0.327,250424,397017,1.026,0.647
B000003030,인천부평남초등학교,exact_edge_trim_v3,23.7,77,7534.9,1,326677,0.4159,273643,400275,1.194,0.816
B000003005,인천용현남초등학교자월분교장,exact_edge_trim_v3,20.8,102,5501.5,1,249124,0.3172,9895,273409,25.177,0.911
B000003019,인천부광초등학교,exact_edge_trim_v3,62.2,108,8409.2,1,332811,0.4237,329398,535809,1.01,0.621
B000003040,인천동암초등학교,exact_edge_trim_v3,12.5,137,9953.9,1,409811,0.5218,319720,468151,1.282,0.875
B000002984,인천승학초등학교,exact_edge_trim_v3,22.0,50,4777.4,1,192738,0.2454,160253,237717,1.203,0.811
B000003017,인천부내초등학교,exact_edge_trim_v3,26.0,42,3262.8,1,179396,0.2284,51987,201725,3.451,0.889
B000002963,인천만석초등학교,exact_edge_trim_v3,16.8,72,9473.3,1,361231,0.4599,225828,449455,1.6,0.804
B000003143,인천신석초등학교,exact_edge_trim_v3,29.0,59,5374.8,1,239323,0.3047,116022,272160,2.063,0.879
B000003100,인천조동초등학교,exact_edge_trim_v3,69.1,97,5692.9,1,259661,0.3306,246541,394833,1.053,0.658
B000025756,인천청호초등학교,exact_edge_trim_v3,45.8,167,9005.6,1,311988,0.3972,249231,396184,1.252,0.787
B000022832,인천한빛초등학교,exact_edge_trim_v3,63.3,6,1678.0,1,116411,0.1482,91111,171275,1.278,0.68
B000003106,경인교육대학교부설초등학교,exact_edge_trim_v3,63.7,47,3886.7,1,196582,0.2503,135450,252426,1.451,0.779
B000003020,인천일신초등학교,exact_edge_trim_v3,9.3,77,8002.4,1,397974,0.5067,258699,468518,1.538,0.849
B000003046,인천굴포초등학교,exact_edge_trim_v3,54.1,70,5201.7,1,237225,0.302,198697,301522,1.194,0.787
B000003042,인천마장초등학교,exact_edge_trim_v3,11.8,77,7621.2,1,379909,0.4837,250917,400004,1.514,0.95
B000002991,인천인주초등학교,exact_edge_trim_v3,36.5,116,8638.1,1,405062,0.5157,328988,495739,1.231,0.817
B000003034,인천미산초등학교,exact_edge_trim_v3,57.5,41,3439.7,1,160141,0.2039,103574,247834,1.546,0.646
B000003102,인천장수초등학교,exact_edge_trim_v3,62.6,19,2304.5,1,132508,0.1687,85236,256467,1.555,0.517
B000002989,인천주안남초등학교,exact_edge_trim_v3,11.5,91,10808.3,1,492388,0.6269,347974,509683,1.415,0.966
B000003077,상인천초등학교,exact_edge_trim_v3,7.0,74,9415.9,1,401314,0.511,304143,455538,1.319,0.881
B000003060,인천동막초등학교,exact_edge_trim_v3,58.5,61,5188.7,1,208989,0.2661,183908,257374,1.136,0.812
B000002969,인천동명초등학교,exact_edge_trim_v3,13.2,260,18375.0,1,445933,0.5678,360707,472880,1.236,0.943
B000002990,인천학익초등학교,exact_edge_trim_v3,97.8,14,1316.0,1,82787,0.1054,82994,201053,0.998,0.412
B000003104,인천남동초등학교,exact_edge_trim_v3,35.0,66,8150.5,1,369778,0.4708,305821,361347,1.209,1.023
B000003047,한일초등학교,exact_edge_trim_v3,69.2,13,1782.0,1,109403,0.1393,68191,138246,1.604,0.791
B000003091,인천주원초등학교,exact_edge_trim_v3,42.1,44,3786.3,1,181562,0.2312,107982,295516,1.681,0.614
B000003032,인천산곡초등학교,exact_edge_trim_v3,9.7,20,2213.8,1,128149,0.1632,66804,136476,1.918,0.939
B000003076,인천상아초등학교,exact_edge_trim_v3,44.9,15,1966.5,1,118438,0.1508,78101,231055,1.516,0.513
B000003055,인천함박초등학교,exact_edge_trim_v3,30.7,82,9190.0,1,349013,0.4444,337948,446372,1.033,0.782
B000003052,인천선학초등학교,exact_edge_trim_v3,6.6,64,5951.6,1,237225,0.302,236939,309145,1.001,0.767
B000002953,인천운서초등학교,exact_edge_trim_v3,58.7,97,8583.1,1,308840,0.3932,294434,380459,1.049,0.812
B000003069,인천박문초등학교,exact_edge_trim_v3,60.7,59,4671.5,1,179952,0.2291,164078,240407,1.097,0.749
B000003022,인천상정초등학교,exact_edge_trim_v3,22.7,24,4759.7,1,290411,0.3698,169169,334979,1.717,0.867
B000002973,인천용일초등학교,exact_edge_trim_v3,21.5,66,9965.3,1,466802,0.5944,384586,523198,1.214,0.892
B000003155,인천목향초등학교,exact_edge_trim_v3,31.0,6,1690.4,1,110695,0.1409,56681,126786,1.953,0.873
B000003089,인천고잔초등학교,exact_edge_trim_v3,51.7,17,2603.7,1,160659,0.2046,187727,221409,0.856,0.726
B000003096,인천소래초등학교,exact_edge_trim_v3,53.8,37,4225.3,1,182704,0.2326,160948,276477,1.135,0.661
B000002977,인천백학초등학교,exact_edge_trim_v3,11.8,101,9077.3,1,376237,0.479,314101,426186,1.198,0.883
B000003056,인천청학초등학교,exact_edge_trim_v3,15.5,118,10353.2,1,414775,0.5281,291961,458575,1.421,0.904
B000003073,인천정각초등학교,exact_edge_trim_v3,25.8,44,6200.6,1,348768,0.4441,171215,439471,2.037,0.794
B000003130,인천명현초등학교,exact_edge_trim_v3,40.9,77,7716.2,1,352096,0.4483,314815,452188,1.118,0.779
B000002974,인천용현초등학교,exact_edge_trim_v3,29.8,68,7213.4,1,340153,0.4331,292139,406899,1.164,0.836
B000003151,인천능내초등학교,exact_edge_trim_v3,53.8,55,4612.6,1,195097,0.2484,180093,272630,1.083,0.716
B000003058,인천연성초등학교,exact_edge_trim_v3,53.6,69,2852.1,1,96402,0.1227,99258,149589,0.971,0.644
B000003062,인천연수초등학교,exact_edge_trim_v3,19.1,21,1906.0,1,95146,0.1211,85992,142236,1.106,0.669
B000003080,인천동부초등학교,exact_edge_trim_v3,46.2,86,8175.3,1,354531,0.4514,281531,437307,1.259,0.811
B000003154,인천불로초등학교,exact_edge_trim_v3,56.4,13,2960.8,1,192796,0.2455,130019,271009,1.483,0.711
B000003181,송해초등학교,exact_edge_trim_v3,8.2,20,4391.9,1,289079,0.3681,784137,318665,0.369,0.907
B000003145,인천천마초등학교,exact_edge_trim_v3,13.8,30,3592.9,1,161880,0.2061,86063,184511,1.881,0.877
B000003018,인천부개서초등학교,exact_edge_trim_v3,13.7,53,6430.2,1,308186,0.3924,220156,376465,1.4,0.819
B000003188,내가초등학교,exact_edge_trim_v3,6.9,15,2872.9,1,202543,0.2579,15500,185207,13.067,1.094
B000002954,인천용유초등학교,exact_edge_trim_v3,25.2,31,3388.6,1,177732,0.2263,112247,205104,1.583,0.867
B000002978,인천도화초등학교,exact_edge_trim_v3,41.2,44,4334.1,1,224578,0.2859,193511,272811,1.161,0.823
B000003043,인천개흥초등학교,exact_edge_trim_v3,9.7,197,13993.1,1,479746,0.6108,418090,528920,1.147,0.907
B000003090,인천약산초등학교,exact_edge_trim_v3,20.2,131,10882.6,1,417338,0.5314,356137,454741,1.172,0.918
B000003146,인천봉수초등학교,exact_edge_trim_v3,26.8,46,7328.0,1,332296,0.4231,225655,385530,1.473,0.862
B000003084,인천은봉초등학교,exact_edge_trim_v3,38.2,77,7182.6,1,323413,0.4118,246727,427898,1.311,0.756
B000003174,양도초등학교,exact_edge_trim_v3,32.0,19,3409.7,1,219746,0.2798,15500,259377,14.177,0.847
B000025193,인천만월초등학교,exact_edge_trim_v3,45.1,50,4188.7,1,213749,0.2722,138874,247333,1.539,0.864
B000025226,인천송일초등학교,exact_edge_trim_v3,19.1,25,4116.9,1,226840,0.2888,96170,370390,2.359,0.612
B000003014,인천진산초등학교,exact_edge_trim_v3,43.1,13,1443.1,1,64085,0.0816,43298,127360,1.48,0.503
B000002972,인천용정초등학교,exact_edge_trim_v3,35.6,93,8841.3,1,411765,0.5243,335299,529763,1.228,0.777
B000003070,인천남촌초등학교,exact_edge_trim_v3,54.1,150,10795.2,1,368572,0.4693,333030,447379,1.107,0.824
B000003115,인천신대초등학교,exact_edge_trim_v3,57.0,18,2457.6,1,137072,0.1745,132605,193028,1.034,0.71
B000002958,인천삼목초등학교,exact_edge_trim_v3,20.6,58,4300.6,1,201961,0.2571,121826,259039,1.658,0.78
B000003011,인천갈산초등학교,exact_edge_trim_v3,62.1,42,2125.5,1,95122,0.1211,89082,169698,1.068,0.561
B000003156,인천왕길초등학교,exact_edge_trim_v3,41.7,84,7183.3,1,324261,0.4129,260198,422844,1.246,0.767
B000003093,인천석천초등학교,exact_edge_trim_v3,24.0,34,4574.5,1,263499,0.3355,57125,392598,4.613,0.671
B000002966,인천송림초등학교,exact_edge_trim_v3,20.9,242,17998.8,1,477244,0.6076,407578,546182,1.171,0.874
B000003036,인천신촌초등학교,exact_edge_trim_v3,40.1,121,8998.2,1,335759,0.4275,283018,463393,1.186,0.725
B000003028,인천부흥초등학교,exact_edge_trim_v3,17.1,133,13724.2,1,536615,0.6832,454730,599656,1.18,0.895
B000002971,인천숭의초등학교,exact_edge_trim_v3,27.2,97,7430.1,1,306132,0.3898,218717,381064,1.4,0.803
B000003029,인천부평동초등학교,exact_edge_trim_v3,16.2,157,14211.6,1,520889,0.6632,445884,581798,1.168,0.895
B000026468,인천아람초등학교,exact_edge_trim_v3,69.8,22,1934.7,1,102296,0.1302,66820,126990,1.531,0.806
B000025690,인천별빛초등학교,exact_edge_trim_v3,48.3,50,4857.3,1,178866,0.2277,187224,285366,0.955,0.627
B000003038,인천십정초등학교,exact_edge_trim_v3,14.3,84,9103.5,1,439465,0.5595,325594,460261,1.35,0.955
B000003117,인천병방초등학교,exact_edge_trim_v3,15.9,166,11896.6,1,478555,0.6093,342439,544445,1.397,0.879
B000002994,대청초등학교,exact_edge_trim_v3,35.8,11,2638.5,1,164418,0.2093,16688,196862,9.852,0.835
B000025752,인천도담초등학교,exact_edge_trim_v3,42.6,196,13735.1,1,355842,0.4531,325635,396946,1.093,0.896
B000003135,인천공촌초등학교,exact_edge_trim_v3,10.1,41,4604.6,1,226990,0.289,222071,242645,1.022,0.935
B000003049,인천축현초등학교,exact_edge_trim_v3,59.8,63,5471.2,1,245094,0.3121,230205,331250,1.065,0.74
B000002998,백령초등학교,exact_edge_trim_v3,39.3,25,3086.3,1,170137,0.2166,16688,226921,10.195,0.75
B000003180,합일초등학교,exact_edge_trim_v3,10.8,131,10455.4,1,431355,0.5492,784137,497984,0.55,0.866
B000002949,인천신흥초등학교,exact_edge_trim_v3,39.9,98,9369.6,1,407699,0.5191,335199,548640,1.216,0.743
B000002983,인천남부초등학교,exact_edge_trim_v3,10.0,185,14345.7,1,488143,0.6215,395986,536304,1.233,0.91
B000003061,인천서면초등학교,exact_edge_trim_v3,46.3,81,4870.0,1,168702,0.2148,183198,239160,0.921,0.705
B000003129,인천작동초등학교,exact_edge_trim_v3,8.7,126,11315.8,1,400369,0.5098,299018,436274,1.339,0.918
B000002951,인천신선초등학교,exact_edge_trim_v3,96.5,14,2191.4,1,133686,0.1702,142049,294915,0.941,0.453
B000002952,인천송월초등학교,exact_edge_trim_v3,65.6,46,3952.4,1,175052,0.2229,186128,245400,0.94,0.713
B000003086,인천동방초등학교,exact_edge_trim_v3,63.3,45,5162.0,1,253097,0.3223,256765,339271,0.986,0.746
B000003010,인천청천초등학교,exact_edge_trim_v3,5.6,38,6188.5,1,389522,0.496,201230,403390,1.936,0.966
B000003006,인천부평서초등학교,exact_edge_trim_v3,12.1,184,13305.5,1,473759,0.6032,411389,478648,1.152,0.99
B000002999,인천공항초등학교신도분교장,exact_edge_trim_v3,23.8,16,2586.7,1,154983,0.1973,65973,174779,2.349,0.887
B000003031,인천산곡북초등학교,exact_edge_trim_v3,17.1,43,4361.2,1,252440,0.3214,147949,263832,1.706,0.957
B000003126,인천부현초등학교,exact_edge_trim_v3,8.8,116,10118.1,1,377316,0.4804,235004,457775,1.606,0.824
B000003050,인천송도초등학교,exact_edge_trim_v3,41.5,94,7214.7,1,305812,0.3894,256129,406111,1.194,0.753
B000003053,인천중앙초등학교,exact_edge_trim_v3,43.8,50,2997.1,1,144701,0.1842,110273,228227,1.312,0.634
B000002985,인천서화초등학교,exact_edge_trim_v3,54.3,170,12400.2,1,364756,0.4644,306662,478566,1.189,0.762
B000003125,인천부평초등학교,exact_edge_trim_v3,12.8,137,11817.0,1,467925,0.5958,390858,525273,1.197,0.891
B000003121,인천귤현초등학교,exact_edge_trim_v3,44.2,43,5067.8,1,212144,0.2701,210816,249172,1.006,0.851
B000003147,인천신현북초등학교,exact_edge_trim_v3,23.2,91,7966.7,1,354319,0.4511,256315,392170,1.382,0.903
B000003116,인천길주초등학교,exact_edge_trim_v3,28.4,83,6548.5,1,260500,0.3317,172869,327528,1.507,0.795
B000002981,인천경원초등학교,exact_edge_trim_v3,77.7,53,5963.5,1,325938,0.415,327543,518884,0.995,0.628
B000003172,인천은지초등학교,exact_edge_trim_v3,39.9,43,6210.5,1,313979,0.3998,200526,335837,1.566,0.935
B000003021,인천금마초등학교,exact_edge_trim_v3,47.5,9,1681.5,1,114631,0.146,60291,86586,1.901,1.324
B000003008,인천마곡초등학교,exact_edge_trim_v3,35.2,29,3118.5,1,170697,0.2173,109660,152002,1.557,1.123
B000003071,인천성리초등학교,exact_edge_trim_v3,68.8,96,8549.7,1,341693,0.4351,360581,526499,0.948,0.649
B000003163,인천가좌초등학교,exact_edge_trim_v3,23.8,168,13048.4,1,465105,0.5922,353486,546326,1.316,0.851
B000002970,영화초등학교,exact_edge_trim_v3,81.6,83,6500.3,1,193222,0.246,215955,304473,0.895,0.635
B000003026,인천동수초등학교,exact_edge_trim_v3,37.3,81,6606.2,1,295448,0.3762,229736,360018,1.286,0.821
B000003149,인천봉화초등학교,exact_edge_trim_v3,57.7,17,4028.0,1,289258,0.3683,179393,420609,1.612,0.688
B000003039,인천백운초등학교,exact_edge_trim_v3,52.9,12,2194.6,1,142101,0.1809,63718,220096,2.23,0.646
B000003081,인천인수초등학교,exact_edge_trim_v3,24.1,91,5273.8,1,239351,0.3048,160624,316846,1.49,0.755
B000003078,인천석정초등학교,exact_edge_trim_v3,5.9,60,7172.1,1,383372,0.4881,311722,421914,1.23,0.909
B000003162,인천가석초등학교,exact_edge_trim_v3,56.2,29,2974.4,1,149572,0.1904,122010,217230,1.226,0.689
B000025225,인천송빛초등학교,exact_edge_trim_v3,68.7,16,2203.2,1,96371,0.1227,70864,145564,1.36,0.662
B000003165,인천당하초등학교,exact_edge_trim_v3,43.7,24,4266.0,1,258296,0.3289,205653,363028,1.256,0.712
B000003108,인천효성남초등학교,exact_edge_trim_v3,11.6,159,11256.6,1,437976,0.5576,347933,477141,1.259,0.918
B000003118,인천양촌초등학교,exact_edge_trim_v3,71.3,71,5226.0,1,234834,0.299,240822,270749,0.975,0.867
B000025751,인천경연초등학교,exact_edge_trim_v3,27.9,98,8453.2,1,280413,0.357,217518,312398,1.289,0.898
B000003037,인천하정초등학교,exact_edge_trim_v3,19.7,30,4254.5,1,209107,0.2662,159475,228018,1.311,0.917
