학교ID,학교명,gu,current_students_2025,forecast_2029,forecast_2031,predicted_2029,predicted_2031,cohort_change_2029,cohort_change_2031,selected_model,model_version,validation_scheme,one_year_r2,one_year_mae,mid_term_r2,mid_term_mae
B000003178,갑룡초등학교,강화군,485,409,357,409.0,357.0,0.7235993022063265,0.6106308188765137,weighted_trend_plus_lgbm_residual,school_enrollment_model1_walk_forward_recursive_20260418,walk_forward_recursive,0.9650573704449353,37.275426877748394,0.9320249602452373,54.83589406969098
B000003179,강화초등학교,강화군,209,114,67,114.0,67.0,0.7235993022063265,0.6106308188765137,weighted_trend_plus_lgbm_residual,school_enrollment_model1_walk_forward_recursive_20260418,walk_forward_recursive,0.9650573704449353,37.275426877748394,0.9320249602452373,54.83589406969098
B000003192,교동초등학교,강화군,18,3,1,3.0,1.0,0.7235993022063265,0.6106308188765137,weighted_trend_plus_lgbm_residual,school_enrollment_model1_walk_forward_recursive_20260418,walk_forward_recursive,0.9650573704449353,37.275426877748394,0.9320249602452373,54.83589406969098
B000003173,길상초등학교,강화군,140,64,29,64.0,29.0,0.7235993022063265,0.6106308188765137,weighted_trend_plus_lgbm_residual,school_enrollment_model1_walk_forward_recursive_20260418,walk_forward_recursive,0.9650573704449353,37.275426877748394,0.9320249602452373,54.83589406969098
B000003188,내가초등학교,강화군,57,52,50,52.0,50.0,0.7235993022063265,0.6106308188765137,weighted_trend_plus_lgbm_residual,school_enrollment_model1_walk_forward_recursive_20260418,walk_forward_recursive,0.9650573704449353,37.275426877748394,0.9320249602452373,54.83589406969098
B000003177,대월초등학교,강화군,107,91,81,91.0,81.0,0.7235993022063265,0.6106308188765137,weighted_trend_plus_lgbm_residual,school_enrollment_model1_walk_forward_recursive_20260418,walk_forward_recursive,0.9650573704449353,37.275426877748394,0.9320249602452373,54.83589406969098
B000003186,명신초등학교,강화군,45,39,33,39.0,33.0,0.7235993022063265,0.6106308188765137,weighted_trend_plus_lgbm_residual,school_enrollment_model1_walk_forward_recursive_20260418,walk_forward_recursive,0.9650573704449353,37.275426877748394,0.9320249602452373,54.83589406969098
B000003183,불은초등학교,강화군,51,27,12,27.0,12.0,0.7235993022063265,0.6106308188765137,weighted_trend_plus_lgbm_residual,school_enrollment_model1_walk_forward_recursive_20260418,walk_forward_recursive,0.9650573704449353,37.275426877748394,0.9320249602452373,54.83589406969098
B000003190,삼산초등학교,강화군,14,11,7,11.0,7.0,0.7235993022063265,0.6106308188765137,weighted_trend_plus_lgbm_residual,school_enrollment_model1_walk_forward_recursive_20260418,walk_forward_recursive,0.9650573704449353,37.275426877748394,0.9320249602452373,54.83589406969098
B000003184,삼성초등학교,강화군,23,4,2,4.0,2.0,0.7235993022063265,0.6106308188765137,weighted_trend_plus_lgbm_residual,school_enrollment_model1_walk_forward_recursive_20260418,walk_forward_recursive,0.9650573704449353,37.275426877748394,0.9320249602452373,54.83589406969098
B000003194,서도초등학교,강화군,3,2,1,2.0,1.0,0.7235993022063265,0.6106308188765137,weighted_trend_plus_lgbm_residual,school_enrollment_model1_walk_forward_recursive_20260418,walk_forward_recursive,0.9650573704449353,37.275426877748394,0.9320249602452373,54.83589406969098
B000003182,선원초등학교,강화군,233,176,152,176.0,152.0,0.7235993022063265,0.6106308188765137,weighted_trend_plus_lgbm_residual,school_enrollment_model1_walk_forward_recursive_20260418,walk_forward_recursive,0.9650573704449353,37.275426877748394,0.9320249602452373,54.83589406969098
B000003181,송해초등학교,강화군,36,24,19,24.0,19.0,0.7235993022063265,0.6106308188765137,weighted_trend_plus_lgbm_residual,school_enrollment_model1_walk_forward_recursive_20260418,walk_forward_recursive,0.9650573704449353,37.275426877748394,0.9320249602452373,54.83589406969098
B000003174,양도초등학교,강화군,52,38,30,38.0,30.0,0.7235993022063265,0.6106308188765137,weighted_trend_plus_lgbm_residual,school_enrollment_model1_walk_forward_recursive_20260418,walk_forward_recursive,0.9650573704449353,37.275426877748394,0.9320249602452373,54.83589406969098
B000003187,양사초등학교,강화군,33,13,6,13.0,6.0,0.7235993022063265,0.6106308188765137,weighted_trend_plus_lgbm_residual,school_enrollment_model1_walk_forward_recursive_20260418,walk_forward_recursive,0.9650573704449353,37.275426877748394,0.9320249602452373,54.83589406969098
B000003175,조산초등학교,강화군,42,31,26,31.0,26.0,0.7235993022063265,0.6106308188765137,weighted_trend_plus_lgbm_residual,school_enrollment_model1_walk_forward_recursive_20260418,walk_forward_recursive,0.9650573704449353,37.275426877748394,0.9320249602452373,54.83589406969098
B000003185,하점초등학교,강화군,37,21,13,21.0,13.0,0.7235993022063265,0.6106308188765137,weighted_trend_plus_lgbm_residual,school_enrollment_model1_walk_forward_recursive_20260418,walk_forward_recursive,0.9650573704449353,37.275426877748394,0.9320249602452373,54.83589406969098
B000003180,합일초등학교,강화군,131,106,95,106.0,95.0,0.7235993022063265,0.6106308188765137,weighted_trend_plus_lgbm_residual,school_enrollment_model1_walk_forward_recursive_20260418,walk_forward_recursive,0.9650573704449353,37.275426877748394,0.9320249602452373,54.83589406969098
B000003189,해명초등학교,강화군,7,2,1,2.0,1.0,0.7235993022063265,0.6106308188765137,weighted_trend_plus_lgbm_residual,school_enrollment_model1_walk_forward_recursive_20260418,walk_forward_recursive,0.9650573704449353,37.275426877748394,0.9320249602452373,54.83589406969098
B000003176,화도초등학교,강화군,41,8,3,8.0,3.0,0.7235993022063265,0.6106308188765137,weighted_trend_plus_lgbm_residual,school_enrollment_model1_walk_forward_recursive_20260418,walk_forward_recursive,0.9650573704449353,37.275426877748394,0.9320249602452373,54.83589406969098
B000003106,경인교육대학교부설초등학교,계양구,560,453,411,453.0,411.0,0.5621287687784734,0.3873498368195425,weighted_trend_plus_lgbm_residual,school_enrollment_model1_walk_forward_recursive_20260418,walk_forward_recursive,0.9650573704449353,37.275426877748394,0.9320249602452373,54.83589406969098
B000003123,인천계산초등학교,계양구,162,105,80,105.0,80.0,0.5621287687784734,0.3873498368195425,weighted_trend_plus_lgbm_residual,school_enrollment_model1_walk_forward_recursive_20260418,walk_forward_recursive,0.9650573704449353,37.275426877748394,0.9320249602452373,54.83589406969098
B000003122,인천계양초등학교,계양구,307,142,72,142.0,72.0,0.5621287687784734,0.3873498368195425,weighted_trend_plus_lgbm_residual,school_enrollment_model1_walk_forward_recursive_20260418,walk_forward_recursive,0.9650573704449353,37.275426877748394,0.9320249602452373,54.83589406969098
B000003132,인천계양초등학교상야분교장,계양구,6,2,1,2.0,1.0,0.5621287687784734,0.3873498368195425,weighted_trend_plus_lgbm_residual,school_enrollment_model1_walk_forward_recursive_20260418,walk_forward_recursive,0.9650573704449353,37.275426877748394,0.9320249602452373,54.83589406969098
B000003121,인천귤현초등학교,계양구,498,284,177,284.0,177.0,0.5621287687784734,0.3873498368195425,weighted_trend_plus_lgbm_residual,school_enrollment_model1_walk_forward_recursive_20260418,walk_forward_recursive,0.9650573704449353,37.275426877748394,0.9320249602452373,54.83589406969098
B000003116,인천길주초등학교,계양구,454,286,207,286.0,207.0,0.5621287687784734,0.3873498368195425,weighted_trend_plus_lgbm_residual,school_enrollment_model1_walk_forward_recursive_20260418,walk_forward_recursive,0.9650573704449353,37.275426877748394,0.9320249602452373,54.83589406969098
B000003120,인천당산초등학교,계양구,721,286,121,286.0,121.0,0.5621287687784734,0.3873498368195425,weighted_trend_plus_lgbm_residual,school_enrollment_model1_walk_forward_recursive_20260418,walk_forward_recursive,0.9650573704449353,37.275426877748394,0.9320249602452373,54.83589406969098
B000003130,인천명현초등학교,계양구,223,169,130,169.0,130.0,0.5621287687784734,0.3873498368195425,weighted_trend_plus_lgbm_residual,school_enrollment_model1_walk_forward_recursive_20260418,walk_forward_recursive,0.9650573704449353,37.275426877748394,0.9320249602452373,54.83589406969098
B000003117,인천병방초등학교,계양구,290,179,165,179.0,165.0,0.5621287687784734,0.3873498368195425,weighted_trend_plus_lgbm_residual,school_enrollment_model1_walk_forward_recursive_20260418,walk_forward_recursive,0.9650573704449353,37.275426877748394,0.9320249602452373,54.83589406969098
B000003125,인천부평초등학교,계양구,245,152,124,152.0,124.0,0.5621287687784734,0.3873498368195425,weighted_trend_plus_lgbm_residual,school_enrollment_model1_walk_forward_recursive_20260418,walk_forward_recursive,0.9650573704449353,37.275426877748394,0.9320249602452373,54.83589406969098
B000003127,인천부현동초등학교,계양구,430,204,116,204.0,116.0,0.5621287687784734,0.3873498368195425,weighted_trend_plus_lgbm_residual,school_enrollment_model1_walk_forward_recursive_20260418,walk_forward_recursive,0.9650573704449353,37.275426877748394,0.9320249602452373,54.83589406969098
B000003126,인천부현초등학교,계양구,342,206,159,206.0,159.0,0.5621287687784734,0.3873498368195425,weighted_trend_plus_lgbm_residual,school_enrollment_model1_walk_forward_recursive_20260418,walk_forward_recursive,0.9650573704449353,37.275426877748394,0.9320249602452373,54.83589406969098
B000003114,인천서운초등학교,계양구,510,513,507,513.0,507.0,0.5621287687784734,0.3873498368195425,weighted_trend_plus_lgbm_residual,school_enrollment_model1_walk_forward_recursive_20260418,walk_forward_recursive,0.9650573704449353,37.275426877748394,0.9320249602452373,54.83589406969098
B000003112,인천성지초등학교,계양구,291,178,143,178.0,143.0,0.5621287687784734,0.3873498368195425,weighted_trend_plus_lgbm_residual,school_enrollment_model1_walk_forward_recursive_20260418,walk_forward_recursive,0.9650573704449353,37.275426877748394,0.9320249602452373,54.83589406969098
B000003119,인천소양초등학교,계양구,346,229,157,229.0,157.0,0.5621287687784734,0.3873498368195425,weighted_trend_plus_lgbm_residual,school_enrollment_model1_walk_forward_recursive_20260418,walk_forward_recursive,0.9650573704449353,37.275426877748394,0.9320249602452373,54.83589406969098
B000003115,인천신대초등학교,계양구,529,289,173,289.0,173.0,0.5621287687784734,0.3873498368195425,weighted_trend_plus_lgbm_residual,school_enrollment_model1_walk_forward_recursive_20260418,walk_forward_recursive,0.9650573704449353,37.275426877748394,0.9320249602452373,54.83589406969098
B000003111,인천안남초등학교,계양구,288,169,132,169.0,132.0,0.5621287687784734,0.3873498368195425,weighted_trend_plus_lgbm_residual,school_enrollment_model1_walk_forward_recursive_20260418,walk_forward_recursive,0.9650573704449353,37.275426877748394,0.9320249602452373,54.83589406969098
B000003124,인천안산초등학교,계양구,265,161,149,161.0,149.0,0.5621287687784734,0.3873498368195425,weighted_trend_plus_lgbm_residual,school_enrollment_model1_walk_forward_recursive_20260418,walk_forward_recursive,0.9650573704449353,37.275426877748394,0.9320249602452373,54.83589406969098
B000003118,인천양촌초등학교,계양구,186,80,35,80.0,35.0,0.5621287687784734,0.3873498368195425,weighted_trend_plus_lgbm_residual,school_enrollment_model1_walk_forward_recursive_20260418,walk_forward_recursive,0.9650573704449353,37.275426877748394,0.9320249602452373,54.83589406969098
B000003129,인천작동초등학교,계양구,400,275,229,275.0,229.0,0.5621287687784734,0.3873498368195425,weighted_trend_plus_lgbm_residual,school_enrollment_model1_walk_forward_recursive_20260418,walk_forward_recursive,0.9650573704449353,37.275426877748394,0.9320249602452373,54.83589406969098
B000003128,인천작전초등학교,계양구,311,178,154,178.0,154.0,0.5621287687784734,0.3873498368195425,weighted_trend_plus_lgbm_residual,school_enrollment_model1_walk_forward_recursive_20260418,walk_forward_recursive,0.9650573704449353,37.275426877748394,0.9320249602452373,54.83589406969098
B000003110,인천해서초등학교,계양구,141,31,15,31.0,15.0,0.5621287687784734,0.3873498368195425,weighted_trend_plus_lgbm_residual,school_enrollment_model1_walk_forward_recursive_20260418,walk_forward_recursive,0.9650573704449353,37.275426877748394,0.9320249602452373,54.83589406969098
B000003113,인천화전초등학교,계양구,688,441,325,441.0,325.0,0.5621287687784734,0.3873498368195425,weighted_trend_plus_lgbm_residual,school_enrollment_model1_walk_forward_recursive_20260418,walk_forward_recursive,0.9650573704449353,37.275426877748394,0.9320249602452373,54.83589406969098
B000003108,인천효성남초등학교,계양구,633,550,501,550.0,501.0,0.5621287687784734,0.3873498368195425,weighted_trend_plus_lgbm_residual,school_enrollment_model1_walk_forward_recursive_20260418,walk_forward_recursive,0.9650573704449353,37.275426877748394,0.9320249602452373,54.83589406969098
B000003107,인천효성동초등학교,계양구,454,420,469,420.0,469.0,0.5621287687784734,0.3873498368195425,weighted_trend_plus_lgbm_residual,school_enrollment_model1_walk_forward_recursive_20260418,walk_forward_recursive,0.9650573704449353,37.275426877748394,0.9320249602452373,54.83589406969098
B000003131,인천효성서초등학교,계양구,341,186,111,186.0,111.0,0.5621287687784734,0.3873498368195425,weighted_trend_plus_lgbm_residual,school_enrollment_model1_walk_forward_recursive_20260418,walk_forward_recursive,0.9650573704449353,37.275426877748394,0.9320249602452373,54.83589406969098
B000003109,인천효성초등학교,계양구,272,147,95,147.0,95.0,0.5621287687784734,0.3873498368195425,weighted_trend_plus_lgbm_residual,school_enrollment_model1_walk_forward_recursive_20260418,walk_forward_recursive,0.9650573704449353,37.275426877748394,0.9320249602452373,54.83589406969098
B000003077,상인천초등학교,남동구,395,215,150,215.0,150.0,0.4707510503206492,0.2571381390250187,weighted_trend_plus_lgbm_residual,school_enrollment_model1_walk_forward_recursive_20260418,walk_forward_recursive,0.9650573704449353,37.275426877748394,0.9320249602452373,54.83589406969098
B000003074,인천간석초등학교,남동구,510,417,371,417.0,371.0,0.4707510503206492,0.2571381390250187,weighted_trend_plus_lgbm_residual,school_enrollment_model1_walk_forward_recursive_20260418,walk_forward_recursive,0.9650573704449353,37.275426877748394,0.9320249602452373,54.83589406969098
B000003089,인천고잔초등학교,남동구,826,594,469,594.0,469.0,0.4707510503206492,0.2571381390250187,weighted_trend_plus_lgbm_residual,school_enrollment_model1_walk_forward_recursive_20260418,walk_forward_recursive,0.9650573704449353,37.275426877748394,0.9320249602452373,54.83589406969098
B000003075,인천구월서초등학교,남동구,924,755,653,755.0,653.0,0.4707510503206492,0.2571381390250187,weighted_trend_plus_lgbm_residual,school_enrollment_model1_walk_forward_recursive_20260418,walk_forward_recursive,0.9650573704449353,37.275426877748394,0.9320249602452373,54.83589406969098
B000003095,인천구월초등학교,남동구,299,158,133,158.0,133.0,0.4707510503206492,0.2571381390250187,weighted_trend_plus_lgbm_residual,school_enrollment_model1_walk_forward_recursive_20260418,walk_forward_recursive,0.9650573704449353,37.275426877748394,0.9320249602452373,54.83589406969098
B000003104,인천남동초등학교,남동구,312,149,122,149.0,122.0,0.4707510503206492,0.2571381390250187,weighted_trend_plus_lgbm_residual,school_enrollment_model1_walk_forward_recursive_20260418,walk_forward_recursive,0.9650573704449353,37.275426877748394,0.9320249602452373,54.83589406969098
B000003070,인천남촌초등학교,남동구,309,155,89,155.0,89.0,0.4707510503206492,0.2571381390250187,weighted_trend_plus_lgbm_residual,school_enrollment_model1_walk_forward_recursive_20260418,walk_forward_recursive,0.9650573704449353,37.275426877748394,0.9320249602452373,54.83589406969098
B000003098,인천논곡초등학교,남동구,551,333,234,333.0,234.0,0.4707510503206492,0.2571381390250187,weighted_trend_plus_lgbm_residual,school_enrollment_model1_walk_forward_recursive_20260418,walk_forward_recursive,0.9650573704449353,37.275426877748394,0.9320249602452373,54.83589406969098
B000003097,인천논현초등학교,남동구,591,373,280,373.0,280.0,0.4707510503206492,0.2571381390250187,weighted_trend_plus_lgbm_residual,school_enrollment_model1_walk_forward_recursive_20260418,walk_forward_recursive,0.9650573704449353,37.275426877748394,0.9320249602452373,54.83589406969098
B000003103,인천담방초등학교,남동구,369,189,110,189.0,110.0,0.4707510503206492,0.2571381390250187,weighted_trend_plus_lgbm_residual,school_enrollment_model1_walk_forward_recursive_20260418,walk_forward_recursive,0.9650573704449353,37.275426877748394,0.9320249602452373,54.83589406969098
B000003083,인천도림초등학교,남동구,320,155,83,155.0,83.0,0.4707510503206492,0.2571381390250187,weighted_trend_plus_lgbm_residual,school_enrollment_model1_walk_forward_recursive_20260418,walk_forward_recursive,0.9650573704449353,37.275426877748394,0.9320249602452373,54.83589406969098
B000003086,인천동방초등학교,남동구,511,235,114,235.0,114.0,0.4707510503206492,0.2571381390250187,weighted_trend_plus_lgbm_residual,school_enrollment_model1_walk_forward_recursive_20260418,walk_forward_recursive,0.9650573704449353,37.275426877748394,0.9320249602452373,54.83589406969098
B000003080,인천동부초등학교,남동구,414,304,245,304.0,245.0,0.4707510503206492,0.2571381390250187,weighted_trend_plus_lgbm_residual,school_enrollment_model1_walk_forward_recursive_20260418,walk_forward_recursive,0.9650573704449353,37.275426877748394,0.9320249602452373,54.83589406969098
B000003079,인천만수북초등학교,남동구,607,296,161,296.0,161.0,0.4707510503206492,0.2571381390250187,weighted_trend_plus_lgbm_residual,school_enrollment_model1_walk_forward_recursive_20260418,walk_forward_recursive,0.9650573704449353,37.275426877748394,0.9320249602452373,54.83589406969098
B000003082,인천만수초등학교,남동구,200,163,140,163.0,140.0,0.4707510503206492,0.2571381390250187,weighted_trend_plus_lgbm_residual,school_enrollment_model1_walk_forward_recursive_20260418,walk_forward_recursive,0.9650573704449353,37.275426877748394,0.9320249602452373,54.83589406969098
B000025193,인천만월초등학교,남동구,1019,631,408,631.0,408.0,0.4707510503206492,0.2571381390250187,weighted_trend_plus_lgbm_residual,school_enrollment_model1_walk_forward_recursive_20260418,walk_forward_recursive,0.9650573704449353,37.275426877748394,0.9320249602452373,54.83589406969098
B000003088,인천사리울초등학교,남동구,519,368,302,368.0,302.0,0.4707510503206492,0.2571381390250187,weighted_trend_plus_lgbm_residual,school_enrollment_model1_walk_forward_recursive_20260418,walk_forward_recursive,0.9650573704449353,37.275426877748394,0.9320249602452373,54.83589406969098
B000003076,인천상아초등학교,남동구,630,371,240,371.0,240.0,0.4707510503206492,0.2571381390250187,weighted_trend_plus_lgbm_residual,school_enrollment_model1_walk_forward_recursive_20260418,walk_forward_recursive,0.9650573704449353,37.275426877748394,0.9320249602452373,54.83589406969098
B000003099,인천새말초등학교,남동구,358,239,204,239.0,204.0,0.4707510503206492,0.2571381390250187,weighted_trend_plus_lgbm_residual,school_enrollment_model1_walk_forward_recursive_20260418,walk_forward_recursive,0.9650573704449353,37.275426877748394,0.9320249602452373,54.83589406969098
B000003105,인천서창초등학교,남동구,735,367,155,367.0,155.0,0.4707510503206492,0.2571381390250187,weighted_trend_plus_lgbm_residual,school_enrollment_model1_walk_forward_recursive_20260418,walk_forward_recursive,0.9650573704449353,37.275426877748394,0.9320249602452373,54.83589406969098
B000003078,인천석정초등학교,남동구,793,616,517,616.0,517.0,0.4707510503206492,0.2571381390250187,weighted_trend_plus_lgbm_residual,school_enrollment_model1_walk_forward_recursive_20260418,walk_forward_recursive,0.9650573704449353,37.275426877748394,0.9320249602452373,54.83589406969098
B000003093,인천석천초등학교,남동구,982,768,639,768.0,639.0,0.4707510503206492,0.2571381390250187,weighted_trend_plus_lgbm_residual,school_enrollment_model1_walk_forward_recursive_20260418,walk_forward_recursive,0.9650573704449353,37.275426877748394,0.9320249602452373,54.83589406969098
B000003071,인천성리초등학교,남동구,557,343,238,343.0,238.0,0.4707510503206492,0.2571381390250187,weighted_trend_plus_lgbm_residual,school_enrollment_model1_walk_forward_recursive_20260418,walk_forward_recursive,0.9650573704449353,37.275426877748394,0.9320249602452373,54.83589406969098
B000003096,인천소래초등학교,남동구,505,390,325,390.0,325.0,0.4707510503206492,0.2571381390250187,weighted_trend_plus_lgbm_residual,school_enrollment_model1_walk_forward_recursive_20260418,walk_forward_recursive,0.9650573704449353,37.275426877748394,0.9320249602452373,54.83589406969098
B000003092,인천송천초등학교,남동구,320,178,149,178.0,149.0,0.4707510503206492,0.2571381390250187,weighted_trend_plus_lgbm_residual,school_enrollment_model1_walk_forward_recursive_20260418,walk_forward_recursive,0.9650573704449353,37.275426877748394,0.9320249602452373,54.83589406969098
B000003094,인천신월초등학교,남동구,223,141,125,141.0,125.0,0.4707510503206492,0.2571381390250187,weighted_trend_plus_lgbm_residual,school_enrollment_model1_walk_forward_recursive_20260418,walk_forward_recursive,0.9650573704449353,37.275426877748394,0.9320249602452373,54.83589406969098
B000003090,인천약산초등학교,남동구,587,447,367,447.0,367.0,0.4707510503206492,0.2571381390250187,weighted_trend_plus_lgbm_residual,school_enrollment_model1_walk_forward_recursive_20260418,walk_forward_recursive,0.9650573704449353,37.275426877748394,0.9320249602452373,54.83589406969098
B000003087,인천원동초등학교,남동구,850,376,173,376.0,173.0,0.4707510503206492,0.2571381390250187,weighted_trend_plus_lgbm_residual,school_enrollment_model1_walk_forward_recursive_20260418,walk_forward_recursive,0.9650573704449353,37.275426877748394,0.9320249602452373,54.83589406969098
B000003084,인천은봉초등학교,남동구,362,236,182,236.0,182.0,0.4707510503206492,0.2571381390250187,weighted_trend_plus_lgbm_residual,school_enrollment_model1_walk_forward_recursive_20260418,walk_forward_recursive,0.9650573704449353,37.275426877748394,0.9320249602452373,54.83589406969098
B000003101,인천인동초등학교,남동구,771,448,303,448.0,303.0,0.4707510503206492,0.2571381390250187,weighted_trend_plus_lgbm_residual,school_enrollment_model1_walk_forward_recursive_20260418,walk_forward_recursive,0.9650573704449353,37.275426877748394,0.9320249602452373,54.83589406969098
B000003081,인천인수초등학교,남동구,252,149,91,149.0,91.0,0.4707510503206492,0.2571381390250187,weighted_trend_plus_lgbm_residual,school_enrollment_model1_walk_forward_recursive_20260418,walk_forward_recursive,0.9650573704449353,37.275426877748394,0.9320249602452373,54.83589406969098
B000003085,인천장도초등학교,남동구,267,150,95,150.0,95.0,0.4707510503206492,0.2571381390250187,weighted_trend_plus_lgbm_residual,school_enrollment_model1_walk_forward_recursive_20260418,walk_forward_recursive,0.9650573704449353,37.275426877748394,0.9320249602452373,54.83589406969098
B000025196,인천장서초등학교,남동구,1358,1138,998,1138.0,998.0,0.4707510503206492,0.2571381390250187,weighted_trend_plus_lgbm_residual,school_enrollment_model1_walk_forward_recursive_20260418,walk_forward_recursive,0.9650573704449353,37.275426877748394,0.9320249602452373,54.83589406969098
B000003102,인천장수초등학교,남동구,103,21,9,21.0,9.0,0.4707510503206492,0.2571381390250187,weighted_trend_plus_lgbm_residual,school_enrollment_model1_walk_forward_recursive_20260418,walk_forward_recursive,0.9650573704449353,37.275426877748394,0.9320249602452373,54.83589406969098
B000025202,인천장아초등학교,남동구,896,748,643,748.0,643.0,0.4707510503206492,0.2571381390250187,weighted_trend_plus_lgbm_residual,school_enrollment_model1_walk_forward_recursive_20260418,walk_forward_recursive,0.9650573704449353,37.275426877748394,0.9320249602452373,54.83589406969098
B000003073,인천정각초등학교,남동구,950,546,321,546.0,321.0,0.4707510503206492,0.2571381390250187,weighted_trend_plus_lgbm_residual,school_enrollment_model1_walk_forward_recursive_20260418,walk_forward_recursive,0.9650573704449353,37.275426877748394,0.9320249602452373,54.83589406969098
B000003100,인천조동초등학교,남동구,387,216,138,216.0,138.0,0.4707510503206492,0.2571381390250187,weighted_trend_plus_lgbm_residual,school_enrollment_model1_walk_forward_recursive_20260418,walk_forward_recursive,0.9650573704449353,37.275426877748394,0.9320249602452373,54.83589406969098
B000003091,인천주원초등학교,남동구,242,170,133,170.0,133.0,0.4707510503206492,0.2571381390250187,weighted_trend_plus_lgbm_residual,school_enrollment_model1_walk_forward_recursive_20260418,walk_forward_recursive,0.9650573704449353,37.275426877748394,0.9320249602452373,54.83589406969098
B000022832,인천한빛초등학교,남동구,923,586,426,586.0,426.0,0.4707510503206492,0.2571381390250187,weighted_trend_plus_lgbm_residual,school_enrollment_model1_walk_forward_recursive_20260418,walk_forward_recursive,0.9650573704449353,37.275426877748394,0.9320249602452373,54.83589406969098
B000002970,영화초등학교,동구,373,376,412,376.0,412.0,0.4896104184286771,0.2874765092065711,weighted_trend_plus_lgbm_residual,school_enrollment_model1_walk_forward_recursive_20260418,walk_forward_recursive,0.9650573704449353,37.275426877748394,0.9320249602452373,54.83589406969098
B000002969,인천동명초등학교,동구,438,408,403,408.0,403.0,0.4896104184286771,0.2874765092065711,weighted_trend_plus_lgbm_residual,school_enrollment_model1_walk_forward_recursive_20260418,walk_forward_recursive,0.9650573704449353,37.275426877748394,0.9320249602452373,54.83589406969098
B000002963,인천만석초등학교,동구,263,103,43,103.0,43.0,0.4896104184286771,0.2874765092065711,weighted_trend_plus_lgbm_residual,school_enrollment_model1_walk_forward_recursive_20260418,walk_forward_recursive,0.9650573704449353,37.275426877748394,0.9320249602452373,54.83589406969098
B000002968,인천서림초등학교,동구,488,303,229,303.0,229.0,0.4896104184286771,0.2874765092065711,weighted_trend_plus_lgbm_residual,school_enrollment_model1_walk_forward_recursive_20260418,walk_forward_recursive,0.9650573704449353,37.275426877748394,0.9320249602452373,54.83589406969098
B000002967,인천서흥초등학교,동구,329,162,118,162.0,118.0,0.4896104184286771,0.2874765092065711,weighted_trend_plus_lgbm_residual,school_enrollment_model1_walk_forward_recursive_20260418,walk_forward_recursive,0.9650573704449353,37.275426877748394,0.9320249602452373,54.83589406969098
B000002966,인천송림초등학교,동구,434,454,387,454.0,387.0,0.4896104184286771,0.2874765092065711,weighted_trend_plus_lgbm_residual,school_enrollment_model1_walk_forward_recursive_20260418,walk_forward_recursive,0.9650573704449353,37.275426877748394,0.9320249602452373,54.83589406969098
B000002964,인천송현초등학교,동구,347,151,75,151.0,75.0,0.4896104184286771,0.2874765092065711,weighted_trend_plus_lgbm_residual,school_enrollment_model1_walk_forward_recursive_20260418,walk_forward_recursive,0.9650573704449353,37.275426877748394,0.9320249602452373,54.83589406969098
B000002965,인천창영초등학교,동구,244,243,236,243.0,236.0,0.4896104184286771,0.2874765092065711,weighted_trend_plus_lgbm_residual,school_enrollment_model1_walk_forward_recursive_20260418,walk_forward_recursive,0.9650573704449353,37.275426877748394,0.9320249602452373,54.83589406969098
B000002981,인천경원초등학교,미추홀구,941,645,504,645.0,504.0,0.90451993467452,0.8662626373940179,weighted_trend_plus_lgbm_residual,school_enrollment_model1_walk_forward_recursive_20260418,walk_forward_recursive,0.9650573704449353,37.275426877748394,0.9320249602452373,54.83589406969098
B000002980,인천관교초등학교,미추홀구,431,283,222,283.0,222.0,0.90451993467452,0.8662626373940179,weighted_trend_plus_lgbm_residual,school_enrollment_model1_walk_forward_recursive_20260418,walk_forward_recursive,0.9650573704449353,37.275426877748394,0.9320249602452373,54.83589406969098
B000002983,인천남부초등학교,미추홀구,349,191,123,191.0,123.0,0.90451993467452,0.8662626373940179,weighted_trend_plus_lgbm_residual,school_enrollment_model1_walk_forward_recursive_20260418,walk_forward_recursive,0.9650573704449353,37.275426877748394,0.9320249602452373,54.83589406969098
B000002986,인천대화초등학교,미추홀구,366,253,223,253.0,223.0,0.90451993467452,0.8662626373940179,weighted_trend_plus_lgbm_residual,school_enrollment_model1_walk_forward_recursive_20260418,walk_forward_recursive,0.9650573704449353,37.275426877748394,0.9320249602452373,54.83589406969098
B000002978,인천도화초등학교,미추홀구,843,707,638,707.0,638.0,0.90451993467452,0.8662626373940179,weighted_trend_plus_lgbm_residual,school_enrollment_model1_walk_forward_recursive_20260418,walk_forward_recursive,0.9650573704449353,37.275426877748394,0.9320249602452373,54.83589406969098
B000002979,인천문학초등학교,미추홀구,551,400,332,400.0,332.0,0.90451993467452,0.8662626373940179,weighted_trend_plus_lgbm_residual,school_enrollment_model1_walk_forward_recursive_20260418,walk_forward_recursive,0.9650573704449353,37.275426877748394,0.9320249602452373,54.83589406969098
B000002977,인천백학초등학교,미추홀구,297,243,287,243.0,287.0,0.90451993467452,0.8662626373940179,weighted_trend_plus_lgbm_residual,school_enrollment_model1_walk_forward_recursive_20260418,walk_forward_recursive,0.9650573704449353,37.275426877748394,0.9320249602452373,54.83589406969098
B000002985,인천서화초등학교,미추홀구,1341,1467,1509,1467.0,1509.0,0.90451993467452,0.8662626373940179,weighted_trend_plus_lgbm_residual,school_enrollment_model1_walk_forward_recursive_20260418,walk_forward_recursive,0.9650573704449353,37.275426877748394,0.9320249602452373,54.83589406969098
B000002982,인천석암초등학교,미추홀구,902,940,938,940.0,938.0,0.90451993467452,0.8662626373940179,weighted_trend_plus_lgbm_residual,school_enrollment_model1_walk_forward_recursive_20260418,walk_forward_recursive,0.9650573704449353,37.275426877748394,0.9320249602452373,54.83589406969098
B000002971,인천숭의초등학교,미추홀구,1154,1039,968,1039.0,968.0,0.90451993467452,0.8662626373940179,weighted_trend_plus_lgbm_residual,school_enrollment_model1_walk_forward_recursive_20260418,walk_forward_recursive,0.9650573704449353,37.275426877748394,0.9320249602452373,54.83589406969098
B000002984,인천승학초등학교,미추홀구,341,220,165,220.0,165.0,0.90451993467452,0.8662626373940179,weighted_trend_plus_lgbm_residual,school_enrollment_model1_walk_forward_recursive_20260418,walk_forward_recursive,0.9650573704449353,37.275426877748394,0.9320249602452373,54.83589406969098
B000002992,인천연학초등학교,미추홀구,371,438,442,438.0,442.0,0.90451993467452,0.8662626373940179,weighted_trend_plus_lgbm_residual,school_enrollment_model1_walk_forward_recursive_20260418,walk_forward_recursive,0.9650573704449353,37.275426877748394,0.9320249602452373,54.83589406969098
B000002973,인천용일초등학교,미추홀구,366,250,199,250.0,199.0,0.90451993467452,0.8662626373940179,weighted_trend_plus_lgbm_residual,school_enrollment_model1_walk_forward_recursive_20260418,walk_forward_recursive,0.9650573704449353,37.275426877748394,0.9320249602452373,54.83589406969098
B000002972,인천용정초등학교,미추홀구,214,240,249,240.0,249.0,0.90451993467452,0.8662626373940179,weighted_trend_plus_lgbm_residual,school_enrollment_model1_walk_forward_recursive_20260418,walk_forward_recursive,0.9650573704449353,37.275426877748394,0.9320249602452373,54.83589406969098
B000025512,인천용학초등학교,미추홀구,1192,1119,1100,1119.0,1100.0,0.90451993467452,0.8662626373940179,weighted_trend_plus_lgbm_residual,school_enrollment_model1_walk_forward_recursive_20260418,walk_forward_recursive,0.9650573704449353,37.275426877748394,0.9320249602452373,54.83589406969098
B000002975,인천용현남초등학교,미추홀구,1149,1020,998,1020.0,998.0,0.90451993467452,0.8662626373940179,weighted_trend_plus_lgbm_residual,school_enrollment_model1_walk_forward_recursive_20260418,walk_forward_recursive,0.9650573704449353,37.275426877748394,0.9320249602452373,54.83589406969098
B000002974,인천용현초등학교,미추홀구,1403,1415,1429,1415.0,1429.0,0.90451993467452,0.8662626373940179,weighted_trend_plus_lgbm_residual,school_enrollment_model1_walk_forward_recursive_20260418,walk_forward_recursive,0.9650573704449353,37.275426877748394,0.9320249602452373,54.83589406969098
B000002991,인천인주초등학교,미추홀구,418,251,168,251.0,168.0,0.90451993467452,0.8662626373940179,weighted_trend_plus_lgbm_residual,school_enrollment_model1_walk_forward_recursive_20260418,walk_forward_recursive,0.9650573704449353,37.275426877748394,0.9320249602452373,54.83589406969098
B000002989,인천주안남초등학교,미추홀구,426,303,247,303.0,247.0,0.90451993467452,0.8662626373940179,weighted_trend_plus_lgbm_residual,school_enrollment_model1_walk_forward_recursive_20260418,walk_forward_recursive,0.9650573704449353,37.275426877748394,0.9320249602452373,54.83589406969098
B000002987,인천주안북초등학교,미추홀구,362,309,287,309.0,287.0,0.90451993467452,0.8662626373940179,weighted_trend_plus_lgbm_residual,school_enrollment_model1_walk_forward_recursive_20260418,walk_forward_recursive,0.9650573704449353,37.275426877748394,0.9320249602452373,54.83589406969098
B000025677,인천주안초등학교,미추홀구,869,956,988,956.0,988.0,0.90451993467452,0.8662626373940179,weighted_trend_plus_lgbm_residual,school_enrollment_model1_walk_forward_recursive_20260418,walk_forward_recursive,0.9650573704449353,37.275426877748394,0.9320249602452373,54.83589406969098
B000002976,인천학산초등학교,미추홀구,835,682,618,682.0,618.0,0.90451993467452,0.8662626373940179,weighted_trend_plus_lgbm_residual,school_enrollment_model1_walk_forward_recursive_20260418,walk_forward_recursive,0.9650573704449353,37.275426877748394,0.9320249602452373,54.83589406969098
B000002990,인천학익초등학교,미추홀구,369,278,227,278.0,227.0,0.90451993467452,0.8662626373940179,weighted_trend_plus_lgbm_residual,school_enrollment_model1_walk_forward_recursive_20260418,walk_forward_recursive,0.9650573704449353,37.275426877748394,0.9320249602452373,54.83589406969098
B000003011,인천갈산초등학교,부평구,190,110,68,110.0,68.0,0.8233957749403983,0.7542296860976732,weighted_trend_plus_lgbm_residual,school_enrollment_model1_walk_forward_recursive_20260418,walk_forward_recursive,0.9650573704449353,37.275426877748394,0.9320249602452373,54.83589406969098
B000003024,인천갈월초등학교,부평구,474,327,262,327.0,262.0,0.8233957749403983,0.7542296860976732,weighted_trend_plus_lgbm_residual,school_enrollment_model1_walk_forward_recursive_20260418,walk_forward_recursive,0.9650573704449353,37.275426877748394,0.9320249602452373,54.83589406969098
B000003043,인천개흥초등학교,부평구,316,235,206,235.0,206.0,0.8233957749403983,0.7542296860976732,weighted_trend_plus_lgbm_residual,school_enrollment_model1_walk_forward_recursive_20260418,walk_forward_recursive,0.9650573704449353,37.275426877748394,0.9320249602452373,54.83589406969098
B000003015,인천구산초등학교,부평구,285,181,143,181.0,143.0,0.8233957749403983,0.7542296860976732,weighted_trend_plus_lgbm_residual,school_enrollment_model1_walk_forward_recursive_20260418,walk_forward_recursive,0.9650573704449353,37.275426877748394,0.9320249602452373,54.83589406969098
B000003046,인천굴포초등학교,부평구,749,543,444,543.0,444.0,0.8233957749403983,0.7542296860976732,weighted_trend_plus_lgbm_residual,school_enrollment_model1_walk_forward_recursive_20260418,walk_forward_recursive,0.9650573704449353,37.275426877748394,0.9320249602452373,54.83589406969098
B000003021,인천금마초등학교,부평구,273,173,129,173.0,129.0,0.8233957749403983,0.7542296860976732,weighted_trend_plus_lgbm_residual,school_enrollment_model1_walk_forward_recursive_20260418,walk_forward_recursive,0.9650573704449353,37.275426877748394,0.9320249602452373,54.83589406969098
B000003009,인천대정초등학교,부평구,471,228,119,228.0,119.0,0.8233957749403983,0.7542296860976732,weighted_trend_plus_lgbm_residual,school_enrollment_model1_walk_forward_recursive_20260418,walk_forward_recursive,0.9650573704449353,37.275426877748394,0.9320249602452373,54.83589406969098
B000003026,인천동수초등학교,부평구,617,546,514,546.0,514.0,0.8233957749403983,0.7542296860976732,weighted_trend_plus_lgbm_residual,school_enrollment_model1_walk_forward_recursive_20260418,walk_forward_recursive,0.9650573704449353,37.275426877748394,0.9320249602452373,54.83589406969098
B000003040,인천동암초등학교,부평구,295,209,191,209.0,191.0,0.8233957749403983,0.7542296860976732,weighted_trend_plus_lgbm_residual,school_enrollment_model1_walk_forward_recursive_20260418,walk_forward_recursive,0.9650573704449353,37.275426877748394,0.9320249602452373,54.83589406969098
B000003008,인천마곡초등학교,부평구,119,222,220,222.0,220.0,0.8233957749403983,0.7542296860976732,weighted_trend_plus_lgbm_residual,school_enrollment_model1_walk_forward_recursive_20260418,walk_forward_recursive,0.9650573704449353,37.275426877748394,0.9320249602452373,54.83589406969098
B000003042,인천마장초등학교,부평구,543,393,335,393.0,335.0,0.8233957749403983,0.7542296860976732,weighted_trend_plus_lgbm_residual,school_enrollment_model1_walk_forward_recursive_20260418,walk_forward_recursive,0.9650573704449353,37.275426877748394,0.9320249602452373,54.83589406969098
B000003034,인천미산초등학교,부평구,219,142,102,142.0,102.0,0.8233957749403983,0.7542296860976732,weighted_trend_plus_lgbm_residual,school_enrollment_model1_walk_forward_recursive_20260418,walk_forward_recursive,0.9650573704449353,37.275426877748394,0.9320249602452373,54.83589406969098
B000003039,인천백운초등학교,부평구,478,374,333,374.0,333.0,0.8233957749403983,0.7542296860976732,weighted_trend_plus_lgbm_residual,school_enrollment_model1_walk_forward_recursive_20260418,walk_forward_recursive,0.9650573704449353,37.275426877748394,0.9320249602452373,54.83589406969098
B000003018,인천부개서초등학교,부평구,1054,1173,1174,1173.0,1174.0,0.8233957749403983,0.7542296860976732,weighted_trend_plus_lgbm_residual,school_enrollment_model1_walk_forward_recursive_20260418,walk_forward_recursive,0.9650573704449353,37.275426877748394,0.9320249602452373,54.83589406969098
B000003025,인천부개초등학교,부평구,195,273,225,273.0,225.0,0.8233957749403983,0.7542296860976732,weighted_trend_plus_lgbm_residual,school_enrollment_model1_walk_forward_recursive_20260418,walk_forward_recursive,0.9650573704449353,37.275426877748394,0.9320249602452373,54.83589406969098
B000003007,인천부곡초등학교,부평구,912,598,454,598.0,454.0,0.8233957749403983,0.7542296860976732,weighted_trend_plus_lgbm_residual,school_enrollment_model1_walk_forward_recursive_20260418,walk_forward_recursive,0.9650573704449353,37.275426877748394,0.9320249602452373,54.83589406969098
B000003019,인천부광초등학교,부평구,350,311,285,311.0,285.0,0.8233957749403983,0.7542296860976732,weighted_trend_plus_lgbm_residual,school_enrollment_model1_walk_forward_recursive_20260418,walk_forward_recursive,0.9650573704449353,37.275426877748394,0.9320249602452373,54.83589406969098
B000003017,인천부내초등학교,부평구,555,396,324,396.0,324.0,0.8233957749403983,0.7542296860976732,weighted_trend_plus_lgbm_residual,school_enrollment_model1_walk_forward_recursive_20260418,walk_forward_recursive,0.9650573704449353,37.275426877748394,0.9320249602452373,54.83589406969098
B000003033,인천부마초등학교,부평구,654,520,461,520.0,461.0,0.8233957749403983,0.7542296860976732,weighted_trend_plus_lgbm_residual,school_enrollment_model1_walk_forward_recursive_20260418,walk_forward_recursive,0.9650573704449353,37.275426877748394,0.9320249602452373,54.83589406969098
B000003027,인천부원초등학교,부평구,602,447,368,447.0,368.0,0.8233957749403983,0.7542296860976732,weighted_trend_plus_lgbm_residual,school_enrollment_model1_walk_forward_recursive_20260418,walk_forward_recursive,0.9650573704449353,37.275426877748394,0.9320249602452373,54.83589406969098
B000003016,인천부일초등학교,부평구,276,205,190,205.0,190.0,0.8233957749403983,0.7542296860976732,weighted_trend_plus_lgbm_residual,school_enrollment_model1_walk_forward_recursive_20260418,walk_forward_recursive,0.9650573704449353,37.275426877748394,0.9320249602452373,54.83589406969098
B000003030,인천부평남초등학교,부평구,768,591,524,591.0,524.0,0.8233957749403983,0.7542296860976732,weighted_trend_plus_lgbm_residual,school_enrollment_model1_walk_forward_recursive_20260418,walk_forward_recursive,0.9650573704449353,37.275426877748394,0.9320249602452373,54.83589406969098
B000003029,인천부평동초등학교,부평구,831,741,675,741.0,675.0,0.8233957749403983,0.7542296860976732,weighted_trend_plus_lgbm_residual,school_enrollment_model1_walk_forward_recursive_20260418,walk_forward_recursive,0.9650573704449353,37.275426877748394,0.9320249602452373,54.83589406969098
B000003023,인천부평북초등학교,부평구,282,230,203,230.0,203.0,0.8233957749403983,0.7542296860976732,weighted_trend_plus_lgbm_residual,school_enrollment_model1_walk_forward_recursive_20260418,walk_forward_recursive,0.9650573704449353,37.275426877748394,0.9320249602452373,54.83589406969098
B000003006,인천부평서초등학교,부평구,687,548,494,548.0,494.0,0.8233957749403983,0.7542296860976732,weighted_trend_plus_lgbm_residual,school_enrollment_model1_walk_forward_recursive_20260418,walk_forward_recursive,0.9650573704449353,37.275426877748394,0.9320249602452373,54.83589406969098
B000003028,인천부흥초등학교,부평구,1016,1003,992,1003.0,992.0,0.8233957749403983,0.7542296860976732,weighted_trend_plus_lgbm_residual,school_enrollment_model1_walk_forward_recursive_20260418,walk_forward_recursive,0.9650573704449353,37.275426877748394,0.9320249602452373,54.83589406969098
B000003035,인천산곡남초등학교,부평구,417,270,213,270.0,213.0,0.8233957749403983,0.7542296860976732,weighted_trend_plus_lgbm_residual,school_enrollment_model1_walk_forward_recursive_20260418,walk_forward_recursive,0.9650573704449353,37.275426877748394,0.9320249602452373,54.83589406969098
B000003031,인천산곡북초등학교,부평구,515,530,553,530.0,553.0,0.8233957749403983,0.7542296860976732,weighted_trend_plus_lgbm_residual,school_enrollment_model1_walk_forward_recursive_20260418,walk_forward_recursive,0.9650573704449353,37.275426877748394,0.9320249602452373,54.83589406969098
B000003032,인천산곡초등학교,부평구,427,504,504,504.0,504.0,0.8233957749403983,0.7542296860976732,weighted_trend_plus_lgbm_residual,school_enrollment_model1_walk_forward_recursive_20260418,walk_forward_recursive,0.9650573704449353,37.275426877748394,0.9320249602452373,54.83589406969098
B000003044,인천삼산초등학교,부평구,502,408,355,408.0,355.0,0.8233957749403983,0.7542296860976732,weighted_trend_plus_lgbm_residual,school_enrollment_model1_walk_forward_recursive_20260418,walk_forward_recursive,0.9650573704449353,37.275426877748394,0.9320249602452373,54.83589406969098
B000003022,인천상정초등학교,부평구,288,386,370,386.0,370.0,0.8233957749403983,0.7542296860976732,weighted_trend_plus_lgbm_residual,school_enrollment_model1_walk_forward_recursive_20260418,walk_forward_recursive,0.9650573704449353,37.275426877748394,0.9320249602452373,54.83589406969098
B000003036,인천신촌초등학교,부평구,328,312,306,312.0,306.0,0.8233957749403983,0.7542296860976732,weighted_trend_plus_lgbm_residual,school_enrollment_model1_walk_forward_recursive_20260418,walk_forward_recursive,0.9650573704449353,37.275426877748394,0.9320249602452373,54.83589406969098
B000003038,인천십정초등학교,부평구,179,179,201,179.0,201.0,0.8233957749403983,0.7542296860976732,weighted_trend_plus_lgbm_residual,school_enrollment_model1_walk_forward_recursive_20260418,walk_forward_recursive,0.9650573704449353,37.275426877748394,0.9320249602452373,54.83589406969098
B000003013,인천영선초등학교,부평구,612,454,368,454.0,368.0,0.8233957749403983,0.7542296860976732,weighted_trend_plus_lgbm_residual,school_enrollment_model1_walk_forward_recursive_20260418,walk_forward_recursive,0.9650573704449353,37.275426877748394,0.9320249602452373,54.83589406969098
B000003041,인천용마초등학교,부평구,495,456,422,456.0,422.0,0.8233957749403983,0.7542296860976732,weighted_trend_plus_lgbm_residual,school_enrollment_model1_walk_forward_recursive_20260418,walk_forward_recursive,0.9650573704449353,37.275426877748394,0.9320249602452373,54.83589406969098
B000003020,인천일신초등학교,부평구,278,210,191,210.0,191.0,0.8233957749403983,0.7542296860976732,weighted_trend_plus_lgbm_residual,school_enrollment_model1_walk_forward_recursive_20260418,walk_forward_recursive,0.9650573704449353,37.275426877748394,0.9320249602452373,54.83589406969098
B000003014,인천진산초등학교,부평구,207,72,32,72.0,32.0,0.8233957749403983,0.7542296860976732,weighted_trend_plus_lgbm_residual,school_enrollment_model1_walk_forward_recursive_20260418,walk_forward_recursive,0.9650573704449353,37.275426877748394,0.9320249602452373,54.83589406969098
B000003010,인천청천초등학교,부평구,1019,1107,1267,1107.0,1267.0,0.8233957749403983,0.7542296860976732,weighted_trend_plus_lgbm_residual,school_enrollment_model1_walk_forward_recursive_20260418,walk_forward_recursive,0.9650573704449353,37.275426877748394,0.9320249602452373,54.83589406969098
B000003037,인천하정초등학교,부평구,470,719,761,719.0,761.0,0.8233957749403983,0.7542296860976732,weighted_trend_plus_lgbm_residual,school_enrollment_model1_walk_forward_recursive_20260418,walk_forward_recursive,0.9650573704449353,37.275426877748394,0.9320249602452373,54.83589406969098
B000003045,인천한길초등학교,부평구,447,278,197,278.0,197.0,0.8233957749403983,0.7542296860976732,weighted_trend_plus_lgbm_residual,school_enrollment_model1_walk_forward_recursive_20260418,walk_forward_recursive,0.9650573704449353,37.275426877748394,0.9320249602452373,54.83589406969098
B000003012,인천후정초등학교,부평구,297,154,87,154.0,87.0,0.8233957749403983,0.7542296860976732,weighted_trend_plus_lgbm_residual,school_enrollment_model1_walk_forward_recursive_20260418,walk_forward_recursive,0.9650573704449353,37.275426877748394,0.9320249602452373,54.83589406969098
B000003047,한일초등학교,부평구,317,339,345,339.0,345.0,0.8233957749403983,0.7542296860976732,weighted_trend_plus_lgbm_residual,school_enrollment_model1_walk_forward_recursive_20260418,walk_forward_recursive,0.9650573704449353,37.275426877748394,0.9320249602452373,54.83589406969098
B000003148,인천가림초등학교,서구,198,150,121,150.0,121.0,1.060812779691576,1.0833372217020765,weighted_trend_plus_lgbm_residual,school_enrollment_model1_walk_forward_recursive_20260418,walk_forward_recursive,0.9650573704449353,37.275426877748394,0.9320249602452373,54.83589406969098
B000003162,인천가석초등학교,서구,209,94,43,94.0,43.0,1.060812779691576,1.0833372217020765,weighted_trend_plus_lgbm_residual,school_enrollment_model1_walk_forward_recursive_20260418,walk_forward_recursive,0.9650573704449353,37.275426877748394,0.9320249602452373,54.83589406969098
B000026333,인천가원초등학교,서구,1558,1564,1541,1564.0,1541.0,1.060812779691576,1.0833372217020765,weighted_trend_plus_lgbm_residual,school_enrollment_model1_walk_forward_recursive_20260418,walk_forward_recursive,0.9650573704449353,37.275426877748394,0.9320249602452373,54.83589406969098
B000003164,인천가정초등학교,서구,664,548,491,548.0,491.0,1.060812779691576,1.0833372217020765,weighted_trend_plus_lgbm_residual,school_enrollment_model1_walk_forward_recursive_20260418,walk_forward_recursive,0.9650573704449353,37.275426877748394,0.9320249602452373,54.83589406969098
B000003163,인천가좌초등학교,서구,384,245,191,245.0,191.0,1.060812779691576,1.0833372217020765,weighted_trend_plus_lgbm_residual,school_enrollment_model1_walk_forward_recursive_20260418,walk_forward_recursive,0.9650573704449353,37.275426877748394,0.9320249602452373,54.83589406969098
B000003168,인천가현초등학교,서구,2044,2154,2183,2154.0,2183.0,1.060812779691576,1.0833372217020765,weighted_trend_plus_lgbm_residual,school_enrollment_model1_walk_forward_recursive_20260418,walk_forward_recursive,0.9650573704449353,37.275426877748394,0.9320249602452373,54.83589406969098
B000003137,인천간재울초등학교,서구,996,818,700,818.0,700.0,1.060812779691576,1.0833372217020765,weighted_trend_plus_lgbm_residual,school_enrollment_model1_walk_forward_recursive_20260418,walk_forward_recursive,0.9650573704449353,37.275426877748394,0.9320249602452373,54.83589406969098
B000003150,인천건지초등학교,서구,209,125,92,125.0,92.0,1.060812779691576,1.0833372217020765,weighted_trend_plus_lgbm_residual,school_enrollment_model1_walk_forward_recursive_20260418,walk_forward_recursive,0.9650573704449353,37.275426877748394,0.9320249602452373,54.83589406969098
B000003152,인천검단초등학교,서구,680,539,470,539.0,470.0,1.060812779691576,1.0833372217020765,weighted_trend_plus_lgbm_residual,school_enrollment_model1_walk_forward_recursive_20260418,walk_forward_recursive,0.9650573704449353,37.275426877748394,0.9320249602452373,54.83589406969098
B000003171,인천검암초등학교,서구,198,112,67,112.0,67.0,1.060812779691576,1.0833372217020765,weighted_trend_plus_lgbm_residual,school_enrollment_model1_walk_forward_recursive_20260418,walk_forward_recursive,0.9650573704449353,37.275426877748394,0.9320249602452373,54.83589406969098
B000003134,인천경명초등학교,서구,891,551,365,551.0,365.0,1.060812779691576,1.0833372217020765,weighted_trend_plus_lgbm_residual,school_enrollment_model1_walk_forward_recursive_20260418,walk_forward_recursive,0.9650573704449353,37.275426877748394,0.9320249602452373,54.83589406969098
B000003138,인천경서초등학교,서구,568,418,345,418.0,345.0,1.060812779691576,1.0833372217020765,weighted_trend_plus_lgbm_residual,school_enrollment_model1_walk_forward_recursive_20260418,walk_forward_recursive,0.9650573704449353,37.275426877748394,0.9320249602452373,54.83589406969098
B000025751,인천경연초등학교,서구,1017,1333,1338,1333.0,1338.0,1.060812779691576,1.0833372217020765,weighted_trend_plus_lgbm_residual,school_enrollment_model1_walk_forward_recursive_20260418,walk_forward_recursive,0.9650573704449353,37.275426877748394,0.9320249602452373,54.83589406969098
B000003135,인천공촌초등학교,서구,205,73,31,73.0,31.0,1.060812779691576,1.0833372217020765,weighted_trend_plus_lgbm_residual,school_enrollment_model1_walk_forward_recursive_20260418,walk_forward_recursive,0.9650573704449353,37.275426877748394,0.9320249602452373,54.83589406969098
B000003161,인천금곡초등학교,서구,269,183,152,183.0,152.0,1.060812779691576,1.0833372217020765,weighted_trend_plus_lgbm_residual,school_enrollment_model1_walk_forward_recursive_20260418,walk_forward_recursive,0.9650573704449353,37.275426877748394,0.9320249602452373,54.83589406969098
B000003151,인천능내초등학교,서구,545,373,296,373.0,296.0,1.060812779691576,1.0833372217020765,weighted_trend_plus_lgbm_residual,school_enrollment_model1_walk_forward_recursive_20260418,walk_forward_recursive,0.9650573704449353,37.275426877748394,0.9320249602452373,54.83589406969098
B000003157,인천단봉초등학교,서구,734,592,533,592.0,533.0,1.060812779691576,1.0833372217020765,weighted_trend_plus_lgbm_residual,school_enrollment_model1_walk_forward_recursive_20260418,walk_forward_recursive,0.9650573704449353,37.275426877748394,0.9320249602452373,54.83589406969098
B000003165,인천당하초등학교,서구,699,412,245,412.0,245.0,1.060812779691576,1.0833372217020765,weighted_trend_plus_lgbm_residual,school_enrollment_model1_walk_forward_recursive_20260418,walk_forward_recursive,0.9650573704449353,37.275426877748394,0.9320249602452373,54.83589406969098
B000025752,인천도담초등학교,서구,488,496,442,496.0,442.0,1.060812779691576,1.0833372217020765,weighted_trend_plus_lgbm_residual,school_enrollment_model1_walk_forward_recursive_20260418,walk_forward_recursive,0.9650573704449353,37.275426877748394,0.9320249602452373,54.83589406969098
B000003166,인천마전초등학교,서구,633,443,342,443.0,342.0,1.060812779691576,1.0833372217020765,weighted_trend_plus_lgbm_residual,school_enrollment_model1_walk_forward_recursive_20260418,walk_forward_recursive,0.9650573704449353,37.275426877748394,0.9320249602452373,54.83589406969098
B000003155,인천목향초등학교,서구,484,323,253,323.0,253.0,1.060812779691576,1.0833372217020765,weighted_trend_plus_lgbm_residual,school_enrollment_model1_walk_forward_recursive_20260418,walk_forward_recursive,0.9650573704449353,37.275426877748394,0.9320249602452373,54.83589406969098
B000003159,인천발산초등학교,서구,696,544,501,544.0,501.0,1.060812779691576,1.0833372217020765,weighted_trend_plus_lgbm_residual,school_enrollment_model1_walk_forward_recursive_20260418,walk_forward_recursive,0.9650573704449353,37.275426877748394,0.9320249602452373,54.83589406969098
B000026332,인천백석초등학교,서구,806,657,574,657.0,574.0,1.060812779691576,1.0833372217020765,weighted_trend_plus_lgbm_residual,school_enrollment_model1_walk_forward_recursive_20260418,walk_forward_recursive,0.9650573704449353,37.275426877748394,0.9320249602452373,54.83589406969098
B000003146,인천봉수초등학교,서구,1216,1714,1797,1714.0,1797.0,1.060812779691576,1.0833372217020765,weighted_trend_plus_lgbm_residual,school_enrollment_model1_walk_forward_recursive_20260418,walk_forward_recursive,0.9650573704449353,37.275426877748394,0.9320249602452373,54.83589406969098
B000003149,인천봉화초등학교,서구,298,222,183,222.0,183.0,1.060812779691576,1.0833372217020765,weighted_trend_plus_lgbm_residual,school_enrollment_model1_walk_forward_recursive_20260418,walk_forward_recursive,0.9650573704449353,37.275426877748394,0.9320249602452373,54.83589406969098
B000003154,인천불로초등학교,서구,658,508,444,508.0,444.0,1.060812779691576,1.0833372217020765,weighted_trend_plus_lgbm_residual,school_enrollment_model1_walk_forward_recursive_20260418,walk_forward_recursive,0.9650573704449353,37.275426877748394,0.9320249602452373,54.83589406969098
B000003170,인천서곶초등학교,서구,426,275,205,275.0,205.0,1.060812779691576,1.0833372217020765,weighted_trend_plus_lgbm_residual,school_enrollment_model1_walk_forward_recursive_20260418,walk_forward_recursive,0.9650573704449353,37.275426877748394,0.9320249602452373,54.83589406969098
B000003167,인천석남서초등학교,서구,321,193,148,193.0,148.0,1.060812779691576,1.0833372217020765,weighted_trend_plus_lgbm_residual,school_enrollment_model1_walk_forward_recursive_20260418,walk_forward_recursive,0.9650573704449353,37.275426877748394,0.9320249602452373,54.83589406969098
B000003144,인천석남초등학교,서구,454,290,221,290.0,221.0,1.060812779691576,1.0833372217020765,weighted_trend_plus_lgbm_residual,school_enrollment_model1_walk_forward_recursive_20260418,walk_forward_recursive,0.9650573704449353,37.275426877748394,0.9320249602452373,54.83589406969098
B000026471,인천신검단초등학교,서구,0,49,50,48.664486,49.64887,1.060812779691576,1.0833372217020765,fallback_new_school_proxy,school_enrollment_model1_walk_forward_recursive_20260418_with_new_school_fallback,proxy_fallback,0.9650573704449353,37.275426877748394,0.9320249602452373,54.83589406969098
B000003143,인천신석초등학교,서구,277,147,96,147.0,96.0,1.060812779691576,1.0833372217020765,weighted_trend_plus_lgbm_residual,school_enrollment_model1_walk_forward_recursive_20260418,walk_forward_recursive,0.9650573704449353,37.275426877748394,0.9320249602452373,54.83589406969098
B000003147,인천신현북초등학교,서구,360,269,219,269.0,219.0,1.060812779691576,1.0833372217020765,weighted_trend_plus_lgbm_residual,school_enrollment_model1_walk_forward_recursive_20260418,walk_forward_recursive,0.9650573704449353,37.275426877748394,0.9320249602452373,54.83589406969098
B000003169,인천신현초등학교,서구,249,179,172,179.0,172.0,1.060812779691576,1.0833372217020765,weighted_trend_plus_lgbm_residual,school_enrollment_model1_walk_forward_recursive_20260418,walk_forward_recursive,0.9650573704449353,37.275426877748394,0.9320249602452373,54.83589406969098
B000003142,인천심곡초등학교,서구,195,74,31,74.0,31.0,1.060812779691576,1.0833372217020765,weighted_trend_plus_lgbm_residual,school_enrollment_model1_walk_forward_recursive_20260418,walk_forward_recursive,0.9650573704449353,37.275426877748394,0.9320249602452373,54.83589406969098
B000026466,인천아라초등학교,서구,1154,1359,1393,1359.0,1393.0,1.060812779691576,1.0833372217020765,weighted_trend_plus_lgbm_residual,school_enrollment_model1_walk_forward_recursive_20260418,walk_forward_recursive,0.9650573704449353,37.275426877748394,0.9320249602452373,54.83589406969098
B000026468,인천아람초등학교,서구,907,1409,1403,1409.0,1403.0,1.060812779691576,1.0833372217020765,weighted_trend_plus_lgbm_residual,school_enrollment_model1_walk_forward_recursive_20260418,walk_forward_recursive,0.9650573704449353,37.275426877748394,0.9320249602452373,54.83589406969098
B000003141,인천양지초등학교,서구,243,150,105,150.0,105.0,1.060812779691576,1.0833372217020765,weighted_trend_plus_lgbm_residual,school_enrollment_model1_walk_forward_recursive_20260418,walk_forward_recursive,0.9650573704449353,37.275426877748394,0.9320249602452373,54.83589406969098
B000003153,인천완정초등학교,서구,434,288,222,288.0,222.0,1.060812779691576,1.0833372217020765,weighted_trend_plus_lgbm_residual,school_enrollment_model1_walk_forward_recursive_20260418,walk_forward_recursive,0.9650573704449353,37.275426877748394,0.9320249602452373,54.83589406969098
B000003156,인천왕길초등학교,서구,490,326,262,326.0,262.0,1.060812779691576,1.0833372217020765,weighted_trend_plus_lgbm_residual,school_enrollment_model1_walk_forward_recursive_20260418,walk_forward_recursive,0.9650573704449353,37.275426877748394,0.9320249602452373,54.83589406969098
B000003158,인천원당초등학교,서구,441,313,274,313.0,274.0,1.060812779691576,1.0833372217020765,weighted_trend_plus_lgbm_residual,school_enrollment_model1_walk_forward_recursive_20260418,walk_forward_recursive,0.9650573704449353,37.275426877748394,0.9320249602452373,54.83589406969098
B000003172,인천은지초등학교,서구,331,257,183,257.0,183.0,1.060812779691576,1.0833372217020765,weighted_trend_plus_lgbm_residual,school_enrollment_model1_walk_forward_recursive_20260418,walk_forward_recursive,0.9650573704449353,37.275426877748394,0.9320249602452373,54.83589406969098
B000026470,인천이음초등학교,서구,1934,1772,1672,1772.0,1672.0,1.060812779691576,1.0833372217020765,weighted_trend_plus_lgbm_residual,school_enrollment_model1_walk_forward_recursive_20260418,walk_forward_recursive,0.9650573704449353,37.275426877748394,0.9320249602452373,54.83589406969098
B000003160,인천창신초등학교,서구,738,692,732,692.0,732.0,1.060812779691576,1.0833372217020765,weighted_trend_plus_lgbm_residual,school_enrollment_model1_walk_forward_recursive_20260418,walk_forward_recursive,0.9650573704449353,37.275426877748394,0.9320249602452373,54.83589406969098
B000003145,인천천마초등학교,서구,144,43,18,43.0,18.0,1.060812779691576,1.0833372217020765,weighted_trend_plus_lgbm_residual,school_enrollment_model1_walk_forward_recursive_20260418,walk_forward_recursive,0.9650573704449353,37.275426877748394,0.9320249602452373,54.83589406969098
B000003139,인천청라초등학교,서구,1281,1105,1025,1105.0,1025.0,1.060812779691576,1.0833372217020765,weighted_trend_plus_lgbm_residual,school_enrollment_model1_walk_forward_recursive_20260418,walk_forward_recursive,0.9650573704449353,37.275426877748394,0.9320249602452373,54.83589406969098
B000022834,인천청람초등학교,서구,1166,1036,950,1036.0,950.0,1.060812779691576,1.0833372217020765,weighted_trend_plus_lgbm_residual,school_enrollment_model1_walk_forward_recursive_20260418,walk_forward_recursive,0.9650573704449353,37.275426877748394,0.9320249602452373,54.83589406969098
B000022839,인천청일초등학교,서구,829,663,584,663.0,584.0,1.060812779691576,1.0833372217020765,weighted_trend_plus_lgbm_residual,school_enrollment_model1_walk_forward_recursive_20260418,walk_forward_recursive,0.9650573704449353,37.275426877748394,0.9320249602452373,54.83589406969098
B000025756,인천청호초등학교,서구,433,557,605,557.0,605.0,1.060812779691576,1.0833372217020765,weighted_trend_plus_lgbm_residual,school_enrollment_model1_walk_forward_recursive_20260418,walk_forward_recursive,0.9650573704449353,37.275426877748394,0.9320249602452373,54.83589406969098
B000003140,인천초은초등학교,서구,836,678,598,678.0,598.0,1.060812779691576,1.0833372217020765,weighted_trend_plus_lgbm_residual,school_enrollment_model1_walk_forward_recursive_20260418,walk_forward_recursive,0.9650573704449353,37.275426877748394,0.9320249602452373,54.83589406969098
B000026155,인천한들초등학교,서구,766,910,959,910.0,959.0,1.060812779691576,1.0833372217020765,weighted_trend_plus_lgbm_residual,school_enrollment_model1_walk_forward_recursive_20260418,walk_forward_recursive,0.9650573704449353,37.275426877748394,0.9320249602452373,54.83589406969098
B000026469,인천한별초등학교,서구,1599,1545,1535,1545.0,1535.0,1.060812779691576,1.0833372217020765,weighted_trend_plus_lgbm_residual,school_enrollment_model1_walk_forward_recursive_20260418,walk_forward_recursive,0.9650573704449353,37.275426877748394,0.9320249602452373,54.83589406969098
B000026467,인천해든초등학교,서구,1668,1624,1547,1624.0,1547.0,1.060812779691576,1.0833372217020765,weighted_trend_plus_lgbm_residual,school_enrollment_model1_walk_forward_recursive_20260418,walk_forward_recursive,0.9650573704449353,37.275426877748394,0.9320249602452373,54.83589406969098
B000003133,인천해원초등학교,서구,1833,1627,1541,1627.0,1541.0,1.060812779691576,1.0833372217020765,weighted_trend_plus_lgbm_residual,school_enrollment_model1_walk_forward_recursive_20260418,walk_forward_recursive,0.9650573704449353,37.275426877748394,0.9320249602452373,54.83589406969098
B000003051,인천능허대초등학교,연수구,701,546,472,546.0,472.0,0.9596005116197016,0.9425899037517764,weighted_trend_plus_lgbm_residual,school_enrollment_model1_walk_forward_recursive_20260418,walk_forward_recursive,0.9650573704449353,37.275426877748394,0.9320249602452373,54.83589406969098
B000003060,인천동막초등학교,연수구,384,259,208,259.0,208.0,0.9596005116197016,0.9425899037517764,weighted_trend_plus_lgbm_residual,school_enrollment_model1_walk_forward_recursive_20260418,walk_forward_recursive,0.9650573704449353,37.275426877748394,0.9320249602452373,54.83589406969098
B000003059,인천동춘초등학교,연수구,660,517,471,517.0,471.0,0.9596005116197016,0.9425899037517764,weighted_trend_plus_lgbm_residual,school_enrollment_model1_walk_forward_recursive_20260418,walk_forward_recursive,0.9650573704449353,37.275426877748394,0.9320249602452373,54.83589406969098
B000003068,인천먼우금초등학교,연수구,760,629,574,629.0,574.0,0.9596005116197016,0.9425899037517764,weighted_trend_plus_lgbm_residual,school_enrollment_model1_walk_forward_recursive_20260418,walk_forward_recursive,0.9650573704449353,37.275426877748394,0.9320249602452373,54.83589406969098
B000003048,인천명선초등학교,연수구,965,792,710,792.0,710.0,0.9596005116197016,0.9425899037517764,weighted_trend_plus_lgbm_residual,school_enrollment_model1_walk_forward_recursive_20260418,walk_forward_recursive,0.9650573704449353,37.275426877748394,0.9320249602452373,54.83589406969098
B000003063,인천문남초등학교,연수구,503,446,414,446.0,414.0,0.9596005116197016,0.9425899037517764,weighted_trend_plus_lgbm_residual,school_enrollment_model1_walk_forward_recursive_20260418,walk_forward_recursive,0.9650573704449353,37.275426877748394,0.9320249602452373,54.83589406969098
B000025246,인천미송초등학교,연수구,1554,1558,1555,1558.0,1555.0,0.9596005116197016,0.9425899037517764,weighted_trend_plus_lgbm_residual,school_enrollment_model1_walk_forward_recursive_20260418,walk_forward_recursive,0.9650573704449353,37.275426877748394,0.9320249602452373,54.83589406969098
B000003069,인천박문초등학교,연수구,493,484,478,484.0,478.0,0.9596005116197016,0.9425899037517764,weighted_trend_plus_lgbm_residual,school_enrollment_model1_walk_forward_recursive_20260418,walk_forward_recursive,0.9650573704449353,37.275426877748394,0.9320249602452373,54.83589406969098
B000025206,인천새봄초등학교,연수구,492,559,540,559.0,540.0,0.9596005116197016,0.9425899037517764,weighted_trend_plus_lgbm_residual,school_enrollment_model1_walk_forward_recursive_20260418,walk_forward_recursive,0.9650573704449353,37.275426877748394,0.9320249602452373,54.83589406969098
B000003061,인천서면초등학교,연수구,400,304,254,304.0,254.0,0.9596005116197016,0.9425899037517764,weighted_trend_plus_lgbm_residual,school_enrollment_model1_walk_forward_recursive_20260418,walk_forward_recursive,0.9650573704449353,37.275426877748394,0.9320249602452373,54.83589406969098
B000003052,인천선학초등학교,연수구,567,494,459,494.0,459.0,0.9596005116197016,0.9425899037517764,weighted_trend_plus_lgbm_residual,school_enrollment_model1_walk_forward_recursive_20260418,walk_forward_recursive,0.9650573704449353,37.275426877748394,0.9320249602452373,54.83589406969098
B000026504,인천송담초등학교,연수구,913,933,932,933.0,932.0,0.9596005116197016,0.9425899037517764,weighted_trend_plus_lgbm_residual,school_enrollment_model1_walk_forward_recursive_20260418,walk_forward_recursive,0.9650573704449353,37.275426877748394,0.9320249602452373,54.83589406969098
B000003050,인천송도초등학교,연수구,285,192,136,192.0,136.0,0.9596005116197016,0.9425899037517764,weighted_trend_plus_lgbm_residual,school_enrollment_model1_walk_forward_recursive_20260418,walk_forward_recursive,0.9650573704449353,37.275426877748394,0.9320249602452373,54.83589406969098
B000025189,인천송명초등학교,연수구,1173,1004,895,1004.0,895.0,0.9596005116197016,0.9425899037517764,weighted_trend_plus_lgbm_residual,school_enrollment_model1_walk_forward_recursive_20260418,walk_forward_recursive,0.9650573704449353,37.275426877748394,0.9320249602452373,54.83589406969098
B000025225,인천송빛초등학교,연수구,762,654,584,654.0,584.0,0.9596005116197016,0.9425899037517764,weighted_trend_plus_lgbm_residual,school_enrollment_model1_walk_forward_recursive_20260418,walk_forward_recursive,0.9650573704449353,37.275426877748394,0.9320249602452373,54.83589406969098
B000025256,인천송원초등학교,연수구,753,573,468,573.0,468.0,0.9596005116197016,0.9425899037517764,weighted_trend_plus_lgbm_residual,school_enrollment_model1_walk_forward_recursive_20260418,walk_forward_recursive,0.9650573704449353,37.275426877748394,0.9320249602452373,54.83589406969098
B000025226,인천송일초등학교,연수구,980,882,821,882.0,821.0,0.9596005116197016,0.9425899037517764,weighted_trend_plus_lgbm_residual,school_enrollment_model1_walk_forward_recursive_20260418,walk_forward_recursive,0.9650573704449353,37.275426877748394,0.9320249602452373,54.83589406969098
B000003067,인천신송초등학교,연수구,472,299,216,299.0,216.0,0.9596005116197016,0.9425899037517764,weighted_trend_plus_lgbm_residual,school_enrollment_model1_walk_forward_recursive_20260418,walk_forward_recursive,0.9650573704449353,37.275426877748394,0.9320249602452373,54.83589406969098
B000003065,인천신정초등학교,연수구,1519,1480,1458,1480.0,1458.0,0.9596005116197016,0.9425899037517764,weighted_trend_plus_lgbm_residual,school_enrollment_model1_walk_forward_recursive_20260418,walk_forward_recursive,0.9650573704449353,37.275426877748394,0.9320249602452373,54.83589406969098
B000003058,인천연성초등학교,연수구,732,499,390,499.0,390.0,0.9596005116197016,0.9425899037517764,weighted_trend_plus_lgbm_residual,school_enrollment_model1_walk_forward_recursive_20260418,walk_forward_recursive,0.9650573704449353,37.275426877748394,0.9320249602452373,54.83589406969098
B000025210,인천연송초등학교,연수구,1116,1119,1223,1119.0,1223.0,0.9596005116197016,0.9425899037517764,weighted_trend_plus_lgbm_residual,school_enrollment_model1_walk_forward_recursive_20260418,walk_forward_recursive,0.9650573704449353,37.275426877748394,0.9320249602452373,54.83589406969098
B000003062,인천연수초등학교,연수구,271,183,137,183.0,137.0,0.9596005116197016,0.9425899037517764,weighted_trend_plus_lgbm_residual,school_enrollment_model1_walk_forward_recursive_20260418,walk_forward_recursive,0.9650573704449353,37.275426877748394,0.9320249602452373,54.83589406969098
B000003054,인천연화초등학교,연수구,608,523,477,523.0,477.0,0.9596005116197016,0.9425899037517764,weighted_trend_plus_lgbm_residual,school_enrollment_model1_walk_forward_recursive_20260418,walk_forward_recursive,0.9650573704449353,37.275426877748394,0.9320249602452373,54.83589406969098
B000025228,인천예송초등학교,연수구,1185,1351,1364,1351.0,1364.0,0.9596005116197016,0.9425899037517764,weighted_trend_plus_lgbm_residual,school_enrollment_model1_walk_forward_recursive_20260418,walk_forward_recursive,0.9650573704449353,37.275426877748394,0.9320249602452373,54.83589406969098
B000003064,인천옥련초등학교,연수구,747,576,502,576.0,502.0,0.9596005116197016,0.9425899037517764,weighted_trend_plus_lgbm_residual,school_enrollment_model1_walk_forward_recursive_20260418,walk_forward_recursive,0.9650573704449353,37.275426877748394,0.9320249602452373,54.83589406969098
B000025248,인천은송초등학교,연수구,1502,1606,1652,1606.0,1652.0,0.9596005116197016,0.9425899037517764,weighted_trend_plus_lgbm_residual,school_enrollment_model1_walk_forward_recursive_20260418,walk_forward_recursive,0.9650573704449353,37.275426877748394,0.9320249602452373,54.83589406969098
B000003053,인천중앙초등학교,연수구,248,152,99,152.0,99.0,0.9596005116197016,0.9425899037517764,weighted_trend_plus_lgbm_residual,school_enrollment_model1_walk_forward_recursive_20260418,walk_forward_recursive,0.9650573704449353,37.275426877748394,0.9320249602452373,54.83589406969098
B000025236,인천첨단초등학교,연수구,1582,1360,1234,1360.0,1234.0,0.9596005116197016,0.9425899037517764,weighted_trend_plus_lgbm_residual,school_enrollment_model1_walk_forward_recursive_20260418,walk_forward_recursive,0.9650573704449353,37.275426877748394,0.9320249602452373,54.83589406969098
B000003057,인천청량초등학교,연수구,450,272,190,272.0,190.0,0.9596005116197016,0.9425899037517764,weighted_trend_plus_lgbm_residual,school_enrollment_model1_walk_forward_recursive_20260418,walk_forward_recursive,0.9650573704449353,37.275426877748394,0.9320249602452373,54.83589406969098
B000003056,인천청학초등학교,연수구,443,361,328,361.0,328.0,0.9596005116197016,0.9425899037517764,weighted_trend_plus_lgbm_residual,school_enrollment_model1_walk_forward_recursive_20260418,walk_forward_recursive,0.9650573704449353,37.275426877748394,0.9320249602452373,54.83589406969098
B000003049,인천축현초등학교,연수구,258,164,118,164.0,118.0,0.9596005116197016,0.9425899037517764,weighted_trend_plus_lgbm_residual,school_enrollment_model1_walk_forward_recursive_20260418,walk_forward_recursive,0.9650573704449353,37.275426877748394,0.9320249602452373,54.83589406969098
B000003055,인천함박초등학교,연수구,454,447,415,447.0,415.0,0.9596005116197016,0.9425899037517764,weighted_trend_plus_lgbm_residual,school_enrollment_model1_walk_forward_recursive_20260418,walk_forward_recursive,0.9650573704449353,37.275426877748394,0.9320249602452373,54.83589406969098
B000003066,인천해송초등학교,연수구,555,383,286,383.0,286.0,0.9596005116197016,0.9425899037517764,weighted_trend_plus_lgbm_residual,school_enrollment_model1_walk_forward_recursive_20260418,walk_forward_recursive,0.9650573704449353,37.275426877748394,0.9320249602452373,54.83589406969098
B000025222,인천현송초등학교,연수구,801,1050,1113,1050.0,1113.0,0.9596005116197016,0.9425899037517764,weighted_trend_plus_lgbm_residual,school_enrollment_model1_walk_forward_recursive_20260418,walk_forward_recursive,0.9650573704449353,37.275426877748394,0.9320249602452373,54.83589406969098
B000002994,대청초등학교,옹진군,16,3,1,3.0,1.0,0.2381924287438691,0.0,weighted_trend_plus_lgbm_residual,school_enrollment_model1_walk_forward_recursive_20260418,walk_forward_recursive,0.9650573704449353,37.275426877748394,0.9320249602452373,54.83589406969098
B000002996,덕적초등학교,옹진군,17,3,1,3.0,1.0,0.2381924287438691,0.0,weighted_trend_plus_lgbm_residual,school_enrollment_model1_walk_forward_recursive_20260418,walk_forward_recursive,0.9650573704449353,37.275426877748394,0.9320249602452373,54.83589406969098
B000002998,백령초등학교,옹진군,41,10,4,10.0,4.0,0.2381924287438691,0.0,weighted_trend_plus_lgbm_residual,school_enrollment_model1_walk_forward_recursive_20260418,walk_forward_recursive,0.9650573704449353,37.275426877748394,0.9320249602452373,54.83589406969098
B000002997,북포초등학교,옹진군,65,21,9,21.0,9.0,0.2381924287438691,0.0,weighted_trend_plus_lgbm_residual,school_enrollment_model1_walk_forward_recursive_20260418,walk_forward_recursive,0.9650573704449353,37.275426877748394,0.9320249602452373,54.83589406969098
B000002993,연평초등학교,옹진군,26,5,2,5.0,2.0,0.2381924287438691,0.0,weighted_trend_plus_lgbm_residual,school_enrollment_model1_walk_forward_recursive_20260418,walk_forward_recursive,0.9650573704449353,37.275426877748394,0.9320249602452373,54.83589406969098
B000002995,영흥초등학교,옹진군,147,54,24,54.0,24.0,0.2381924287438691,0.0,weighted_trend_plus_lgbm_residual,school_enrollment_model1_walk_forward_recursive_20260418,walk_forward_recursive,0.9650573704449353,37.275426877748394,0.9320249602452373,54.83589406969098
B000002999,인천공항초등학교신도분교장,옹진군,9,3,1,3.0,1.0,0.2381924287438691,0.0,weighted_trend_plus_lgbm_residual,school_enrollment_model1_walk_forward_recursive_20260418,walk_forward_recursive,0.9650573704449353,37.275426877748394,0.9320249602452373,54.83589406969098
B000003004,인천남부초등학교이작분교장,옹진군,2,0,0,0.0,0.0,0.2381924287438691,0.0,weighted_trend_plus_lgbm_residual,school_enrollment_model1_walk_forward_recursive_20260418,walk_forward_recursive,0.9650573704449353,37.275426877748394,0.9320249602452373,54.83589406969098
B000003000,인천삼목초등학교장봉분교장,옹진군,2,0,0,0.0,0.0,0.2381924287438691,0.0,weighted_trend_plus_lgbm_residual,school_enrollment_model1_walk_forward_recursive_20260418,walk_forward_recursive,0.9650573704449353,37.275426877748394,0.9320249602452373,54.83589406969098
B000003005,인천용현남초등학교자월분교장,옹진군,6,2,1,2.0,1.0,0.2381924287438691,0.0,weighted_trend_plus_lgbm_residual,school_enrollment_model1_walk_forward_recursive_20260418,walk_forward_recursive,0.9650573704449353,37.275426877748394,0.9320249602452373,54.83589406969098
B000002960,인성초등학교,중구,499,537,554,537.0,554.0,1.0988462025271857,1.138599925583395,weighted_trend_plus_lgbm_residual,school_enrollment_model1_walk_forward_recursive_20260418,walk_forward_recursive,0.9650573704449353,37.275426877748394,0.9320249602452373,54.83589406969098
B000002957,인천공항초등학교,중구,415,328,278,328.0,278.0,1.0988462025271857,1.138599925583395,weighted_trend_plus_lgbm_residual,school_enrollment_model1_walk_forward_recursive_20260418,walk_forward_recursive,0.9650573704449353,37.275426877748394,0.9320249602452373,54.83589406969098
B000025690,인천별빛초등학교,중구,1359,1471,1523,1471.0,1523.0,1.0988462025271857,1.138599925583395,weighted_trend_plus_lgbm_residual,school_enrollment_model1_walk_forward_recursive_20260418,walk_forward_recursive,0.9650573704449353,37.275426877748394,0.9320249602452373,54.83589406969098
B000002958,인천삼목초등학교,중구,481,386,311,386.0,311.0,1.0988462025271857,1.138599925583395,weighted_trend_plus_lgbm_residual,school_enrollment_model1_walk_forward_recursive_20260418,walk_forward_recursive,0.9650573704449353,37.275426877748394,0.9320249602452373,54.83589406969098
B000002952,인천송월초등학교,중구,137,63,28,63.0,28.0,1.0988462025271857,1.138599925583395,weighted_trend_plus_lgbm_residual,school_enrollment_model1_walk_forward_recursive_20260418,walk_forward_recursive,0.9650573704449353,37.275426877748394,0.9320249602452373,54.83589406969098
B000002950,인천신광초등학교,중구,699,673,663,673.0,663.0,1.0988462025271857,1.138599925583395,weighted_trend_plus_lgbm_residual,school_enrollment_model1_walk_forward_recursive_20260418,walk_forward_recursive,0.9650573704449353,37.275426877748394,0.9320249602452373,54.83589406969098
B000002951,인천신선초등학교,중구,286,202,159,202.0,159.0,1.0988462025271857,1.138599925583395,weighted_trend_plus_lgbm_residual,school_enrollment_model1_walk_forward_recursive_20260418,walk_forward_recursive,0.9650573704449353,37.275426877748394,0.9320249602452373,54.83589406969098
B000002949,인천신흥초등학교,중구,312,263,230,263.0,230.0,1.0988462025271857,1.138599925583395,weighted_trend_plus_lgbm_residual,school_enrollment_model1_walk_forward_recursive_20260418,walk_forward_recursive,0.9650573704449353,37.275426877748394,0.9320249602452373,54.83589406969098
B000002955,인천연안초등학교,중구,104,42,18,42.0,18.0,1.0988462025271857,1.138599925583395,weighted_trend_plus_lgbm_residual,school_enrollment_model1_walk_forward_recursive_20260418,walk_forward_recursive,0.9650573704449353,37.275426877748394,0.9320249602452373,54.83589406969098
B000002959,인천영종초등학교,중구,1251,1136,1080,1136.0,1080.0,1.0988462025271857,1.138599925583395,weighted_trend_plus_lgbm_residual,school_enrollment_model1_walk_forward_recursive_20260418,walk_forward_recursive,0.9650573704449353,37.275426877748394,0.9320249602452373,54.83589406969098
B000002962,인천영종초등학교금산분교장,중구,47,43,37,43.0,37.0,1.0988462025271857,1.138599925583395,weighted_trend_plus_lgbm_residual,school_enrollment_model1_walk_forward_recursive_20260418,walk_forward_recursive,0.9650573704449353,37.275426877748394,0.9320249602452373,54.83589406969098
B000002954,인천용유초등학교,중구,33,26,25,26.0,25.0,1.0988462025271857,1.138599925583395,weighted_trend_plus_lgbm_residual,school_enrollment_model1_walk_forward_recursive_20260418,walk_forward_recursive,0.9650573704449353,37.275426877748394,0.9320249602452373,54.83589406969098
B000002956,인천운남초등학교,중구,458,408,448,408.0,448.0,1.0988462025271857,1.138599925583395,weighted_trend_plus_lgbm_residual,school_enrollment_model1_walk_forward_recursive_20260418,walk_forward_recursive,0.9650573704449353,37.275426877748394,0.9320249602452373,54.83589406969098
B000002953,인천운서초등학교,중구,789,1057,1159,1057.0,1159.0,1.0988462025271857,1.138599925583395,weighted_trend_plus_lgbm_residual,school_enrollment_model1_walk_forward_recursive_20260418,walk_forward_recursive,0.9650573704449353,37.275426877748394,0.9320249602452373,54.83589406969098
B000027505,인천중산초등학교,중구,1582,1567,1549,1567.0,1549.0,1.0988462025271857,1.138599925583395,weighted_trend_plus_lgbm_residual,school_enrollment_model1_walk_forward_recursive_20260418,walk_forward_recursive,0.9650573704449353,37.275426877748394,0.9320249602452373,54.83589406969098
B000024924,인천하늘초등학교,중구,1305,1430,1567,1430.0,1567.0,1.0988462025271857,1.138599925583395,weighted_trend_plus_lgbm_residual,school_enrollment_model1_walk_forward_recursive_20260418,walk_forward_recursive,0.9650573704449353,37.275426877748394,0.9320249602452373,54.83589406969098
