학교ID,학교명,gu,iso_child_total,iso_child_6_12,child_pop_quartile,expected_park_count,gap_count,expected_park_area,gap_area,case_type,priority_score,redev_완료수,redev_진행중수,redev_예정수,redev_status,trend_score,priority_rank,student_slope,is_new_school,cohort_change_2029,cohort_change_2031,cohort_change_2029_prophet,cohort_change_2031_prophet,nearest_park_dist_m,case_label,is_island_tag,is_walk_fallback_tag,iso_park_count,iso_park_area,buf_park_count,buf_park_area,access_ratio,iso_green_ratio,iso_playground_count,is_separate_bundle_tag,is_low_access_tag,is_case_conflict_tag,isochrone_area_m2,iso_park_count_raw,iso_park_area_raw,green_bucket
B000002949,인천신흥초등학교,중구,230,150,Q2,1.8823529411764703,0.1176470588235294,13001.352985294116,-13001.352985294116,1,4.0,0,0,1,예정만,,17,-18.31428571428572,0,0.946,0.917,1.0988462025271857,1.138599925583395,722.2,공원 접근 불가,0,0,0,0.0,1,9785.0,0.0,0.0,2,0,0,0,548639.6613326702,0,0.0,
B000002950,인천신광초등학교,중구,463,280,Q3,2.544117647058824,4.455882352941177,37061.58676470589,-37061.58676470589,1,4.0,0,0,2,예정만,,10,-4.228571428571429,0,0.946,0.917,1.0988462025271857,1.138599925583395,533.7,공원 접근 불가,0,0,0,0.0,1,494.0,0.0,0.0,7,0,0,0,440059.1296648619,0,0.0,
B000002951,인천신선초등학교,중구,193,126,Q2,1.8823529411764703,-0.8823529411764706,13001.352985294116,-13001.352985294116,1,4.0,0,0,1,예정만,,16,-24.942857142857147,0,0.946,0.917,1.0988462025271857,1.138599925583395,796.8,공원 접근 불가,0,0,0,0.0,0,0.0,0.0,0.0,1,0,0,0,294914.61717833043,0,0.0,
B000002952,인천송월초등학교,중구,104,77,Q1,1.088235294117647,2.9117647058823533,5676.2411764705885,-5676.2411764705885,2,3.0,0,0,2,예정만,,,-20.62857142857143,0,0.946,0.917,1.0988462025271857,1.138599925583395,247.0,접근 가능하나 녹지 부족,0,0,1,0.0,1,20830.0,1.0,0.0,4,0,0,0,245400.040860768,0,0.0,low
B000002953,인천운서초등학교,중구,149,78,Q1,1.088235294117647,5.911764705882353,5676.2411764705885,55736.75882352941,4,1.0,0,0,0,없음,,,126.39999999999998,0,0.946,0.917,1.0988462025271857,1.138599925583395,76.3,접근 양호,0,0,6,61413.0,8,131508.0,0.75,16.141834875474082,1,0,0,0,380458.6063094411,6,61413.0,high
B000002954,인천용유초등학교,중구,1,1,Q1,1.088235294117647,-1.088235294117647,5676.2411764705885,-5676.2411764705885,1,4.0,0,0,0,없음,,18,-1.9714285714285715,0,0.946,0.917,1.0988462025271857,1.138599925583395,13471.8,공원 접근 불가,0,1,0,0.0,0,0.0,0.0,0.0,0,0,0,0,205104.27919935962,0,0.0,
B000002955,인천연안초등학교,중구,34,23,Q1,1.088235294117647,-0.0882352941176469,5676.2411764705885,-5676.2411764705885,1,4.0,0,0,0,없음,,27,-15.971428571428572,0,0.946,0.917,1.0988462025271857,1.138599925583395,620.0,공원 접근 불가,0,0,0,0.0,0,0.0,0.0,0.0,1,0,0,0,381515.15386813384,0,0.0,
B000002956,인천운남초등학교,중구,57,39,Q1,1.088235294117647,9.911764705882351,5676.2411764705885,8389.758823529412,4,1.0,0,0,0,없음,,,-14.085714285714284,0,0.946,0.917,1.0988462025271857,1.138599925583395,186.0,접근 양호,0,0,3,14066.0,4,68751.0,0.75,4.810818871204891,8,0,0,0,292382.656187534,3,14066.0,high
B000002957,인천공항초등학교,중구,294,212,Q2,1.8823529411764703,6.117647058823529,13001.352985294116,14722.647014705884,4,1.0,0,0,0,없음,,,-25.97142857142858,0,0.946,0.917,1.0988462025271857,1.138599925583395,105.8,접근 양호,0,0,3,27724.0,4,87840.0,0.75,6.7664865745471925,5,0,0,0,409725.19038590224,3,27724.0,high
B000002958,인천삼목초등학교,중구,176,127,Q1,1.088235294117647,8.911764705882353,5676.2411764705885,-1790.2411764705885,3,2.0,0,0,0,없음,,,-55.25714285714287,0,0.946,0.917,1.0988462025271857,1.138599925583395,463.4,"접근 가능, 중간 수준",0,0,2,3886.0,5,79461.0,0.4,1.5001573247511346,8,0,1,0,259039.49778365146,2,3886.0,middle
B000002959,인천영종초등학교,중구,743,479,Q4,2.485294117647059,-1.4852941176470589,45218.47352941177,-45218.47352941177,2,3.0,0,0,0,없음,,,-26.51428571428572,0,0.946,0.917,1.0988462025271857,1.138599925583395,235.0,접근 가능하나 녹지 부족,0,0,1,0.0,2,27026.0,0.5,0.0,1,0,1,0,220742.76894653897,0,0.0,low
B000002960,인성초등학교,중구,109,80,Q1,1.088235294117647,2.9117647058823533,5676.2411764705885,62435.75882352941,4,1.0,0,1,0,진행중포함,,,14.542857142857144,0,0.946,0.917,1.0988462025271857,1.138599925583395,382.2,접근 양호,0,0,1,68112.0,1,68112.0,1.0,15.095851865768575,3,0,0,0,451196.79634940706,1,68112.0,high
B000002962,인천영종초등학교금산분교장,중구,3,2,Q1,1.088235294117647,-1.088235294117647,5676.2411764705885,-5676.2411764705885,,,0,0,0,없음,,,-2.771428571428572,0,0.946,0.917,1.0988462025271857,1.138599925583395,,별도 묶음,0,0,0,0.0,0,0.0,0.0,0.0,0,1,0,0,154914.06035337783,0,0.0,
B000002963,인천만석초등학교,동구,201,134,Q2,1.8823529411764703,2.117647058823529,13001.352985294116,8850.247014705881,4,1.0,0,0,0,없음,,,-45.68571428571428,0,1.05,1.08,0.4896104184286771,0.2874765092065711,110.6,접근 양호,0,0,4,21851.6,4,21851.6,1.0,4.861799630301404,0,0,0,0,449454.9685636741,4,21851.6,high
B000002964,인천송현초등학교,동구,581,357,Q3,2.544117647058824,-0.5441176470588234,37061.58676470589,-36011.78676470588,2,3.0,0,0,1,예정만,,,-69.91428571428571,0,1.05,1.08,0.4896104184286771,0.2874765092065711,182.0,접근 가능하나 녹지 부족,0,0,2,1049.8,2,1049.8,1.0,0.21290340722390946,0,0,0,0,493087.4586219893,2,1049.8,low
B000002965,인천창영초등학교,동구,335,213,Q2,1.8823529411764703,-0.8823529411764706,13001.352985294116,-11972.552985294118,2,3.0,0,1,0,진행중포함,,,15.657142857142857,0,1.05,1.08,0.4896104184286771,0.2874765092065711,43.4,접근 가능하나 녹지 부족,0,0,1,1028.8,1,1028.8,1.0,0.3132092430585963,0,0,0,0,328470.51062523347,1,1028.8,low
B000002966,인천송림초등학교,동구,647,407,Q4,2.485294117647059,1.5147058823529411,45218.47352941177,-39575.87352941177,3,2.0,0,1,2,진행중포함,,,27.0,0,1.05,1.08,0.4896104184286771,0.2874765092065711,281.0,"접근 가능, 중간 수준",0,0,2,5642.6,3,78966.3,0.6666666666666666,1.033098404901363,2,0,0,0,546182.2391003245,2,5642.6,middle
B000002967,인천서흥초등학교,동구,556,374,Q3,2.544117647058824,-2.544117647058824,37061.58676470589,-37061.58676470589,2,3.0,0,0,0,없음,,,-58.14285714285715,0,1.05,1.08,0.4896104184286771,0.2874765092065711,208.0,접근 가능하나 녹지 부족,0,0,1,0.0,2,81434.7,0.5,0.0,0,0,1,0,531989.482124687,0,0.0,low
B000002968,인천서림초등학교,동구,534,354,Q3,2.544117647058824,-2.544117647058824,37061.58676470589,-37061.58676470589,1,4.0,0,0,2,예정만,0.8583025830258302,8,-36.00000000000001,0,1.05,1.08,0.4896104184286771,0.2874765092065711,728.0,공원 접근 불가,0,0,0,0.0,0,0.0,0.0,0.0,0,0,0,0,507063.3813425629,0,0.0,
B000002969,인천동명초등학교,동구,513,332,Q3,2.544117647058824,-2.544117647058824,37061.58676470589,-37061.58676470589,2,3.0,0,0,1,예정만,0.6478782287822877,,29.17142857142857,0,1.05,1.08,0.4896104184286771,0.2874765092065711,432.0,접근 가능하나 녹지 부족,0,0,1,0.0,2,74352.5,0.5,0.0,0,0,1,0,472879.93316728505,0,0.0,low
B000002970,영화초등학교,동구,310,197,Q2,1.8823529411764703,-0.8823529411764706,13001.352985294116,-11972.552985294118,2,3.0,0,1,1,진행중포함,,,33.542857142857144,0,1.05,1.08,0.4896104184286771,0.2874765092065711,305.1,접근 가능하나 녹지 부족,0,0,1,1028.8,1,1028.8,1.0,0.3378956614928538,0,0,0,0,304472.68705809,1,1028.8,low
B000002971,인천숭의초등학교,미추홀구,414,265,Q2,1.8823529411764703,-1.8823529411764703,13001.352985294116,-13001.352985294116,2,3.0,0,1,0,진행중포함,,,-27.200000000000003,0,1.1,1.157,0.90451993467452,0.8662626373940179,54.0,접근 가능하나 녹지 부족,0,0,1,0.0,0,0.0,0.0,0.0,0,0,1,0,381064.141332051,0,0.0,low
B000002972,인천용정초등학교,미추홀구,578,375,Q3,2.544117647058824,-2.544117647058824,37061.58676470589,-37061.58676470589,2,3.0,0,0,2,예정만,,,-1.6285714285714283,0,1.1,1.157,0.90451993467452,0.8662626373940179,50.0,접근 가능하나 녹지 부족,0,0,1,0.0,0,0.0,0.0,0.0,0,0,1,0,529762.7989538372,0,0.0,low
B000002973,인천용일초등학교,미추홀구,470,283,Q3,2.544117647058824,-1.5441176470588234,37061.58676470589,-33622.28676470588,2,3.0,0,0,2,예정만,,,-44.62857142857143,0,1.1,1.157,0.90451993467452,0.8662626373940179,331.7,접근 가능하나 녹지 부족,0,0,1,3439.3,1,3439.3,1.0,0.6573609259946064,0,0,0,0,523198.11902361526,1,3439.3,low
B000002974,인천용현초등학교,미추홀구,1038,652,Q4,2.485294117647059,1.5147058823529411,45218.47352941177,-13607.27352941177,4,1.0,0,0,0,없음,,,40.88571428571429,0,1.1,1.157,0.90451993467452,0.8662626373940179,299.0,접근 양호,0,0,4,31611.2,7,63374.5,0.5714285714285714,7.768812971856859,0,0,0,0,406898.7130275124,4,31611.2,high
B000002975,인천용현남초등학교,미추홀구,229,131,Q2,1.8823529411764703,0.1176470588235294,13001.352985294116,20822.547014705884,4,1.0,0,0,0,없음,,,-8.142857142857142,0,1.1,1.157,0.90451993467452,0.8662626373940179,497.0,접근 양호,0,0,2,33823.9,4,65948.7,0.5,40.60543983426813,0,0,1,0,83298.93762523663,2,33823.9,high
B000002976,인천학산초등학교,미추홀구,476,344,Q3,2.544117647058824,2.4558823529411766,37061.58676470589,-21928.686764705883,4,1.0,0,0,0,없음,,,-35.857142857142854,0,1.1,1.157,0.90451993467452,0.8662626373940179,74.1,접근 양호,0,0,5,15132.9,7,21248.1,0.7142857142857143,4.821512104314046,0,0,0,0,313862.11778789986,5,15132.9,high
B000002977,인천백학초등학교,미추홀구,489,283,Q3,2.544117647058824,1.4558823529411766,37061.58676470589,-30695.886764705883,3,2.0,0,0,1,예정만,,,-19.77142857142857,0,1.1,1.157,0.90451993467452,0.8662626373940179,56.9,"접근 가능, 중간 수준",0,0,4,6365.700000000001,6,219061.7,0.6666666666666666,1.4936434195254609,0,0,0,0,426186.0573136271,4,6365.700000000001,middle
B000002978,인천도화초등학교,미추홀구,341,211,Q2,1.8823529411764703,-1.8823529411764703,13001.352985294116,-13001.352985294116,1,4.0,0,0,0,없음,,15,-27.97142857142857,0,1.1,1.157,0.90451993467452,0.8662626373940179,605.3,공원 접근 불가,0,0,0,0.0,1,332694.0,0.0,0.0,0,0,0,0,272811.0538903964,0,0.0,
B000002979,인천문학초등학교,미추홀구,456,303,Q3,2.544117647058824,2.4558823529411766,37061.58676470589,-28355.886764705883,3,2.0,0,0,1,예정만,,,-42.11428571428572,0,1.1,1.157,0.90451993467452,0.8662626373940179,241.4,"접근 가능, 중간 수준",0,0,4,8705.7,7,12902.6,0.5714285714285714,2.192776635759485,1,0,0,0,397017.1816877607,4,8705.7,middle
B000002980,인천관교초등학교,미추홀구,681,444,Q4,2.485294117647059,2.514705882352941,45218.47352941177,-37114.07352941177,3,2.0,0,0,1,예정만,,,-54.17142857142858,0,1.1,1.157,0.90451993467452,0.8662626373940179,201.4,"접근 가능, 중간 수준",0,0,5,8104.4,6,9805.7,0.8333333333333334,1.515105043922899,0,0,0,0,534906.8061324742,5,8104.4,middle
B000002981,인천경원초등학교,미추홀구,1008,658,Q4,2.485294117647059,0.5147058823529411,45218.47352941177,-41677.273529411774,2,3.0,0,1,1,진행중포함,,,-80.1142857142857,0,1.1,1.157,0.90451993467452,0.8662626373940179,73.2,접근 가능하나 녹지 부족,0,0,3,3541.2,3,3541.2,1.0,0.6824644184733245,0,0,0,0,518884.1944202275,3,3541.2,low
B000002982,인천석암초등학교,미추홀구,695,408,Q4,2.485294117647059,-2.485294117647059,45218.47352941177,-45218.47352941177,1,4.0,0,0,1,예정만,0.6834870848708486,1,18.142857142857142,0,1.1,1.157,0.90451993467452,0.8662626373940179,947.1,공원 접근 불가,0,0,0,0.0,0,0.0,0.0,0.0,0,0,0,0,312278.69307846954,0,0.0,
B000002983,인천남부초등학교,미추홀구,842,510,Q4,2.485294117647059,-1.4852941176470589,45218.47352941177,-43566.47352941177,2,3.0,0,0,1,예정만,,,-67.34285714285716,0,1.1,1.157,0.90451993467452,0.8662626373940179,305.0,접근 가능하나 녹지 부족,0,0,1,1652.0,4,15656.1,0.25,0.30803435515111643,0,0,1,0,536303.8155888673,1,1652.0,low
B000002984,인천승학초등학교,미추홀구,240,168,Q2,1.8823529411764703,-0.8823529411764706,13001.352985294116,-11300.052985294118,3,2.0,0,0,0,없음,,,-36.02857142857143,0,1.1,1.157,0.90451993467452,0.8662626373940179,346.7,"접근 가능, 중간 수준",0,0,1,1701.3,2,353472.1,0.5,0.7156824644555512,0,0,1,0,237717.1559309125,1,1701.3,middle
B000002985,인천서화초등학교,미추홀구,484,287,Q3,2.544117647058824,2.4558823529411766,37061.58676470589,-12853.486764705884,4,1.0,0,0,0,없음,,,94.68571428571433,0,1.1,1.157,0.90451993467452,0.8662626373940179,249.1,접근 양호,0,0,3,24208.1,5,47825.4,0.6,5.058464712023813,2,0,0,0,478566.15352990595,3,24208.1,high
B000002986,인천대화초등학교,미추홀구,995,619,Q4,2.485294117647059,-1.4852941176470589,45218.47352941177,-42839.67352941177,2,3.0,0,1,3,진행중포함,,,-38.82857142857143,0,1.1,1.157,0.90451993467452,0.8662626373940179,254.6,접근 가능하나 녹지 부족,0,0,1,2378.8,1,2378.8,1.0,0.5231663290947894,0,0,0,0,454692.870643248,1,2378.8,low
B000002987,인천주안북초등학교,미추홀구,507,283,Q3,2.544117647058824,-1.5441176470588234,37061.58676470589,-34956.28676470588,2,3.0,0,0,2,예정만,,,-12.171428571428573,0,1.1,1.157,0.90451993467452,0.8662626373940179,279.4,접근 가능하나 녹지 부족,0,0,1,2105.3,1,2105.3,1.0,0.4301227756671482,0,0,0,0,489464.8967924435,1,2105.3,low
B000002989,인천주안남초등학교,미추홀구,837,504,Q4,2.485294117647059,-1.4852941176470589,45218.47352941177,-43565.273529411774,2,3.0,0,0,2,예정만,,,-46.05714285714286,0,1.1,1.157,0.90451993467452,0.8662626373940179,60.5,접근 가능하나 녹지 부족,0,0,1,1653.2,1,1653.2,1.0,0.324358270035637,0,0,0,0,509683.32018121943,1,1653.2,low
B000002990,인천학익초등학교,미추홀구,153,99,Q1,1.088235294117647,-1.088235294117647,5676.2411764705885,-5676.2411764705885,1,4.0,0,0,0,없음,,22,-35.45714285714285,0,1.1,1.157,0.90451993467452,0.8662626373940179,784.3,공원 접근 불가,0,0,0,0.0,2,14798.3,0.0,0.0,0,0,0,0,201053.38510554828,0,0.0,
B000002991,인천인주초등학교,미추홀구,741,442,Q4,2.485294117647059,2.514705882352941,45218.47352941177,-35161.57352941177,3,2.0,0,0,1,예정만,,,-66.77142857142857,0,1.1,1.157,0.90451993467452,0.8662626373940179,222.5,"접근 가능, 중간 수준",0,0,5,10056.9,6,11556.9,0.8333333333333334,2.0286671252234973,0,0,0,0,495739.28984983364,5,10056.9,middle
B000002992,인천연학초등학교,미추홀구,758,438,Q4,2.485294117647059,2.514705882352941,45218.47352941177,40051.52647058823,4,1.0,0,0,1,예정만,,,32.57142857142857,0,1.1,1.157,0.90451993467452,0.8662626373940179,121.4,접근 양호,0,0,5,85270.0,7,88274.0,0.7142857142857143,17.246475819091096,0,0,0,0,494419.8507245743,5,85270.0,high
B000002993,연평초등학교,옹진군,7,3,Q1,1.088235294117647,-1.088235294117647,5676.2411764705885,-5676.2411764705885,,,0,0,0,없음,,,-5.342857142857143,0,0.88,0.84,0.2381924287438691,0.0,16479.1,별도 묶음,1,1,0,0.0,0,0.0,0.0,0.0,0,1,0,0,201678.90945427254,0,0.0,
B000002994,대청초등학교,옹진군,0,0,Q1,1.088235294117647,-1.088235294117647,5676.2411764705885,-5676.2411764705885,,,0,0,0,없음,,,-4.542857142857143,0,0.88,0.84,0.2381924287438691,0.0,16479.1,별도 묶음,1,1,0,0.0,0,0.0,0.0,0.0,0,1,0,0,196861.50565426532,0,0.0,
B000002995,영흥초등학교,옹진군,3,2,Q1,1.088235294117647,-1.088235294117647,5676.2411764705885,-5676.2411764705885,,,0,0,0,없음,,,-15.45714285714286,0,0.88,0.84,0.2381924287438691,0.0,19637.4,별도 묶음,1,1,0,0.0,0,0.0,0.0,0.0,0,1,0,0,196402.2808944497,0,0.0,
B000002996,덕적초등학교,옹진군,1,1,Q1,1.088235294117647,-1.088235294117647,5676.2411764705885,-5676.2411764705885,,,0,0,0,없음,,,-3.1428571428571423,0,0.88,0.84,0.2381924287438691,0.0,18983.5,별도 묶음,1,1,0,0.0,0,0.0,0.0,0.0,0,1,0,0,172924.8967510371,0,0.0,
B000002997,북포초등학교,옹진군,0,0,Q1,1.088235294117647,-1.088235294117647,5676.2411764705885,-5676.2411764705885,,,0,0,0,없음,,,-9.142857142857144,0,0.88,0.84,0.2381924287438691,0.0,16479.1,별도 묶음,1,1,0,0.0,0,0.0,0.0,0.0,0,1,0,0,227096.68383771944,0,0.0,
B000002998,백령초등학교,옹진군,0,0,Q1,1.088235294117647,-1.088235294117647,5676.2411764705885,-5676.2411764705885,,,0,0,0,없음,,,-5.885714285714286,0,0.88,0.84,0.2381924287438691,0.0,16479.1,별도 묶음,1,1,0,0.0,0,0.0,0.0,0.0,0,1,0,0,226921.08008916277,0,0.0,
B000002999,인천공항초등학교신도분교장,옹진군,1,1,Q1,1.088235294117647,-1.088235294117647,5676.2411764705885,-5676.2411764705885,,,0,0,0,없음,,,-1.2285714285714286,0,0.88,0.84,0.2381924287438691,0.0,6831.7,별도 묶음,1,0,0,0.0,0,0.0,0.0,0.0,0,1,0,0,174778.690016182,0,0.0,
B000003000,인천삼목초등학교장봉분교장,옹진군,2,2,Q1,1.088235294117647,-1.088235294117647,5676.2411764705885,-5676.2411764705885,,,0,0,0,없음,,,-1.9142857142857144,0,0.88,0.84,0.2381924287438691,0.0,16196.8,별도 묶음,1,1,0,0.0,0,0.0,0.0,0.0,0,1,0,0,343286.20987689367,0,0.0,
B000003004,인천남부초등학교이작분교장,옹진군,1,1,Q1,1.088235294117647,-1.088235294117647,5676.2411764705885,-5676.2411764705885,,,0,0,0,없음,,,-1.3142857142857145,0,0.88,0.84,0.2381924287438691,0.0,18983.5,별도 묶음,1,1,0,0.0,0,0.0,0.0,0.0,0,1,0,0,157424.2791385953,0,0.0,
B000003005,인천용현남초등학교자월분교장,옹진군,0,0,Q1,1.088235294117647,-1.088235294117647,5676.2411764705885,-5676.2411764705885,,,0,0,0,없음,,,-0.5428571428571429,0,0.88,0.84,0.2381924287438691,0.0,18983.5,별도 묶음,1,1,0,0.0,0,0.0,0.0,0.0,0,1,0,0,273408.82373606815,0,0.0,
B000003006,인천부평서초등학교,부평구,1261,768,Q4,2.485294117647059,-1.4852941176470589,45218.47352941177,-44018.47352941177,2,3.0,0,0,0,없음,,,-29.60000000000001,0,1.151,1.236,0.8233957749403983,0.7542296860976732,304.0,접근 가능하나 녹지 부족,0,0,1,1200.0,1,1200.0,1.0,0.25070589654057646,0,0,0,0,478648.49473366153,1,1200.0,low
B000003007,인천부곡초등학교,부평구,600,392,Q3,2.544117647058824,-1.5441176470588234,37061.58676470589,-22041.586764705884,4,1.0,0,0,0,없음,,,-76.94285714285715,0,1.151,1.236,0.8233957749403983,0.7542296860976732,420.0,접근 양호,0,0,1,15020.0,1,15020.0,1.0,5.74915306524711,0,0,0,0,261255.87246570224,1,15020.0,high
B000003008,인천마곡초등학교,부평구,393,196,Q2,1.8823529411764703,0.1176470588235294,13001.352985294116,-10645.352985294116,3,2.0,0,0,0,없음,,,7.2857142857142865,0,1.151,1.236,0.8233957749403983,0.7542296860976732,0.0,"접근 가능, 중간 수준",0,0,2,2356.0,5,224617.0,0.4,1.5499766581264607,0,0,1,0,152002.28904400553,2,2356.0,middle
B000003009,인천대정초등학교,부평구,418,266,Q2,1.8823529411764703,-1.8823529411764703,13001.352985294116,-13001.352985294116,2,3.0,0,0,0,없음,,,-73.77142857142859,0,1.151,1.236,0.8233957749403983,0.7542296860976732,317.0,접근 가능하나 녹지 부족,0,0,1,0.0,0,0.0,0.0,0.0,0,0,1,0,309619.4709952459,0,0.0,low
B000003010,인천청천초등학교,부평구,503,276,Q3,2.544117647058824,1.4558823529411766,37061.58676470589,-23695.586764705884,3,2.0,0,1,0,진행중포함,,,140.45714285714286,0,1.151,1.236,0.8233957749403983,0.7542296860976732,113.7,"접근 가능, 중간 수준",0,0,4,13366.0,5,18634.0,0.8,3.313417157007966,0,0,0,0,403390.19708793843,4,13366.0,middle
B000003011,인천갈산초등학교,부평구,186,118,Q1,1.088235294117647,1.911764705882353,5676.2411764705885,2977.7588235294115,4,1.0,0,0,0,없음,,,-18.142857142857142,0,1.151,1.236,0.8233957749403983,0.7542296860976732,212.0,접근 양호,0,0,3,8654.0,5,12468.0,0.6,5.099661611957524,0,0,0,0,169697.53404242307,3,8654.0,high
B000003012,인천후정초등학교,부평구,236,151,Q2,1.8823529411764703,3.117647058823529,13001.352985294116,17258.647014705883,4,1.0,0,0,0,없음,,,-44.31428571428573,0,1.151,1.236,0.8233957749403983,0.7542296860976732,65.9,접근 양호,0,0,5,30260.0,7,42290.0,0.7142857142857143,15.05605038764799,0,0,0,0,200982.32418792485,5,30260.0,high
B000003013,인천영선초등학교,부평구,881,588,Q4,2.485294117647059,0.5147058823529411,45218.47352941177,-19467.47352941177,4,1.0,0,0,2,예정만,,,-48.457142857142856,0,1.151,1.236,0.8233957749403983,0.7542296860976732,145.9,접근 양호,0,0,3,25751.0,5,51207.0,0.6,6.092241215163815,0,0,0,0,422685.1677491824,3,25751.0,high
B000003014,인천진산초등학교,부평구,233,157,Q2,1.8823529411764703,0.1176470588235294,13001.352985294116,-3560.3529852941174,4,1.0,0,0,0,없음,,,-36.28571428571428,0,1.151,1.236,0.8233957749403983,0.7542296860976732,152.0,접근 양호,0,0,2,9441.0,5,51038.0,0.4,7.412854732256126,0,0,1,0,127359.84099241348,2,9441.0,high
B000003015,인천구산초등학교,부평구,739,538,Q4,2.485294117647059,0.5147058823529411,45218.47352941177,-3254.473529411771,4,1.0,0,0,0,없음,,,-50.22857142857144,0,1.151,1.236,0.8233957749403983,0.7542296860976732,105.0,접근 양호,0,0,3,41964.0,8,68115.0,0.375,10.109067675352499,0,0,1,0,415112.46484495146,3,41964.0,high
B000003016,인천부일초등학교,부평구,869,541,Q4,2.485294117647059,0.5147058823529411,45218.47352941177,-27616.47352941177,4,1.0,0,0,0,없음,,,-25.31428571428572,0,1.151,1.236,0.8233957749403983,0.7542296860976732,0.0,접근 양호,0,0,3,17602.0,10,63897.0,0.3,5.531123783292672,0,0,1,0,318235.51035268186,3,17602.0,high
B000003017,인천부내초등학교,부평구,574,353,Q3,2.544117647058824,1.4558823529411766,37061.58676470589,-6957.586764705884,4,1.0,0,0,0,없음,,,-44.97142857142857,0,1.151,1.236,0.8233957749403983,0.7542296860976732,263.6,접근 양호,0,0,4,30104.0,7,44162.0,0.5714285714285714,14.923278560149583,0,0,0,0,201725.10938975768,4,30104.0,high
B000003018,인천부개서초등학교,부평구,1029,609,Q4,2.485294117647059,-1.4852941176470589,45218.47352941177,-37699.47352941177,3,2.0,0,0,0,없음,,,39.6,0,1.151,1.236,0.8233957749403983,0.7542296860976732,232.0,"접근 가능, 중간 수준",0,0,1,7519.0,4,21884.0,0.25,1.9972642523132296,0,0,1,0,376464.9565670392,1,7519.0,middle
B000003019,인천부광초등학교,부평구,1451,909,Q4,2.485294117647059,3.514705882352941,45218.47352941177,-2018.4735294117709,4,1.0,0,0,3,예정만,,,-17.485714285714284,0,1.151,1.236,0.8233957749403983,0.7542296860976732,117.6,접근 양호,0,0,6,43200.0,9,50851.0,0.6666666666666666,8.062571658945064,0,0,0,0,535809.1912531595,6,43200.0,high
B000003020,인천일신초등학교,부평구,635,371,Q3,2.544117647058824,-0.5441176470588234,37061.58676470589,-32538.586764705884,3,2.0,0,0,1,예정만,,,-28.342857142857152,0,1.151,1.236,0.8233957749403983,0.7542296860976732,218.4,"접근 가능, 중간 수준",0,0,2,4523.0,2,4523.0,1.0,0.9653835873262,0,0,0,0,468518.42722199636,2,4523.0,middle
B000003021,인천금마초등학교,부평구,59,38,Q1,1.088235294117647,-1.088235294117647,5676.2411764705885,-5676.2411764705885,2,3.0,0,0,0,없음,,,-19.94285714285715,0,1.151,1.236,0.8233957749403983,0.7542296860976732,415.0,접근 가능하나 녹지 부족,0,0,1,0.0,3,7996.0,0.3333333333333333,0.0,0,0,1,0,86585.94258585818,0,0.0,low
B000003022,인천상정초등학교,부평구,663,353,Q4,2.485294117647059,-1.4852941176470589,45218.47352941177,-43813.47352941177,2,3.0,0,0,1,예정만,,,16.971428571428575,0,1.151,1.236,0.8233957749403983,0.7542296860976732,300.0,접근 가능하나 녹지 부족,0,0,1,1405.0,4,71760.0,0.25,0.4194290048890028,0,0,1,0,334979.2178468481,1,1405.0,low
B000003023,인천부평북초등학교,부평구,553,351,Q3,2.544117647058824,-2.544117647058824,37061.58676470589,-37061.58676470589,2,3.0,0,0,1,예정만,0.8087638376383763,,-20.65714285714285,0,1.151,1.236,0.8233957749403983,0.7542296860976732,385.0,접근 가능하나 녹지 부족,0,0,1,0.0,1,45686.0,1.0,0.0,0,0,0,0,397508.8107324337,0,0.0,low
B000003024,인천갈월초등학교,부평구,753,453,Q4,2.485294117647059,3.514705882352941,45218.47352941177,4839.526470588229,4,1.0,0,0,0,없음,,,-43.457142857142856,0,1.151,1.236,0.8233957749403983,0.7542296860976732,257.9,접근 양호,0,0,6,50058.0,8,112419.0,0.75,10.565250671493184,0,0,0,0,473798.50754573074,6,50058.0,high
B000003025,인천부개초등학교,부평구,1235,731,Q4,2.485294117647059,-1.4852941176470589,45218.47352941177,-43744.47352941177,2,3.0,0,0,1,예정만,,,-24.08571428571428,0,1.151,1.236,0.8233957749403983,0.7542296860976732,305.9,접근 가능하나 녹지 부족,0,0,1,1474.0,4,19774.0,0.25,0.30189310663738167,0,0,1,0,488252.2878438865,1,1474.0,low
B000003026,인천동수초등학교,부평구,687,402,Q4,2.485294117647059,-0.4852941176470589,45218.47352941177,-31928.47352941177,4,1.0,0,0,1,예정만,,,-6.314285714285715,0,1.151,1.236,0.8233957749403983,0.7542296860976732,269.0,접근 양호,0,0,2,13290.0,3,15790.0,0.6666666666666666,3.691484853714138,0,0,0,0,360017.7307141988,2,13290.0,high
B000003027,인천부원초등학교,부평구,783,479,Q4,2.485294117647059,-2.485294117647059,45218.47352941177,-45218.47352941177,1,4.0,0,0,2,예정만,0.8672509225092251,4,-38.77142857142857,0,1.151,1.236,0.8233957749403983,0.7542296860976732,752.2,공원 접근 불가,0,0,0,0.0,1,2582.0,0.0,0.0,0,0,0,0,349261.0175542253,0,0.0,
B000003028,인천부흥초등학교,부평구,1670,1027,Q4,2.485294117647059,-1.4852941176470589,45218.47352941177,-41462.47352941177,2,3.0,0,0,1,예정만,,,14.485714285714288,0,1.151,1.236,0.8233957749403983,0.7542296860976732,162.1,접근 가능하나 녹지 부족,0,0,1,3756.0,2,7391.0,0.5,0.6263589923582149,0,0,1,0,599656.1150752894,1,3756.0,low
B000003029,인천부평동초등학교,부평구,1540,943,Q4,2.485294117647059,-1.4852941176470589,45218.47352941177,-42636.47352941177,2,3.0,0,0,0,없음,0.8162361623616236,,-22.971428571428568,0,1.151,1.236,0.8233957749403983,0.7542296860976732,409.0,접근 가능하나 녹지 부족,0,0,1,2582.0,1,2582.0,1.0,0.44379693487395755,0,0,0,0,581797.6189342795,1,2582.0,low
B000003030,인천부평남초등학교,부평구,744,422,Q4,2.485294117647059,-2.485294117647059,45218.47352941177,-45218.47352941177,2,3.0,0,0,0,없음,0.8621771217712176,,-37.2,0,1.151,1.236,0.8233957749403983,0.7542296860976732,399.0,접근 가능하나 녹지 부족,0,0,1,0.0,1,113123.0,1.0,0.0,0,0,0,0,400275.2996246651,0,0.0,low
B000003031,인천산곡북초등학교,부평구,686,349,Q4,2.485294117647059,-0.4852941176470589,45218.47352941177,-42862.47352941177,3,2.0,0,0,0,없음,,,27.399999999999995,0,1.151,1.236,0.8233957749403983,0.7542296860976732,472.0,"접근 가능, 중간 수준",0,0,2,2356.0,3,5436.0,0.6666666666666666,0.8929928920780564,0,0,0,0,263831.8872300791,2,2356.0,middle
B000003032,인천산곡초등학교,부평구,358,233,Q2,1.8823529411764703,-1.8823529411764703,13001.352985294116,-13001.352985294116,2,3.0,0,0,1,예정만,,,43.65714285714285,0,1.151,1.236,0.8233957749403983,0.7542296860976732,200.0,접근 가능하나 녹지 부족,0,0,1,0.0,2,3841.0,0.5,0.0,0,0,1,0,136475.72167327048,0,0.0,low
B000003033,인천부마초등학교,부평구,789,513,Q4,2.485294117647059,-2.485294117647059,45218.47352941177,-45218.47352941177,1,4.0,0,0,1,예정만,0.8257380073800737,3,-25.91428571428571,0,1.151,1.236,0.8233957749403983,0.7542296860976732,801.4,공원 접근 불가,0,0,0,0.0,0,0.0,0.0,0.0,0,0,0,0,316214.51566854725,0,0.0,
B000003034,인천미산초등학교,부평구,569,370,Q3,2.544117647058824,-2.544117647058824,37061.58676470589,-37061.58676470589,1,4.0,0,0,0,없음,,6,-24.94285714285714,0,1.151,1.236,0.8233957749403983,0.7542296860976732,1143.0,공원 접근 불가,0,0,0,0.0,1,15020.0,0.0,0.0,0,0,0,0,247833.8472444599,0,0.0,
B000003035,인천산곡남초등학교,부평구,439,309,Q3,2.544117647058824,-2.544117647058824,37061.58676470589,-37061.58676470589,2,3.0,0,0,2,예정만,,,-40.77142857142857,0,1.151,1.236,0.8233957749403983,0.7542296860976732,343.0,접근 가능하나 녹지 부족,0,0,1,0.0,1,15020.0,1.0,0.0,0,0,0,0,390230.070566651,0,0.0,low
B000003036,인천신촌초등학교,부평구,557,322,Q3,2.544117647058824,-1.5441176470588234,37061.58676470589,18883.41323529412,4,1.0,0,0,1,예정만,,,0.8571428571428562,0,1.151,1.236,0.8233957749403983,0.7542296860976732,498.0,접근 양호,0,0,1,55945.0,2,57417.0,0.5,12.072905408197657,0,0,1,0,463393.0119423666,1,55945.0,high
B000003037,인천하정초등학교,부평구,411,226,Q2,1.8823529411764703,1.1176470588235294,13001.352985294116,-1889.3529852941167,4,1.0,0,0,2,예정만,,,85.31428571428572,0,1.151,1.236,0.8233957749403983,0.7542296860976732,177.4,접근 양호,0,0,3,11112.0,6,15520.0,0.5,4.873302536069049,0,0,1,0,228017.85683848124,3,11112.0,high
B000003038,인천십정초등학교,부평구,685,384,Q4,2.485294117647059,2.514705882352941,45218.47352941177,-38184.47352941177,3,2.0,0,0,2,예정만,,,-20.82857142857144,0,1.151,1.236,0.8233957749403983,0.7542296860976732,304.9,"접근 가능, 중간 수준",0,0,5,7034.0,6,8532.0,0.8333333333333334,1.5282636172031931,0,0,0,0,460260.90792324225,5,7034.0,middle
B000003039,인천백운초등학교,부평구,473,256,Q3,2.544117647058824,-1.5441176470588234,37061.58676470589,-35589.586764705884,2,3.0,0,0,0,없음,,,-12.314285714285717,0,1.151,1.236,0.8233957749403983,0.7542296860976732,322.0,접근 가능하나 녹지 부족,0,0,1,1472.0,6,183527.0,0.16666666666666666,0.6687985046903494,0,0,1,0,220096.18587313214,1,1472.0,low
B000003040,인천동암초등학교,부평구,647,368,Q4,2.485294117647059,0.5147058823529411,45218.47352941177,-41253.47352941177,3,2.0,0,0,1,예정만,,,-24.857142857142858,0,1.151,1.236,0.8233957749403983,0.7542296860976732,152.1,"접근 가능, 중간 수준",0,0,3,3965.0,4,56688.0,0.75,0.8469493192139694,0,0,0,0,468150.7984066636,3,3965.0,middle
B000003041,인천용마초등학교,부평구,722,367,Q4,2.485294117647059,-1.4852941176470589,45218.47352941177,-39950.47352941177,3,2.0,0,0,1,예정만,,,-2.457142857142857,0,1.151,1.236,0.8233957749403983,0.7542296860976732,408.0,"접근 가능, 중간 수준",0,0,1,5268.0,1,5268.0,1.0,1.425490563160452,0,0,0,0,369556.98874079733,1,5268.0,middle
B000003042,인천마장초등학교,부평구,938,610,Q4,2.485294117647059,-2.485294117647059,45218.47352941177,-45218.47352941177,1,4.0,0,0,0,없음,0.8583025830258302,2,-36.00000000000001,0,1.151,1.236,0.8233957749403983,0.7542296860976732,839.7,공원 접근 불가,0,0,0,0.0,0,0.0,0.0,0.0,0,0,0,0,400003.540970537,0,0.0,
B000003043,인천개흥초등학교,부평구,1028,628,Q4,2.485294117647059,-0.4852941176470589,45218.47352941177,-40985.47352941177,3,2.0,0,0,2,예정만,,,-23.542857142857137,0,1.151,1.236,0.8233957749403983,0.7542296860976732,220.0,"접근 가능, 중간 수준",0,0,2,4233.0,5,66724.0,0.4,0.8003105682453617,0,0,1,0,528919.6679334907,2,4233.0,middle
B000003044,인천삼산초등학교,부평구,870,564,Q4,2.485294117647059,1.5147058823529411,45218.47352941177,-26876.47352941177,4,1.0,0,0,5,예정만,,,-16.514285714285716,0,1.151,1.236,0.8233957749403983,0.7542296860976732,337.0,접근 양호,0,0,4,18342.0,7,43663.0,0.5714285714285714,4.113761813363668,0,0,0,0,445869.2756691822,4,18342.0,high
B000003045,인천한길초등학교,부평구,595,398,Q3,2.544117647058824,4.455882352941177,37061.58676470589,-2701.586764705884,4,1.0,0,0,1,예정만,,,-59.94285714285715,0,1.151,1.236,0.8233957749403983,0.7542296860976732,149.3,접근 양호,0,0,7,34360.0,8,50608.0,0.875,7.425870045916623,0,0,0,0,462706.72375816834,7,34360.0,high
B000003046,인천굴포초등학교,부평구,583,412,Q3,2.544117647058824,-0.5441176470588234,37061.58676470589,-15591.586764705884,4,1.0,0,0,0,없음,,,-53.257142857142846,0,1.151,1.236,0.8233957749403983,0.7542296860976732,342.5,접근 양호,0,0,2,21470.0,7,82860.0,0.2857142857142857,7.120533422049499,0,0,1,0,301522.3541190865,2,21470.0,high
B000003047,한일초등학교,부평구,74,46,Q1,1.088235294117647,-0.0882352941176469,5676.2411764705885,-3170.2411764705885,3,2.0,0,0,0,없음,,,13.485714285714286,0,1.151,1.236,0.8233957749403983,0.7542296860976732,67.0,"접근 가능, 중간 수준",0,0,1,2506.0,3,6347.0,0.3333333333333333,1.8127171167164626,0,0,1,0,138245.50873880106,1,2506.0,middle
B000003048,인천명선초등학교,연수구,148,115,Q1,1.088235294117647,-1.088235294117647,5676.2411764705885,-5676.2411764705885,1,4.0,0,0,0,없음,,21,-35.34285714285715,0,1.031,1.049,0.9596005116197016,0.9425899037517764,917.9,공원 접근 불가,0,0,0,0.0,2,4000.0,0.0,0.0,0,0,0,0,126580.09943714668,0,0.0,
B000003049,인천축현초등학교,연수구,317,209,Q2,1.8823529411764703,1.1176470588235294,13001.352985294116,-5583.052985294117,3,2.0,0,0,0,없음,,,-30.0,0,1.031,1.049,0.9596005116197016,0.9425899037517764,295.5,"접근 가능, 중간 수준",0,0,3,7418.3,3,7418.3,1.0,2.239485438590415,0,0,0,0,331250.20025445014,3,7418.3,middle
B000003050,인천송도초등학교,연수구,247,162,Q2,1.8823529411764703,1.1176470588235294,13001.352985294116,-9804.752985294115,3,2.0,0,1,1,진행중포함,,,-26.399999999999995,0,1.031,1.049,0.9596005116197016,0.9425899037517764,224.0,"접근 가능, 중간 수준",0,0,3,3196.6,4,8196.6,0.75,0.7871247895012163,0,0,0,0,406110.95504000265,3,3196.6,middle
B000003051,인천능허대초등학교,연수구,1270,844,Q4,2.485294117647059,1.5147058823529411,45218.47352941177,-41431.37352941177,2,3.0,0,0,0,없음,,,-47.285714285714285,0,1.031,1.049,0.9596005116197016,0.9425899037517764,204.8,접근 가능하나 녹지 부족,0,0,2,3787.1,3,4780.3,0.6666666666666666,0.7053667674817125,2,0,0,0,536897.9904625554,2,3787.1,low
B000003052,인천선학초등학교,연수구,183,120,Q1,1.088235294117647,0.911764705882353,5676.2411764705885,26078.75882352941,4,1.0,0,0,0,없음,,,-6.571428571428572,0,1.031,1.049,0.9596005116197016,0.9425899037517764,271.0,접근 양호,0,0,2,31755.0,6,40799.0,0.3333333333333333,10.271863922239225,0,0,1,0,309145.4505277124,2,31755.0,high
B000003053,인천중앙초등학교,연수구,210,131,Q2,1.8823529411764703,11.117647058823527,13001.352985294116,15547.947014705882,4,1.0,0,0,0,없음,,,-27.22857142857143,0,1.031,1.049,0.9596005116197016,0.9425899037517764,156.0,접근 양호,0,0,1,28549.3,3,174074.7,0.3333333333333333,12.509171504004946,12,0,1,0,228226.94525260635,1,28549.3,high
B000003054,인천연화초등학교,연수구,731,494,Q4,2.485294117647059,0.5147058823529411,45218.47352941177,-26556.27352941177,4,1.0,0,0,0,없음,,,-17.000000000000004,0,1.031,1.049,0.9596005116197016,0.9425899037517764,198.0,접근 양호,0,0,3,18662.2,5,47917.1,0.6,3.922249595586006,0,0,0,0,475803.47821316466,3,18662.2,high
B000003055,인천함박초등학교,연수구,665,404,Q4,2.485294117647059,-1.4852941176470589,45218.47352941177,980235.5264705884,4,1.0,0,0,1,예정만,,,-10.114285714285716,0,1.031,1.049,0.9596005116197016,0.9425899037517764,271.8,접근 양호,0,0,1,1025454.0,5,1059946.4,0.2,229.73061358775792,0,0,1,0,446372.37675259716,1,1025454.0,high
B000003056,인천청학초등학교,연수구,455,286,Q3,2.544117647058824,2.4558823529411766,37061.58676470589,233161.81323529413,4,1.0,0,0,0,없음,,,-18.11428571428572,0,1.031,1.049,0.9596005116197016,0.9425899037517764,131.3,접근 양호,0,0,5,270223.4,8,285424.7,0.625,58.92676839993789,0,0,0,0,458574.9521609348,5,270223.4,high
B000003057,인천청량초등학교,연수구,565,371,Q3,2.544117647058824,1.4558823529411766,37061.58676470589,-11003.786764705885,4,1.0,0,0,0,없음,,,-64.54285714285714,0,1.031,1.049,0.9596005116197016,0.9425899037517764,94.0,접근 양호,0,0,4,26057.8,5,32274.8,0.8,6.253679355772326,0,0,0,0,416679.50205902226,4,26057.8,high
B000003058,인천연성초등학교,연수구,304,224,Q2,1.8823529411764703,-0.8823529411764706,13001.352985294116,5999.947014705882,4,1.0,0,0,0,없음,,,-65.37142857142858,0,1.031,1.049,0.9596005116197016,0.9425899037517764,238.2,접근 양호,0,0,1,19001.3,1,19001.3,1.0,12.7023080160339,0,0,0,0,149589.3500300496,1,19001.3,high
B000003059,인천동춘초등학교,연수구,475,318,Q3,2.544117647058824,0.4558823529411766,37061.58676470589,127873.91323529412,4,1.0,0,0,0,없음,,,-36.971428571428575,0,1.031,1.049,0.9596005116197016,0.9425899037517764,133.0,접근 양호,0,0,3,164935.5,5,184371.6,0.6,57.149350635509045,0,0,0,0,288604.3291234168,3,164935.5,high
B000003060,인천동막초등학교,연수구,343,237,Q2,1.8823529411764703,-0.8823529411764706,13001.352985294116,-3001.252985294117,4,1.0,0,0,0,없음,,,-39.31428571428572,0,1.031,1.049,0.9596005116197016,0.9425899037517764,178.0,접근 양호,0,0,1,10000.1,3,18138.1,0.3333333333333333,3.88543502154606,0,0,1,0,257374.01203587351,1,10000.1,high
B000003061,인천서면초등학교,연수구,429,290,Q3,2.544117647058824,-2.544117647058824,37061.58676470589,-37061.58676470589,2,3.0,0,0,0,없음,,,-28.22857142857143,0,1.031,1.049,0.9596005116197016,0.9425899037517764,310.0,접근 가능하나 녹지 부족,0,0,1,0.0,7,202180.9,0.14285714285714285,0.0,0,0,1,0,239160.39931941923,0,0.0,low
B000003062,인천연수초등학교,연수구,85,55,Q1,1.088235294117647,-1.088235294117647,5676.2411764705885,-5676.2411764705885,1,4.0,0,0,0,없음,,24,-22.22857142857143,0,1.031,1.049,0.9596005116197016,0.9425899037517764,714.9,공원 접근 불가,0,0,0,0.0,7,31581.4,0.0,0.0,0,0,0,0,142235.56031520304,0,0.0,
B000003063,인천문남초등학교,연수구,525,319,Q3,2.544117647058824,0.4558823529411766,37061.58676470589,-8563.186764705883,4,1.0,0,0,0,없음,,,-12.314285714285717,0,1.031,1.049,0.9596005116197016,0.9425899037517764,110.1,접근 양호,0,0,3,28498.4,4,70407.20000000001,0.75,8.234943389085009,0,0,0,0,346066.7384523026,3,28498.4,high
B000003064,인천옥련초등학교,연수구,1223,812,Q4,2.485294117647059,1.5147058823529411,45218.47352941177,-41431.37352941177,3,2.0,0,0,0,없음,,,-48.62857142857142,0,1.031,1.049,0.9596005116197016,0.9425899037517764,242.4,"접근 가능, 중간 수준",0,0,2,3787.1,3,4780.3,0.6666666666666666,0.7087345913377204,2,0,0,0,534346.7140290041,2,3787.1,middle
B000003065,인천신정초등학교,연수구,1227,914,Q4,2.485294117647059,-1.4852941176470589,45218.47352941177,-43218.37352941177,2,3.0,0,0,0,없음,,,-3.9428571428571417,0,1.031,1.049,0.9596005116197016,0.9425899037517764,270.5,접근 가능하나 녹지 부족,0,0,1,2000.1,2,3499.9,0.5,0.5625400390257632,0,0,1,0,355548.0252505901,1,2000.1,low
B000003066,인천해송초등학교,연수구,452,320,Q3,2.544117647058824,0.4558823529411766,37061.58676470589,284631.1132352941,4,1.0,0,0,0,없음,,,-60.22857142857144,0,1.031,1.049,0.9596005116197016,0.9425899037517764,225.2,접근 양호,0,0,3,321692.7,4,327286.2,0.75,94.20152189156241,0,0,0,0,341494.16436213005,3,321692.7,high
B000003067,인천신송초등학교,연수구,240,160,Q2,1.8823529411764703,0.1176470588235294,13001.352985294116,64838.54701470588,4,1.0,0,0,0,없음,,,-55.02857142857144,0,1.031,1.049,0.9596005116197016,0.9425899037517764,0.0,접근 양호,0,0,2,77839.9,7,293286.5,0.2857142857142857,39.05302939647265,0,0,1,0,199318.468254426,2,77839.9,high
B000003068,인천먼우금초등학교,연수구,535,379,Q3,2.544117647058824,-1.5441176470588234,37061.58676470589,-35563.586764705884,2,3.0,0,0,0,없음,,,-29.17142857142857,0,1.031,1.049,0.9596005116197016,0.9425899037517764,0.0,접근 가능하나 녹지 부족,0,0,1,1498.0,7,185810.8,0.14285714285714285,0.43480333077159106,0,0,1,0,344523.57973930123,1,1498.0,low
B000003069,인천박문초등학교,연수구,289,187,Q2,1.8823529411764703,1.1176470588235294,13001.352985294116,158624.44701470586,4,1.0,0,0,0,없음,,,9.314285714285717,0,1.031,1.049,0.9596005116197016,0.9425899037517764,0.0,접근 양호,0,0,3,171625.8,7,218444.0,0.42857142857142855,71.38979743449461,0,0,1,0,240406.62134877083,3,171625.8,high
B000003070,인천남촌초등학교,남동구,149,94,Q1,1.088235294117647,1.911764705882353,5676.2411764705885,1361.7588235294115,3,2.0,0,1,0,진행중포함,,,-35.485714285714295,0,1.093,1.145,0.4707510503206492,0.2571381390250187,148.9,"접근 가능, 중간 수준",0,0,3,7038.0,3,7038.0,1.0,1.5731635306261396,0,0,0,0,447378.7920317975,3,7038.0,middle
B000003071,인천성리초등학교,남동구,890,606,Q4,2.485294117647059,19.514705882352946,45218.47352941177,-39130.47352941177,3,2.0,0,0,1,예정만,,,-50.34285714285714,0,1.093,1.145,0.4707510503206492,0.2571381390250187,300.9,"접근 가능, 중간 수준",0,0,4,6088.0,5,7980.0,0.8,1.1563181819470887,18,0,0,0,526498.6830656424,4,6088.0,middle
B000003073,인천정각초등학교,남동구,1397,938,Q4,2.485294117647059,0.5147058823529411,45218.47352941177,-39005.47352941177,3,2.0,0,0,0,없음,,,-83.2,0,1.093,1.145,0.4707510503206492,0.2571381390250187,335.8,"접근 가능, 중간 수준",0,0,3,6213.0,4,8516.0,0.75,1.4137442332434242,0,0,0,0,439471.28864646767,3,6213.0,middle
B000003074,인천간석초등학교,남동구,1279,835,Q4,2.485294117647059,1.5147058823529411,45218.47352941177,-39750.47352941177,3,2.0,0,0,0,없음,,,2.8285714285714283,0,1.093,1.145,0.4707510503206492,0.2571381390250187,185.4,"접근 가능, 중간 수준",0,0,4,5468.0,4,5468.0,1.0,1.1681179251383762,0,0,0,0,468103.4236635189,4,5468.0,middle
B000003075,인천구월서초등학교,남동구,716,428,Q4,2.485294117647059,2.514705882352941,45218.47352941177,7118.626470588228,4,1.0,1,0,0,완료포함,,,10.914285714285716,0,1.093,1.145,0.4707510503206492,0.2571381390250187,225.2,접근 양호,0,0,4,52337.1,6,53333.5,0.6666666666666666,10.880649999542102,1,0,0,0,481010.78522149444,4,52337.1,high
B000003076,인천상아초등학교,남동구,625,407,Q3,2.544117647058824,-2.544117647058824,37061.58676470589,-37061.58676470589,2,3.0,0,0,0,없음,0.9224169741697416,,-55.85714285714285,0,1.093,1.145,0.4707510503206492,0.2571381390250187,434.0,접근 가능하나 녹지 부족,0,0,1,0.0,2,2116.0,0.5,0.0,0,0,1,0,231055.1809085249,0,0.0,low
B000003077,상인천초등학교,남동구,843,542,Q4,2.485294117647059,-0.4852941176470589,45218.47352941177,-40752.47352941177,3,2.0,0,0,2,예정만,0.9077490774907748,,-51.3142857142857,0,1.093,1.145,0.4707510503206492,0.2571381390250187,473.0,"접근 가능, 중간 수준",0,0,2,4466.0,3,11444.0,0.6666666666666666,0.980378328219432,0,0,0,0,455538.42546796927,2,4466.0,middle
B000003078,인천석정초등학교,남동구,643,386,Q3,2.544117647058824,1.4558823529411766,37061.58676470589,-30684.586764705884,3,2.0,0,0,1,예정만,,,-13.742857142857142,0,1.093,1.145,0.4707510503206492,0.2571381390250187,107.8,"접근 가능, 중간 수준",0,0,4,6377.0,4,6377.0,1.0,1.5114456371847071,0,0,0,0,421913.9506650145,4,6377.0,middle
B000003079,인천만수북초등학교,남동구,571,385,Q3,2.544117647058824,-2.544117647058824,37061.58676470589,-37061.58676470589,2,3.0,0,0,1,예정만,1.0,,-79.88571428571431,0,1.093,1.145,0.4707510503206492,0.2571381390250187,384.0,접근 가능하나 녹지 부족,0,0,1,0.0,6,3651.0,0.16666666666666666,0.0,0,0,1,0,223053.2901197905,0,0.0,low
B000003080,인천동부초등학교,남동구,1089,735,Q4,2.485294117647059,3.514705882352941,45218.47352941177,-44300.47352941177,2,3.0,0,0,1,예정만,,,-22.42857142857144,0,1.093,1.145,0.4707510503206492,0.2571381390250187,147.6,접근 가능하나 녹지 부족,0,0,4,918.0,6,3654.0,0.6666666666666666,0.20992133599479226,2,0,0,0,437306.6680667342,4,918.0,low
B000003081,인천인수초등학교,남동구,292,188,Q2,1.8823529411764703,2.117647058823529,13001.352985294116,-6421.352985294117,3,2.0,0,0,0,없음,,,-21.08571428571429,0,1.093,1.145,0.4707510503206492,0.2571381390250187,328.5,"접근 가능, 중간 수준",0,0,2,6580.0,5,23007.0,0.4,2.076718456260659,2,0,1,0,316846.0308215276,2,6580.0,middle
B000003082,인천만수초등학교,남동구,317,223,Q2,1.8823529411764703,4.117647058823529,13001.352985294116,1196.6470147058826,4,1.0,0,0,0,없음,,,-8.942857142857141,0,1.093,1.145,0.4707510503206492,0.2571381390250187,132.2,접근 양호,0,0,6,14198.0,8,17351.0,0.75,4.628688088198643,0,0,0,0,306739.1824521377,6,14198.0,high
B000003083,인천도림초등학교,남동구,60,42,Q1,1.088235294117647,3.911764705882353,5676.2411764705885,9285.758823529412,4,1.0,0,0,0,없음,,,-46.77142857142858,0,1.093,1.145,0.4707510503206492,0.2571381390250187,40.0,접근 양호,0,0,4,14962.0,7,20331.0,0.5714285714285714,6.616504668061676,1,0,0,0,226131.48105558823,4,14962.0,high
B000003084,인천은봉초등학교,남동구,488,360,Q3,2.544117647058824,27.455882352941178,37061.58676470589,24529.41323529412,4,1.0,0,0,0,없음,,,-24.42857142857143,0,1.093,1.145,0.4707510503206492,0.2571381390250187,372.2,접근 양호,0,0,2,61591.0,4,65702.0,0.5,14.393838041527562,28,0,1,0,427898.3813928171,2,61591.0,high
B000003085,인천장도초등학교,남동구,286,190,Q2,1.8823529411764703,-0.8823529411764706,13001.352985294116,-11261.352985294116,3,2.0,0,0,0,없음,,,-24.257142857142856,0,1.093,1.145,0.4707510503206492,0.2571381390250187,298.0,"접근 가능, 중간 수준",0,0,1,1740.0,6,12887.0,0.16666666666666666,1.0205945038844815,0,0,1,0,170488.86637909486,1,1740.0,middle
B000003086,인천동방초등학교,남동구,423,301,Q3,2.544117647058824,-0.5441176470588234,37061.58676470589,-34110.586764705884,3,2.0,0,0,0,없음,,,-77.00000000000001,0,1.093,1.145,0.4707510503206492,0.2571381390250187,34.6,"접근 가능, 중간 수준",0,0,2,2951.0,3,35100.0,0.6666666666666666,0.8698062864046798,0,0,0,0,339270.9441314659,2,2951.0,middle
B000003087,인천원동초등학교,남동구,198,134,Q2,1.8823529411764703,0.1176470588235294,13001.352985294116,4077.6470147058826,4,1.0,0,0,0,없음,,,-115.20000000000002,0,1.093,1.145,0.4707510503206492,0.2571381390250187,258.7,접근 양호,0,0,2,17079.0,6,58302.0,0.3333333333333333,14.061380013371986,0,0,1,0,121460.3401924871,2,17079.0,high
B000003088,인천사리울초등학교,남동구,334,242,Q2,1.8823529411764703,-1.8823529411764703,13001.352985294116,-13001.352985294116,2,3.0,0,0,0,없음,,,-12.4,0,1.093,1.145,0.4707510503206492,0.2571381390250187,137.0,접근 가능하나 녹지 부족,0,0,1,0.0,2,36283.0,0.5,0.0,0,0,1,0,299816.5247467676,0,0.0,low
B000003089,인천고잔초등학교,남동구,325,234,Q2,1.8823529411764703,0.1176470588235294,13001.352985294116,-9487.352985294116,3,2.0,0,0,0,없음,,,-30.82857142857143,0,1.093,1.145,0.4707510503206492,0.2571381390250187,80.4,"접근 가능, 중간 수준",0,0,2,3514.0,4,39776.0,0.5,1.5871056763823344,0,0,1,0,221409.32719803823,2,3514.0,middle
B000003090,인천약산초등학교,남동구,553,345,Q3,2.544117647058824,-0.5441176470588234,37061.58676470589,-6819.586764705884,4,1.0,0,0,1,예정만,,,-6.085714285714286,0,1.093,1.145,0.4707510503206492,0.2571381390250187,319.0,접근 양호,0,0,2,30242.0,5,84491.0,0.4,6.650379076303478,0,0,1,0,454740.99525781616,2,30242.0,high
B000003091,인천주원초등학교,남동구,395,253,Q2,1.8823529411764703,0.1176470588235294,13001.352985294116,-11891.352985294116,2,3.0,0,0,1,예정만,,,-3.314285714285714,0,1.093,1.145,0.4707510503206492,0.2571381390250187,249.0,접근 가능하나 녹지 부족,0,0,1,1110.0,6,16965.0,0.16666666666666666,0.3756144669813304,1,0,1,0,295515.77417149156,1,1110.0,low
B000003092,인천송천초등학교,남동구,712,506,Q4,2.485294117647059,2.514705882352941,45218.47352941177,528014.5264705883,4,1.0,0,0,0,없음,,,-44.25714285714286,0,1.093,1.145,0.4707510503206492,0.2571381390250187,180.7,접근 양호,0,0,4,573233.0,5,575156.0,0.8,164.1646446475708,1,0,0,0,349181.76275447034,4,573233.0,high
B000003093,인천석천초등학교,남동구,664,423,Q4,2.485294117647059,-1.4852941176470589,45218.47352941177,-43699.47352941177,2,3.0,0,0,1,예정만,,,-7.199999999999999,0,1.093,1.145,0.4707510503206492,0.2571381390250187,180.0,접근 가능하나 녹지 부족,0,0,1,1519.0,1,1519.0,1.0,0.3869097830948418,0,0,0,0,392597.98184727033,1,1519.0,low
B000003094,인천신월초등학교,남동구,374,245,Q2,1.8823529411764703,0.1176470588235294,13001.352985294116,23176.647014705883,4,1.0,0,0,1,예정만,,,-39.22857142857143,0,1.093,1.145,0.4707510503206492,0.2571381390250187,248.3,접근 양호,0,0,2,36178.0,3,37513.0,0.6666666666666666,9.05240359503487,0,0,0,0,399650.7625868911,2,36178.0,high
B000003095,인천구월초등학교,남동구,1713,1172,Q4,2.485294117647059,-0.4852941176470589,45218.47352941177,-41405.47352941177,3,2.0,0,0,0,없음,,,-47.88571428571429,0,1.093,1.145,0.4707510503206492,0.2571381390250187,277.8,"접근 가능, 중간 수준",0,0,2,3813.0,3,5312.0,0.6666666666666666,0.7492363037843041,0,0,0,0,508918.2118833521,2,3813.0,middle
B000003096,인천소래초등학교,남동구,432,289,Q3,2.544117647058824,-0.5441176470588234,37061.58676470589,-33770.586764705884,3,2.0,0,0,0,없음,,,-1.399999999999999,0,1.093,1.145,0.4707510503206492,0.2571381390250187,342.7,"접근 가능, 중간 수준",0,0,2,3291.0,5,10725.0,0.4,1.1903354689471655,0,0,1,0,276476.6812259104,2,3291.0,middle
B000003097,인천논현초등학교,남동구,545,383,Q3,2.544117647058824,-0.5441176470588234,37061.58676470589,-33645.586764705884,3,2.0,0,0,0,없음,,,-46.31428571428572,0,1.093,1.145,0.4707510503206492,0.2571381390250187,0.0,"접근 가능, 중간 수준",0,0,2,3416.0,4,7262.0,0.5,0.8260919593546988,0,0,1,0,413513.2852120248,2,3416.0,middle
B000003098,인천논곡초등학교,남동구,182,124,Q1,1.088235294117647,0.911764705882353,5676.2411764705885,7843.7588235294115,3,2.0,0,0,0,없음,,,-42.51428571428571,0,1.093,1.145,0.4707510503206492,0.2571381390250187,343.5,"접근 가능, 중간 수준",0,0,2,13520.0,5,224635.0,0.4,3.2322772757970477,0,0,1,0,418280.9470349694,2,13520.0,middle
B000003099,인천새말초등학교,남동구,967,653,Q4,2.485294117647059,1.5147058823529411,45218.47352941177,-26967.47352941177,3,2.0,0,0,0,없음,,,-30.857142857142865,0,1.093,1.145,0.4707510503206492,0.2571381390250187,140.8,"접근 가능, 중간 수준",0,0,4,18251.0,5,23015.0,0.8,3.5900558755319736,0,0,0,0,508376.48863321857,4,18251.0,middle
B000003100,인천조동초등학교,남동구,679,458,Q4,2.485294117647059,-0.4852941176470589,45218.47352941177,-30604.47352941177,4,1.0,0,0,0,없음,,,-57.25714285714287,0,1.093,1.145,0.4707510503206492,0.2571381390250187,287.3,접근 양호,0,0,2,14614.0,2,14614.0,1.0,3.701309317419268,0,0,0,0,394833.25349824014,2,14614.0,high
B000003101,인천인동초등학교,남동구,1147,771,Q4,2.485294117647059,1.5147058823529411,45218.47352941177,-41873.47352941177,3,2.0,0,0,0,없음,,,-69.8857142857143,0,1.093,1.145,0.4707510503206492,0.2571381390250187,215.9,"접근 가능, 중간 수준",0,0,4,3345.0,11,13549.0,0.36363636363636365,0.7791195109013954,0,0,1,0,429330.79626385326,4,3345.0,middle
B000003102,인천장수초등학교,남동구,138,87,Q1,1.088235294117647,-1.088235294117647,5676.2411764705885,-5676.2411764705885,1,4.0,0,0,0,없음,,26,-24.057142857142857,0,1.093,1.145,0.4707510503206492,0.2571381390250187,602.6,공원 접근 불가,0,0,0,0.0,3,7470.0,0.0,0.0,0,0,0,0,256466.6462018103,0,0.0,
B000003103,인천담방초등학교,남동구,273,199,Q2,1.8823529411764703,-0.8823529411764706,13001.352985294116,-2622.3529852941174,4,1.0,0,0,0,없음,,,-47.057142857142864,0,1.093,1.145,0.4707510503206492,0.2571381390250187,21.6,접근 양호,0,0,1,10379.0,2,11879.0,0.5,4.3302164675785875,0,0,1,0,239687.7864584869,1,10379.0,high
B000003104,인천남동초등학교,남동구,423,307,Q3,2.544117647058824,4.455882352941177,37061.58676470589,-20187.586764705884,4,1.0,0,0,0,없음,,,-58.51428571428571,0,1.093,1.145,0.4707510503206492,0.2571381390250187,36.5,접근 양호,0,0,7,16874.0,7,16874.0,1.0,4.669745749538444,0,0,0,0,361347.2960849704,7,16874.0,high
B000003105,인천서창초등학교,남동구,644,467,Q3,2.544117647058824,-0.5441176470588234,37061.58676470589,-33196.586764705884,3,2.0,0,0,0,없음,,,-94.68571428571428,0,1.093,1.145,0.4707510503206492,0.2571381390250187,278.9,"접근 가능, 중간 수준",0,0,2,3865.0,4,22963.0,0.5,1.0924254562295408,0,0,1,0,353799.88428133854,2,3865.0,middle
B000003106,경인교육대학교부설초등학교,계양구,279,160,Q2,1.8823529411764703,-0.8823529411764706,13001.352985294116,9808.647014705884,4,1.0,0,0,2,예정만,,,-1.9142857142857144,0,1.035,1.055,0.5621287687784734,0.3873498368195425,53.9,접근 양호,0,0,1,22810.0,1,22810.0,1.0,9.036329264240369,0,0,0,0,252425.50744876498,1,22810.0,high
B000003107,인천효성동초등학교,계양구,588,334,Q3,2.544117647058824,-2.544117647058824,37061.58676470589,-37061.58676470589,2,3.0,0,0,1,예정만,0.6445571955719557,,30.2,0,1.035,1.055,0.5621287687784734,0.3873498368195425,280.0,접근 가능하나 녹지 부족,0,0,1,0.0,0,0.0,0.0,0.0,0,0,1,0,302715.50194598216,0,0.0,low
B000003108,인천효성남초등학교,계양구,702,430,Q4,2.485294117647059,0.5147058823529411,45218.47352941177,-28068.47352941177,3,2.0,0,1,3,진행중포함,,,10.742857142857142,0,1.035,1.055,0.5621287687784734,0.3873498368195425,121.0,"접근 가능, 중간 수준",0,0,3,17150.0,3,17150.0,1.0,3.5943270852109883,0,0,0,0,477140.77192819776,3,17150.0,middle
B000003109,인천효성초등학교,계양구,276,158,Q2,1.8823529411764703,-1.8823529411764703,13001.352985294116,-13001.352985294116,2,3.0,0,0,1,예정만,,,-28.342857142857145,0,1.035,1.055,0.5621287687784734,0.3873498368195425,76.0,접근 가능하나 녹지 부족,0,0,1,0.0,1,22810.0,1.0,0.0,0,0,0,0,209589.46964116546,0,0.0,low
B000003110,인천해서초등학교,계양구,226,147,Q2,1.8823529411764703,-0.8823529411764706,13001.352985294116,-11515.952985294118,2,3.0,0,0,0,없음,,,-30.42857142857144,0,1.035,1.055,0.5621287687784734,0.3873498368195425,268.2,접근 가능하나 녹지 부족,0,0,1,1485.4,1,1485.4,1.0,0.47764508427898084,0,0,0,0,310984.04419722117,1,1485.4,low
B000003111,인천안남초등학교,계양구,726,464,Q4,2.485294117647059,-0.4852941176470589,45218.47352941177,-42449.37352941177,2,3.0,0,0,0,없음,,,-53.28571428571429,0,1.035,1.055,0.5621287687784734,0.3873498368195425,496.0,접근 가능하나 녹지 부족,0,0,2,2769.1000000000004,3,4218.3,0.6666666666666666,0.6617044037530244,0,0,0,0,418479.9110137921,2,2769.1000000000004,low
B000003112,인천성지초등학교,계양구,497,312,Q3,2.544117647058824,-1.5441176470588234,37061.58676470589,-26184.586764705884,3,2.0,0,0,0,없음,,,-25.200000000000006,0,1.035,1.055,0.5621287687784734,0.3873498368195425,376.0,"접근 가능, 중간 수준",0,0,1,10877.0,3,21836.1,0.3333333333333333,2.725367681430777,0,0,1,0,399102.112867565,1,10877.0,middle
B000003113,인천화전초등학교,계양구,825,535,Q4,2.485294117647059,-1.4852941176470589,45218.47352941177,-44927.47352941177,2,3.0,0,1,1,진행중포함,,,-56.11428571428572,0,1.035,1.055,0.5621287687784734,0.3873498368195425,400.0,접근 가능하나 녹지 부족,0,0,1,291.0,1,291.0,1.0,0.05990862430115607,0,0,0,0,485739.7468136896,1,291.0,low
B000003114,인천서운초등학교,계양구,363,231,Q2,1.8823529411764703,-0.8823529411764706,13001.352985294116,-178.95298529411775,4,1.0,0,0,0,없음,,,29.485714285714288,0,1.035,1.055,0.5621287687784734,0.3873498368195425,60.0,접근 양호,0,0,1,12822.4,7,97865.7,0.14285714285714285,4.625900376351604,0,0,1,0,277187.1194103165,1,12822.4,high
B000003115,인천신대초등학교,계양구,216,140,Q2,1.8823529411764703,0.1176470588235294,13001.352985294116,8759.147014705883,4,1.0,0,0,0,없음,,,-59.40000000000001,0,1.035,1.055,0.5621287687784734,0.3873498368195425,148.0,접근 양호,0,0,2,21760.5,7,47357.4,0.2857142857142857,11.273248584422797,0,0,1,0,193027.76690357318,2,21760.5,high
B000003116,인천길주초등학교,계양구,374,236,Q2,1.8823529411764703,1.1176470588235294,13001.352985294116,-3638.9529852941178,3,2.0,0,0,0,없음,,,-44.14285714285714,0,1.035,1.055,0.5621287687784734,0.3873498368195425,69.6,"접근 가능, 중간 수준",0,0,3,9362.4,4,27676.800000000003,0.75,2.8585059031934015,0,0,0,0,327527.74760901224,3,9362.4,middle
B000003117,인천병방초등학교,계양구,590,377,Q3,2.544117647058824,-0.5441176470588234,37061.58676470589,-34493.28676470588,2,3.0,0,0,0,없음,,,-42.11428571428571,0,1.035,1.055,0.5621287687784734,0.3873498368195425,291.1,접근 가능하나 녹지 부족,0,0,2,2568.3,5,11372.6,0.4,0.47172808944666705,0,0,1,0,544445.0007233178,2,2568.3,low
B000003118,인천양촌초등학교,계양구,158,104,Q1,1.088235294117647,0.911764705882353,5676.2411764705885,418.75882352941153,3,2.0,0,0,0,없음,,,-23.68571428571428,0,1.035,1.055,0.5621287687784734,0.3873498368195425,216.0,"접근 가능, 중간 수준",0,0,2,6095.0,2,6095.0,1.0,2.251162816706742,0,0,0,0,270748.9638140195,2,6095.0,middle
B000003119,인천소양초등학교,계양구,130,86,Q1,1.088235294117647,-0.0882352941176469,5676.2411764705885,-3245.2411764705885,3,2.0,0,0,1,예정만,,,-20.88571428571429,0,1.035,1.055,0.5621287687784734,0.3873498368195425,244.0,"접근 가능, 중간 수준",0,0,1,2431.0,2,6450.0,0.5,0.7706244342959644,0,0,1,0,315458.4635278195,1,2431.0,middle
B000003120,인천당산초등학교,계양구,304,217,Q2,1.8823529411764703,0.1176470588235294,13001.352985294116,-9553.852985294116,3,2.0,0,0,0,없음,,,-117.39999999999998,0,1.035,1.055,0.5621287687784734,0.3873498368195425,433.0,"접근 가능, 중간 수준",0,0,2,3447.5,4,20546.5,0.5,1.5420822801346827,0,0,1,0,223561.35236174957,2,3447.5,middle
B000003121,인천귤현초등학교,계양구,245,163,Q2,1.8823529411764703,2.117647058823529,13001.352985294116,-7771.149985294117,3,2.0,0,0,0,없음,,,-56.42857142857142,0,1.035,1.055,0.5621287687784734,0.3873498368195425,134.7,"접근 가능, 중간 수준",0,0,4,5230.203,7,9844.203,0.5714285714285714,2.099031043145696,0,0,0,0,249172.25579293,4,5230.203,middle
B000003122,인천계양초등학교,계양구,207,134,Q2,1.8823529411764703,1.1176470588235294,13001.352985294116,-3568.1529852941167,3,2.0,0,0,0,없음,,,-41.28571428571429,0,1.035,1.055,0.5621287687784734,0.3873498368195425,161.3,"접근 가능, 중간 수준",0,0,3,9433.2,4,11117.0,0.75,2.3092097168099732,0,0,0,0,408503.39106624614,3,9433.2,middle
B000003123,인천계산초등학교,계양구,275,181,Q2,1.8823529411764703,0.1176470588235294,13001.352985294116,-10344.652985294117,3,2.0,0,0,2,예정만,,,-16.057142857142857,0,1.035,1.055,0.5621287687784734,0.3873498368195425,444.0,"접근 가능, 중간 수준",0,0,2,2656.7,2,2656.7,1.0,0.734891588352155,0,0,0,0,361509.10448670527,2,2656.7,middle
B000003124,인천안산초등학교,계양구,459,294,Q3,2.544117647058824,-2.544117647058824,37061.58676470589,-37061.58676470589,2,3.0,0,0,1,예정만,0.8628228782287822,,-37.400000000000006,0,1.035,1.055,0.5621287687784734,0.3873498368195425,300.0,접근 가능하나 녹지 부족,0,0,1,0.0,1,8339.9,1.0,0.0,0,0,0,0,293145.2760951564,0,0.0,low
B000003125,인천부평초등학교,계양구,600,393,Q3,2.544117647058824,-0.5441176470588234,37061.58676470589,-34692.88676470589,2,3.0,0,0,1,예정만,,,-36.62857142857143,0,1.035,1.055,0.5621287687784734,0.3873498368195425,144.2,접근 가능하나 녹지 부족,0,0,2,2368.7,4,5303.3,0.5,0.45094664188624356,0,0,1,0,525272.7883928963,2,2368.7,low
B000003126,인천부현초등학교,계양구,799,531,Q4,2.485294117647059,-0.4852941176470589,45218.47352941177,-42449.37352941177,2,3.0,0,0,0,없음,,,-43.85714285714286,0,1.035,1.055,0.5621287687784734,0.3873498368195425,327.0,접근 가능하나 녹지 부족,0,0,2,2769.1000000000004,3,14424.1,0.6666666666666666,0.604904657178755,0,0,0,0,457774.6207005488,2,2769.1000000000004,low
B000003127,인천부현동초등학교,계양구,634,435,Q3,2.544117647058824,-0.5441176470588234,37061.58676470589,-17017.48676470588,4,1.0,0,0,0,없음,,,-69.14285714285714,0,1.035,1.055,0.5621287687784734,0.3873498368195425,285.4,접근 양호,0,0,2,20044.100000000002,4,43636.2,0.5,5.423108669203764,0,0,1,0,369605.35409929254,2,20044.100000000002,high
B000003128,인천작전초등학교,계양구,550,347,Q3,2.544117647058824,-1.5441176470588234,37061.58676470589,-25406.586764705884,3,2.0,0,0,0,없음,,,-44.00000000000001,0,1.035,1.055,0.5621287687784734,0.3873498368195425,267.0,"접근 가능, 중간 수준",0,0,1,11655.0,3,14424.1,0.3333333333333333,3.075874460999819,0,0,1,0,378916.63485549146,1,11655.0,middle
B000003129,인천작동초등학교,계양구,828,548,Q4,2.485294117647059,-2.485294117647059,45218.47352941177,-45218.47352941177,2,3.0,0,2,0,진행중포함,,,-25.885714285714283,0,1.035,1.055,0.5621287687784734,0.3873498368195425,437.0,접근 가능하나 녹지 부족,0,0,1,0.0,3,32866.5,0.3333333333333333,0.0,0,0,1,0,436274.4297707944,0,0.0,low
B000003130,인천명현초등학교,계양구,865,492,Q4,2.485294117647059,-1.4852941176470589,45218.47352941177,-40477.47352941177,3,2.0,0,0,3,예정만,,,-34.31428571428571,0,1.035,1.055,0.5621287687784734,0.3873498368195425,343.0,"접근 가능, 중간 수준",0,0,1,4741.0,3,29083.0,0.3333333333333333,1.0484576043527976,0,0,1,0,452188.0503624724,1,4741.0,middle
B000003131,인천효성서초등학교,계양구,198,121,Q2,1.8823529411764703,-1.8823529411764703,13001.352985294116,-13001.352985294116,2,3.0,0,0,1,예정만,,,-47.485714285714295,0,1.035,1.055,0.5621287687784734,0.3873498368195425,478.0,접근 가능하나 녹지 부족,0,0,1,0.0,1,131302.0,1.0,0.0,0,0,0,0,303090.9167619417,0,0.0,low
B000003132,인천계양초등학교상야분교장,계양구,3,2,Q1,1.088235294117647,-0.0882352941176469,5676.2411764705885,-4175.7411764705885,,,0,0,0,없음,,,-0.9142857142857144,0,1.035,1.055,0.5621287687784734,0.3873498368195425,342.8,별도 묶음,0,0,1,1500.5,2,1859.8,0.5,0.6598253786631917,0,1,1,0,227408.652125509,1,1500.5,
B000003133,인천해원초등학교,서구,642,432,Q3,2.544117647058824,-0.5441176470588234,37061.58676470589,-30289.586764705884,3,2.0,0,0,0,없음,,,-4.114285714285712,0,1.019,1.031,1.060812779691576,1.0833372217020765,117.1,"접근 가능, 중간 수준",0,0,2,6772.0,2,6772.0,1.0,1.5148835395567035,0,0,0,0,447031.0636540201,2,6772.0,middle
B000003134,인천경명초등학교,서구,223,149,Q2,1.8823529411764703,-1.8823529411764703,13001.352985294116,-13001.352985294116,2,3.0,0,0,0,없음,,,-88.99999999999999,0,1.019,1.031,1.060812779691576,1.0833372217020765,96.0,접근 가능하나 녹지 부족,0,0,1,0.0,1,1544.8,1.0,0.0,0,0,0,0,135232.72227335218,0,0.0,low
B000003135,인천공촌초등학교,서구,133,89,Q1,1.088235294117647,0.911764705882353,5676.2411764705885,-1274.2411764705885,3,2.0,0,0,0,없음,,,-48.2,0,1.019,1.031,1.060812779691576,1.0833372217020765,248.8,"접근 가능, 중간 수준",0,0,2,4402.0,6,161221.0,0.3333333333333333,1.8141750041424352,0,0,1,0,242644.72776598725,2,4402.0,middle
B000003137,인천간재울초등학교,서구,229,154,Q2,1.8823529411764703,-0.8823529411764706,13001.352985294116,-10606.352985294116,3,2.0,0,0,0,없음,,,-56.400000000000006,0,1.019,1.031,1.060812779691576,1.0833372217020765,303.1,"접근 가능, 중간 수준",0,0,1,2395.0,4,7576.0,0.25,0.7954795745379485,0,0,1,0,301076.2408816251,1,2395.0,middle
B000003138,인천경서초등학교,서구,174,115,Q1,1.088235294117647,0.911764705882353,5676.2411764705885,1256.7588235294115,3,2.0,0,0,0,없음,,,-35.51428571428571,0,1.019,1.031,1.060812779691576,1.0833372217020765,140.0,"접근 가능, 중간 수준",0,0,2,6933.0,4,11950.0,0.5,2.564153640563419,0,0,1,0,270381.61404698895,2,6933.0,middle
B000003139,인천청라초등학교,서구,498,329,Q3,2.544117647058824,-0.5441176470588234,37061.58676470589,3095.713235294119,4,1.0,0,0,0,없음,,,-35.80000000000001,0,1.019,1.031,1.060812779691576,1.0833372217020765,146.0,접근 양호,0,0,2,40157.3,4,57961.5,0.5,11.588968777810802,0,0,1,0,346513.1434031343,2,40157.3,high
B000003140,인천초은초등학교,서구,404,263,Q2,1.8823529411764703,-0.8823529411764706,13001.352985294116,-4037.4529852941178,3,2.0,0,0,0,없음,,,-39.34285714285715,0,1.019,1.031,1.060812779691576,1.0833372217020765,96.3,"접근 가능, 중간 수준",0,0,1,8963.9,1,8963.9,1.0,3.512023433490304,0,0,0,0,255234.62954492687,1,8963.9,middle
B000003141,인천양지초등학교,서구,148,85,Q1,1.088235294117647,1.911764705882353,5676.2411764705885,1610.7588235294115,3,2.0,0,0,0,없음,,,-17.828571428571433,0,1.019,1.031,1.060812779691576,1.0833372217020765,230.3,"접근 가능, 중간 수준",0,0,3,7287.0,5,11392.0,0.6,2.619996317825023,0,0,0,0,278130.1618793597,3,7287.0,middle
B000003142,인천심곡초등학교,서구,205,140,Q2,1.8823529411764703,2.117647058823529,13001.352985294116,-4544.352985294117,3,2.0,0,0,0,없음,,,-29.11428571428572,0,1.019,1.031,1.060812779691576,1.0833372217020765,163.0,"접근 가능, 중간 수준",0,0,4,8457.0,5,159790.0,0.8,2.190864181743681,0,0,0,0,386012.0618371323,4,8457.0,middle
B000003143,인천신석초등학교,서구,301,206,Q2,1.8823529411764703,-1.8823529411764703,13001.352985294116,-13001.352985294116,1,4.0,0,0,1,예정만,,12,-34.542857142857144,0,1.019,1.031,1.060812779691576,1.0833372217020765,664.8,공원 접근 불가,0,0,0,0.0,0,0.0,0.0,0.0,0,0,0,0,272160.2795931535,0,0.0,
B000003144,인천석남초등학교,서구,167,109,Q1,1.088235294117647,-1.088235294117647,5676.2411764705885,-5676.2411764705885,1,4.0,0,1,4,진행중포함,,20,-44.17142857142857,0,1.019,1.031,1.060812779691576,1.0833372217020765,1010.3,공원 접근 불가,0,0,0,0.0,1,10880.0,0.0,0.0,0,0,0,0,250004.72730939314,0,0.0,
B000003145,인천천마초등학교,서구,114,74,Q1,1.088235294117647,-1.088235294117647,5676.2411764705885,-5676.2411764705885,1,4.0,0,0,0,없음,,25,-19.571428571428573,0,1.019,1.031,1.060812779691576,1.0833372217020765,602.7,공원 접근 불가,0,0,0,0.0,1,2290.0,0.0,0.0,0,0,0,0,184510.59515373255,0,0.0,
B000003146,인천봉수초등학교,서구,1087,547,Q4,2.485294117647059,-2.485294117647059,45218.47352941177,-45218.47352941177,2,3.0,0,0,0,없음,,,241.6,0,1.019,1.031,1.060812779691576,1.0833372217020765,65.0,접근 가능하나 녹지 부족,0,0,1,0.0,0,0.0,0.0,0.0,0,0,1,0,385530.2866623172,0,0.0,low
B000003147,인천신현북초등학교,서구,789,524,Q4,2.485294117647059,-2.485294117647059,45218.47352941177,-45218.47352941177,2,3.0,0,0,0,없음,,,-50.91428571428572,0,1.019,1.031,1.060812779691576,1.0833372217020765,212.0,접근 가능하나 녹지 부족,0,0,1,0.0,1,57685.0,1.0,0.0,0,0,0,0,392170.2719990395,0,0.0,low
B000003148,인천가림초등학교,서구,496,303,Q3,2.544117647058824,1.4558823529411766,37061.58676470589,-11353.586764705884,4,1.0,1,0,2,완료포함,,,-32.542857142857144,0,1.019,1.031,1.060812779691576,1.0833372217020765,15.0,접근 양호,0,0,4,25708.0,4,25708.0,1.0,4.949088201251313,0,0,0,0,519449.2188177221,4,25708.0,high
B000003149,인천봉화초등학교,서구,313,181,Q2,1.8823529411764703,-1.8823529411764703,13001.352985294116,-13001.352985294116,1,4.0,0,0,0,없음,,14,-7.142857142857144,0,1.019,1.031,1.060812779691576,1.0833372217020765,608.2,공원 접근 불가,0,0,0,0.0,1,5572.0,0.0,0.0,0,0,0,0,420609.3338891997,0,0.0,
B000003150,인천건지초등학교,서구,382,229,Q2,1.8823529411764703,-0.8823529411764706,13001.352985294116,-5013.352985294117,3,2.0,0,0,3,예정만,,,-20.85714285714286,0,1.019,1.031,1.060812779691576,1.0833372217020765,129.0,"접근 가능, 중간 수준",0,0,1,7988.0,2,13560.0,0.5,1.9303178649041832,0,0,1,0,413817.85586885747,1,7988.0,middle
B000003151,인천능내초등학교,서구,272,181,Q2,1.8823529411764703,-0.8823529411764706,13001.352985294116,-182.3529852941174,4,1.0,0,0,0,없음,,,-48.42857142857142,0,1.019,1.031,1.060812779691576,1.0833372217020765,204.8,접근 양호,0,0,1,12819.0,2,90159.0,0.5,4.701971309782135,0,0,1,0,272630.33216155384,1,12819.0,high
B000003152,인천검단초등학교,서구,145,90,Q1,1.088235294117647,-0.0882352941176469,5676.2411764705885,1769.7588235294115,3,2.0,0,0,0,없음,,,-29.42857142857144,0,1.019,1.031,1.060812779691576,1.0833372217020765,90.0,"접근 가능, 중간 수준",0,0,1,7446.0,1,7446.0,1.0,3.2645221731897287,0,0,0,0,228088.5105070245,1,7446.0,middle
B000003153,인천완정초등학교,서구,603,417,Q3,2.544117647058824,-1.5441176470588234,37061.58676470589,40278.41323529412,4,1.0,0,0,0,없음,,,-51.400000000000006,0,1.019,1.031,1.060812779691576,1.0833372217020765,453.0,접근 양호,0,0,1,77340.0,2,190340.0,0.5,20.369206595638918,0,0,1,0,379690.7829319117,1,77340.0,high
B000003154,인천불로초등학교,서구,449,305,Q3,2.544117647058824,0.4558823529411766,37061.58676470589,-32749.586764705884,3,2.0,0,0,0,없음,,,-28.028571428571432,0,1.019,1.031,1.060812779691576,1.0833372217020765,65.0,"접근 가능, 중간 수준",0,0,3,4312.0,6,8971.0,0.5,1.5910930962433185,0,0,1,0,271008.655004596,3,4312.0,middle
B000003155,인천목향초등학교,서구,177,119,Q1,1.088235294117647,-1.088235294117647,5676.2411764705885,-5676.2411764705885,2,3.0,0,0,0,없음,,,-48.25714285714286,0,1.019,1.031,1.060812779691576,1.0833372217020765,235.0,접근 가능하나 녹지 부족,0,0,1,0.0,0,0.0,0.0,0.0,0,0,1,0,126786.32791786043,0,0.0,low
B000003156,인천왕길초등학교,서구,382,243,Q2,1.8823529411764703,1.1176470588235294,13001.352985294116,4941.647014705883,4,1.0,0,0,0,없음,,,-50.6857142857143,0,1.019,1.031,1.060812779691576,1.0833372217020765,0.0,접근 양호,0,0,3,17943.0,3,17943.0,1.0,4.243405255046049,0,0,0,0,422844.36488037684,3,17943.0,high
B000003157,인천단봉초등학교,서구,146,93,Q1,1.088235294117647,1.911764705882353,5676.2411764705885,1465.7588235294115,3,2.0,0,0,0,없음,,,-29.057142857142857,0,1.019,1.031,1.060812779691576,1.0833372217020765,106.1,"접근 가능, 중간 수준",0,0,3,7142.0,4,18017.0,0.75,2.4467917952972575,0,0,0,0,291892.4288420024,3,7142.0,middle
B000003158,인천원당초등학교,서구,61,42,Q1,1.088235294117647,-1.088235294117647,5676.2411764705885,-5676.2411764705885,2,3.0,0,0,0,없음,,,-31.942857142857147,0,1.019,1.031,1.060812779691576,1.0833372217020765,320.0,접근 가능하나 녹지 부족,0,0,1,0.0,1,18321.0,1.0,0.0,0,0,0,0,117876.27447826767,0,0.0,low
B000003159,인천발산초등학교,서구,580,332,Q3,2.544117647058824,-0.5441176470588234,37061.58676470589,-2054.086764705884,4,1.0,0,0,0,없음,,,-35.02857142857144,0,1.019,1.031,1.060812779691576,1.0833372217020765,203.0,접근 양호,0,0,2,35007.5,3,45234.5,0.6666666666666666,11.539882468979677,0,0,0,0,303360.9752447961,2,35007.5,high
B000003160,인천창신초등학교,서구,224,139,Q2,1.8823529411764703,-0.8823529411764706,13001.352985294116,-10051.352985294116,3,2.0,0,0,0,없음,,,4.457142857142854,0,1.019,1.031,1.060812779691576,1.0833372217020765,290.8,"접근 가능, 중간 수준",0,0,1,2950.0,3,24292.0,0.3333333333333333,1.2076578647317875,0,0,1,0,244274.4825460293,1,2950.0,middle
B000003161,인천금곡초등학교,서구,283,180,Q2,1.8823529411764703,-0.8823529411764706,13001.352985294116,-9692.352985294116,3,2.0,0,0,0,없음,,,-13.2,0,1.019,1.031,1.060812779691576,1.0833372217020765,325.0,"접근 가능, 중간 수준",0,0,1,3309.0,2,7063.0,0.5,1.1034361380298576,0,0,1,0,299881.4236688034,1,3309.0,middle
B000003162,인천가석초등학교,서구,171,113,Q1,1.088235294117647,-1.088235294117647,5676.2411764705885,-5676.2411764705885,1,4.0,0,0,0,없음,,19,-27.6,0,1.019,1.031,1.060812779691576,1.0833372217020765,1323.0,공원 접근 불가,0,0,0,0.0,0,0.0,0.0,0.0,0,0,0,0,217230.08663081515,0,0.0,
B000003163,인천가좌초등학교,서구,507,307,Q3,2.544117647058824,2.4558823529411766,37061.58676470589,-17421.586764705884,3,2.0,0,0,3,예정만,,,-48.14285714285716,0,1.019,1.031,1.060812779691576,1.0833372217020765,192.3,"접근 가능, 중간 수준",0,0,4,19640.0,5,23918.0,0.8,3.5949218717811364,1,0,0,0,546326.198468096,4,19640.0,middle
B000003164,인천가정초등학교,서구,198,120,Q2,1.8823529411764703,-1.8823529411764703,13001.352985294116,-13001.352985294116,1,4.0,0,0,0,없음,,13,-16.42857142857143,0,1.019,1.031,1.060812779691576,1.0833372217020765,663.1,공원 접근 불가,0,0,0,0.0,2,29677.8,0.0,0.0,0,0,0,0,252785.65075813528,0,0.0,
B000003165,인천당하초등학교,서구,516,319,Q3,2.544117647058824,-0.5441176470588234,37061.58676470589,-32441.586764705884,3,2.0,0,0,0,없음,,,-90.88571428571429,0,1.019,1.031,1.060812779691576,1.0833372217020765,169.4,"접근 가능, 중간 수준",0,0,2,4620.0,3,33381.0,0.6666666666666666,1.272630121930054,0,0,0,0,363027.7109104858,2,4620.0,middle
B000003166,인천마전초등학교,서구,504,355,Q3,2.544117647058824,-0.5441176470588234,37061.58676470589,-31072.586764705884,3,2.0,0,0,0,없음,,,-57.8857142857143,0,1.019,1.031,1.060812779691576,1.0833372217020765,384.0,"접근 가능, 중간 수준",0,0,2,5989.0,3,7792.0,0.6666666666666666,2.440152206370318,0,0,0,0,245435.50948850557,2,5989.0,middle
B000003167,인천석남서초등학교,서구,413,247,Q2,1.8823529411764703,-1.8823529411764703,13001.352985294116,-13001.352985294116,2,3.0,0,0,2,예정만,,,-47.40000000000002,0,1.019,1.031,1.060812779691576,1.0833372217020765,270.0,접근 가능하나 녹지 부족,0,0,1,0.0,0,0.0,0.0,0.0,0,0,1,0,534663.3629890571,0,0.0,low
B000003168,인천가현초등학교,서구,1431,889,Q4,2.485294117647059,-1.4852941176470589,45218.47352941177,-45218.47352941177,2,3.0,0,0,0,없음,,,237.7714285714285,0,1.019,1.031,1.060812779691576,1.0833372217020765,240.0,접근 가능하나 녹지 부족,0,0,1,0.0,0,0.0,0.0,0.0,1,0,1,0,305475.81219541264,1,0.0,low
B000003169,인천신현초등학교,서구,740,518,Q4,2.485294117647059,-2.485294117647059,45218.47352941177,-45218.47352941177,1,4.0,0,1,2,진행중포함,0.8747232472324722,5,-41.08571428571428,0,1.019,1.031,1.060812779691576,1.0833372217020765,602.1,공원 접근 불가,0,0,0,0.0,0,0.0,0.0,0.0,0,0,0,0,554498.479656894,0,0.0,
B000003170,인천서곶초등학교,서구,151,100,Q1,1.088235294117647,1.911764705882353,5676.2411764705885,3030.7588235294115,3,2.0,0,0,0,없음,,,-46.57142857142858,0,1.019,1.031,1.060812779691576,1.0833372217020765,45.0,"접근 가능, 중간 수준",0,0,3,8707.0,5,35168.0,0.6,2.5655165624708287,0,0,0,0,339385.84249927267,3,8707.0,middle
B000003171,인천검암초등학교,서구,309,193,Q2,1.8823529411764703,2.117647058823529,13001.352985294116,11221.647014705884,4,1.0,0,0,0,없음,,,-15.82857142857143,0,1.019,1.031,1.060812779691576,1.0833372217020765,150.6,접근 양호,0,0,4,24223.0,4,24223.0,1.0,6.810545640615054,0,0,0,0,355669.0062473826,4,24223.0,high
B000003172,인천은지초등학교,서구,191,121,Q2,1.8823529411764703,0.1176470588235294,13001.352985294116,-7953.352985294117,3,2.0,0,0,0,없음,,,-53.37142857142858,0,1.019,1.031,1.060812779691576,1.0833372217020765,316.8,"접근 가능, 중간 수준",0,0,2,5048.0,2,5048.0,1.0,1.5031123366815158,0,0,0,0,335836.50914240256,2,5048.0,middle
B000003173,길상초등학교,강화군,16,10,Q1,1.088235294117647,-1.088235294117647,5676.2411764705885,-5676.2411764705885,,,1,0,0,완료포함,,,-16.914285714285715,0,0.88,0.84,0.7235993022063265,0.6106308188765137,4242.4,별도 묶음,0,0,0,0.0,0,0.0,0.0,0.0,0,1,0,0,331742.5754310167,0,0.0,
B000003174,양도초등학교,강화군,3,2,Q1,1.088235294117647,-1.088235294117647,5676.2411764705885,-5676.2411764705885,,,0,0,0,없음,,,-1.4285714285714286,0,0.88,0.84,0.7235993022063265,0.6106308188765137,4242.4,별도 묶음,0,0,0,0.0,0,0.0,0.0,0.0,0,1,0,0,259377.00405767575,0,0.0,
B000003175,조산초등학교,강화군,7,5,Q1,1.088235294117647,-1.088235294117647,5676.2411764705885,-5676.2411764705885,,,0,0,0,없음,,,-0.5142857142857143,0,0.88,0.84,0.7235993022063265,0.6106308188765137,4242.4,별도 묶음,0,0,0,0.0,0,0.0,0.0,0.0,0,1,0,0,216893.9042874533,0,0.0,
B000003176,화도초등학교,강화군,4,2,Q1,1.088235294117647,-1.088235294117647,5676.2411764705885,-5676.2411764705885,,,0,0,0,없음,,,-12.74285714285714,0,0.88,0.84,0.7235993022063265,0.6106308188765137,385.5,별도 묶음,0,0,0,0.0,0,0.0,0.0,0.0,0,1,0,0,311366.1304261929,0,0.0,
B000003177,대월초등학교,강화군,3,2,Q1,1.088235294117647,-1.088235294117647,5676.2411764705885,-5676.2411764705885,,,0,0,0,없음,,,-0.8285714285714285,0,0.88,0.84,0.7235993022063265,0.6106308188765137,4687.0,별도 묶음,0,0,0,0.0,0,0.0,0.0,0.0,0,1,0,0,82672.98544680551,0,0.0,
B000003178,갑룡초등학교,강화군,78,50,Q1,1.088235294117647,-1.088235294117647,5676.2411764705885,-5676.2411764705885,,,0,0,0,없음,,,-10.2,0,0.88,0.84,0.7235993022063265,0.6106308188765137,285.0,별도 묶음,0,0,1,0.0,1,18605.0,1.0,0.0,0,1,0,0,270951.20234719187,0,0.0,
B000003179,강화초등학교,강화군,91,59,Q1,1.088235294117647,-0.0882352941176469,5676.2411764705885,-5365.2411764705885,,,0,0,0,없음,,,-31.31428571428572,0,0.88,0.84,0.7235993022063265,0.6106308188765137,0.0,별도 묶음,0,0,1,311.0,1,311.0,1.0,0.0944065587421658,0,1,0,0,329426.26459817647,1,311.0,
B000003180,합일초등학교,강화군,135,86,Q1,1.088235294117647,-0.0882352941176469,5676.2411764705885,97563.7588235294,,,0,0,0,없음,,,-9.6,0,0.88,0.84,0.7235993022063265,0.6106308188765137,0.0,별도 묶음,0,0,1,103240.0,1,103240.0,1.0,20.73158650273355,0,1,0,0,497984.07848037756,1,103240.0,
B000003181,송해초등학교,강화군,4,2,Q1,1.088235294117647,-1.088235294117647,5676.2411764705885,-5676.2411764705885,,,0,0,0,없음,,,-1.7428571428571429,0,0.88,0.84,0.7235993022063265,0.6106308188765137,0.0,별도 묶음,0,0,0,0.0,0,0.0,0.0,0.0,0,1,0,0,318664.7600537246,0,0.0,
B000003182,선원초등학교,강화군,13,8,Q1,1.088235294117647,-1.088235294117647,5676.2411764705885,-5676.2411764705885,,,0,0,0,없음,,,-6.542857142857143,0,0.88,0.84,0.7235993022063265,0.6106308188765137,3971.9,별도 묶음,0,0,0,0.0,0,0.0,0.0,0.0,0,1,0,0,228250.8173769914,0,0.0,
B000003183,불은초등학교,강화군,3,2,Q1,1.088235294117647,-1.088235294117647,5676.2411764705885,-5676.2411764705885,,,0,0,0,없음,,,-6.2285714285714295,0,0.88,0.84,0.7235993022063265,0.6106308188765137,4242.4,별도 묶음,0,0,0,0.0,0,0.0,0.0,0.0,0,1,0,0,230717.10252872904,0,0.0,
B000003184,삼성초등학교,강화군,3,2,Q1,1.088235294117647,-1.088235294117647,5676.2411764705885,-5676.2411764705885,,,0,0,0,없음,,,-5.2285714285714295,0,0.88,0.84,0.7235993022063265,0.6106308188765137,4242.4,별도 묶음,0,0,0,0.0,0,0.0,0.0,0.0,0,1,0,0,230171.37095464327,0,0.0,
B000003185,하점초등학교,강화군,3,2,Q1,1.088235294117647,-1.088235294117647,5676.2411764705885,-5676.2411764705885,,,0,0,0,없음,,,-3.1142857142857148,0,0.88,0.84,0.7235993022063265,0.6106308188765137,4242.4,별도 묶음,0,0,0,0.0,0,0.0,0.0,0.0,0,1,0,0,296505.45406079746,0,0.0,
B000003186,명신초등학교,강화군,3,2,Q1,1.088235294117647,-1.088235294117647,5676.2411764705885,-5676.2411764705885,,,0,0,0,없음,,,-0.857142857142857,0,0.88,0.84,0.7235993022063265,0.6106308188765137,4242.4,별도 묶음,0,0,0,0.0,0,0.0,0.0,0.0,0,1,0,0,257825.0739876918,0,0.0,
B000003187,양사초등학교,강화군,3,1,Q1,1.088235294117647,-1.088235294117647,5676.2411764705885,-5676.2411764705885,,,0,0,0,없음,,,-4.0,0,0.88,0.84,0.7235993022063265,0.6106308188765137,0.0,별도 묶음,0,0,0,0.0,0,0.0,0.0,0.0,0,1,0,0,285278.4618787089,0,0.0,
B000003188,내가초등학교,강화군,2,2,Q1,1.088235294117647,-1.088235294117647,5676.2411764705885,-5676.2411764705885,,,0,0,0,없음,,,3.171428571428572,0,0.88,0.84,0.7235993022063265,0.6106308188765137,4242.4,별도 묶음,0,0,0,0.0,0,0.0,0.0,0.0,0,1,0,0,185207.4827754465,0,0.0,
B000003189,해명초등학교,강화군,0,0,Q1,1.088235294117647,-1.088235294117647,5676.2411764705885,-5676.2411764705885,,,0,0,0,없음,,,-3.0285714285714285,0,0.88,0.84,0.7235993022063265,0.6106308188765137,385.5,별도 묶음,0,0,0,0.0,0,0.0,0.0,0.0,0,1,0,0,284047.7733910483,0,0.0,
B000003190,삼산초등학교,강화군,3,1,Q1,1.088235294117647,-1.088235294117647,5676.2411764705885,-5676.2411764705885,,,0,0,0,없음,,,-0.2571428571428572,0,0.88,0.84,0.7235993022063265,0.6106308188765137,10012.9,별도 묶음,0,1,0,0.0,0,0.0,0.0,0.0,0,1,0,0,399716.3700881803,0,0.0,
B000003192,교동초등학교,강화군,5,2,Q1,1.088235294117647,-1.088235294117647,5676.2411764705885,-5676.2411764705885,,,0,0,0,없음,,,-5.828571428571429,0,0.88,0.84,0.7235993022063265,0.6106308188765137,4242.4,별도 묶음,0,0,0,0.0,0,0.0,0.0,0.0,0,1,0,0,384831.7845290033,0,0.0,
B000003194,서도초등학교,강화군,0,0,Q1,1.088235294117647,-1.088235294117647,5676.2411764705885,-5676.2411764705885,,,0,0,0,없음,,,0.0857142857142857,0,0.88,0.84,0.7235993022063265,0.6106308188765137,16196.8,별도 묶음,0,1,0,0.0,0,0.0,0.0,0.0,0,1,0,0,73023.85918785716,0,0.0,
B000022832,인천한빛초등학교,남동구,421,292,Q2,1.8823529411764703,1.1176470588235294,13001.352985294116,32313.647014705883,4,1.0,0,0,0,없음,,,-55.57142857142858,0,1.093,1.145,0.4707510503206492,0.2571381390250187,116.7,접근 양호,0,0,3,45315.0,6,135104.0,0.5,26.45745110964931,0,0,1,0,171275.002312952,3,45315.0,high
B000022834,인천청람초등학교,서구,783,561,Q4,2.485294117647059,0.5147058823529411,45218.47352941177,48379.52647058823,4,1.0,0,0,0,없음,,,-45.42857142857143,0,1.019,1.031,1.060812779691576,1.0833372217020765,305.4,접근 양호,0,0,3,93598.0,3,93598.0,1.0,21.369948627232073,0,0,0,0,437988.8863220127,3,93598.0,high
B000022839,인천청일초등학교,서구,680,452,Q4,2.485294117647059,-1.4852941176470589,45218.47352941177,645355.4264705882,4,1.0,0,0,0,없음,0.8820110701107011,,-43.34285714285716,0,1.019,1.031,1.060812779691576,1.0833372217020765,140.0,접근 양호,0,0,1,690573.9,1,690573.9,1.0,195.2008052328005,0,0,0,0,353776.15331883874,1,690573.9,high
B000024924,인천하늘초등학교,중구,465,247,Q3,2.544117647058824,-0.5441176470588234,37061.58676470589,-37061.58676470589,2,3.0,0,0,0,없음,,,89.11428571428573,0,0.946,0.917,1.0988462025271857,1.138599925583395,124.0,접근 가능하나 녹지 부족,0,0,1,0.0,2,383518.5,0.5,0.0,2,0,1,0,215838.50843687708,0,0.0,low
B000025189,인천송명초등학교,연수구,314,196,Q2,1.8823529411764703,-1.8823529411764703,13001.352985294116,-13001.352985294116,2,3.0,0,0,0,없음,,,-49.85714285714286,0,1.031,1.049,0.9596005116197016,0.9425899037517764,95.0,접근 가능하나 녹지 부족,0,0,1,0.0,4,301269.3,0.25,0.0,0,0,1,0,143559.94303260176,0,0.0,low
B000025193,인천만월초등학교,남동구,540,375,Q3,2.544117647058824,-0.5441176470588234,37061.58676470589,-16487.586764705884,4,1.0,0,0,0,없음,,,-78.85714285714285,0,1.093,1.145,0.4707510503206492,0.2571381390250187,310.1,접근 양호,0,0,2,20574.0,2,20574.0,1.0,8.318339257547429,0,0,0,0,247333.02361204752,2,20574.0,high
B000025196,인천장서초등학교,남동구,462,325,Q3,2.544117647058824,-1.5441176470588234,37061.58676470589,-34436.586764705884,3,2.0,0,0,0,없음,,,25.800000000000008,0,1.093,1.145,0.4707510503206492,0.2571381390250187,0.0,"접근 가능, 중간 수준",0,0,1,2625.0,5,84443.0,0.2,1.4406506073695913,0,0,1,0,182209.34254092674,1,2625.0,middle
B000025202,인천장아초등학교,남동구,550,382,Q3,2.544117647058824,-0.5441176470588234,37061.58676470589,298537.4132352941,4,1.0,0,0,0,없음,,,5.114285714285724,0,1.093,1.145,0.4707510503206492,0.2571381390250187,0.0,접근 양호,0,0,2,335599.0,3,344292.0,0.6666666666666666,177.1798596080946,0,0,0,0,189411.48319132536,2,335599.0,high
B000025206,인천새봄초등학교,연수구,86,48,Q1,1.088235294117647,-1.088235294117647,5676.2411764705885,-5676.2411764705885,2,3.0,0,0,0,없음,,,21.0,0,1.031,1.049,0.9596005116197016,0.9425899037517764,120.0,접근 가능하나 녹지 부족,0,0,1,0.0,0,0.0,0.0,0.0,0,0,1,0,110709.79430267199,0,0.0,low
B000025210,인천연송초등학교,연수구,588,416,Q3,2.544117647058824,-1.5441176470588234,37061.58676470589,-35561.486764705885,2,3.0,0,0,0,없음,,,34.82857142857143,0,1.031,1.049,0.9596005116197016,0.9425899037517764,219.8,접근 가능하나 녹지 부족,0,0,1,1500.1,2,3500.0,0.5,0.4825482438556142,0,0,1,0,310870.47131578677,1,1500.1,low
B000025222,인천현송초등학교,연수구,199,120,Q2,1.8823529411764703,-1.8823529411764703,13001.352985294116,-13001.352985294116,2,3.0,0,0,0,없음,,,109.0,0,1.031,1.049,0.9596005116197016,0.9425899037517764,122.0,접근 가능하나 녹지 부족,0,0,1,0.0,1,60158.0,1.0,0.0,0,0,0,0,187486.55635532786,0,0.0,low
B000025225,인천송빛초등학교,연수구,113,67,Q1,1.088235294117647,-1.088235294117647,5676.2411764705885,-5676.2411764705885,1,4.0,0,0,0,없음,,23,,1,1.031,1.049,0.9596005116197016,0.9425899037517764,716.0,공원 접근 불가,0,0,0,0.0,0,0.0,0.0,0.0,0,0,0,0,145564.39388138626,0,0.0,
B000025226,인천송일초등학교,연수구,653,420,Q4,2.485294117647059,-1.4852941176470589,45218.47352941177,-43718.773529411774,2,3.0,0,0,0,없음,,,-15.228571428571426,0,1.031,1.049,0.9596005116197016,0.9425899037517764,114.0,접근 가능하나 녹지 부족,0,0,1,1499.7,1,1499.7,1.0,0.4048976960028072,0,0,0,0,370389.85768632346,1,1499.7,low
B000025228,인천예송초등학교,연수구,616,397,Q3,2.544117647058824,-1.5441176470588234,37061.58676470589,-35561.28676470588,2,3.0,0,0,0,없음,,,87.3142857142857,0,1.031,1.049,0.9596005116197016,0.9425899037517764,0.0,접근 가능하나 녹지 부족,0,0,1,1500.3,1,1500.3,1.0,0.43833737472473383,0,0,0,0,342270.6085562873,1,1500.3,low
B000025236,인천첨단초등학교,연수구,311,194,Q2,1.8823529411764703,-1.8823529411764703,13001.352985294116,-13001.352985294116,2,3.0,0,0,0,없음,,,-29.771428571428576,0,1.031,1.049,0.9596005116197016,0.9425899037517764,100.0,접근 가능하나 녹지 부족,0,0,1,0.0,2,19489.4,0.5,0.0,0,0,1,0,146451.04625139135,0,0.0,low
B000025246,인천미송초등학교,연수구,613,372,Q3,2.544117647058824,-2.544117647058824,37061.58676470589,-37061.58676470589,2,3.0,0,0,0,없음,,,124.82857142857148,0,1.031,1.049,0.9596005116197016,0.9425899037517764,489.0,접근 가능하나 녹지 부족,0,0,1,0.0,1,77873.0,1.0,0.0,0,0,0,0,182104.75127933783,0,0.0,low
B000025248,인천은송초등학교,연수구,369,209,Q2,1.8823529411764703,-1.8823529411764703,13001.352985294116,-13001.352985294116,1,4.0,0,0,0,없음,0.0,11,229.82857142857148,0,1.031,1.049,0.9596005116197016,0.9425899037517764,1575.0,공원 접근 불가,0,0,0,0.0,0,0.0,0.0,0.0,0,0,0,0,130777.51551867825,0,0.0,
B000025256,인천송원초등학교,연수구,298,194,Q2,1.8823529411764703,-0.8823529411764706,13001.352985294116,70540.14701470589,4,1.0,0,0,0,없음,,,-54.400000000000006,0,1.031,1.049,0.9596005116197016,0.9425899037517764,219.0,접근 양호,0,0,1,83541.5,1,83541.5,1.0,21.918278098839707,0,0,0,0,381149.92255902826,1,83541.5,high
B000025512,인천용학초등학교,미추홀구,146,82,Q1,1.088235294117647,-0.0882352941176469,5676.2411764705885,-1098.3411764705888,4,1.0,0,0,0,없음,,,-4.942857142857145,0,1.1,1.157,0.90451993467452,0.8662626373940179,0.0,접근 양호,0,0,1,4577.9,5,71232.7,0.2,6.098422939316764,0,0,1,0,75066.94838244334,1,4577.9,high
B000025677,인천주안초등학교,미추홀구,702,415,Q4,2.485294117647059,-1.4852941176470589,45218.47352941177,-36433.17352941177,3,2.0,0,0,0,없음,,,41.74285714285715,0,1.1,1.157,0.90451993467452,0.8662626373940179,64.8,"접근 가능, 중간 수준",0,0,1,8785.3,2,12024.1,0.5,1.9734070765913598,0,0,1,0,445184.37702041346,1,8785.3,middle
B000025690,인천별빛초등학교,중구,642,373,Q3,2.544117647058824,2.4558823529411766,37061.58676470589,-37061.58676470589,1,4.0,0,0,0,없음,,9,207.8,0,0.946,0.917,1.0988462025271857,1.138599925583395,544.0,공원 접근 불가,0,0,0,0.0,2,37068.0,0.0,0.0,5,0,0,0,285365.8497444564,0,0.0,
B000025751,인천경연초등학교,서구,334,192,Q2,1.8823529411764703,3.117647058823529,13001.352985294116,-320.9529852941177,4,1.0,0,0,0,없음,,,114.85714285714286,0,1.019,1.031,1.060812779691576,1.0833372217020765,153.7,접근 양호,0,0,4,12680.4,5,56010.1,0.8,4.059056236872076,1,0,0,0,312397.74124862987,4,12680.4,high
B000025752,인천도담초등학교,서구,826,548,Q4,2.485294117647059,-1.4852941176470589,45218.47352941177,-31002.27352941177,3,2.0,0,0,0,없음,,,-59.22857142857144,0,1.019,1.031,1.060812779691576,1.0833372217020765,215.1,"접근 가능, 중간 수준",0,0,1,14216.2,1,14216.2,1.0,3.5813958122639535,0,0,0,0,396945.79279170296,1,14216.2,middle
B000025756,인천청호초등학교,서구,708,502,Q4,2.485294117647059,0.5147058823529411,45218.47352941177,48379.52647058823,4,1.0,0,0,0,없음,,,47.2,0,1.019,1.031,1.060812779691576,1.0833372217020765,156.0,접근 양호,0,0,3,93598.0,3,93598.0,1.0,23.624856214233546,0,0,0,0,396184.42182775657,3,93598.0,high
B000026155,인천한들초등학교,서구,76,38,Q1,1.088235294117647,-1.088235294117647,5676.2411764705885,-5676.2411764705885,2,3.0,0,0,0,없음,,,,1,1.019,1.031,1.060812779691576,1.0833372217020765,91.0,접근 가능하나 녹지 부족,0,0,1,0.0,0,0.0,0.0,0.0,0,0,1,0,180623.6641959464,0,0.0,low
B000026332,인천백석초등학교,서구,349,229,Q2,1.8823529411764703,0.1176470588235294,13001.352985294116,-4570.352985294117,3,2.0,0,0,0,없음,,,-44.00000000000001,0,1.019,1.031,1.060812779691576,1.0833372217020765,159.3,"접근 가능, 중간 수준",0,0,2,8431.0,4,38861.0,0.5,3.0762053456986065,0,0,1,0,274071.43062763644,2,8431.0,middle
B000026333,인천가원초등학교,서구,1045,653,Q4,2.485294117647059,-2.485294117647059,45218.47352941177,-45218.47352941177,2,3.0,0,0,0,없음,0.6607933579335792,,25.171428571428585,0,1.019,1.031,1.060812779691576,1.0833372217020765,98.0,접근 가능하나 녹지 부족,0,0,1,0.0,0,0.0,0.0,0.0,0,0,1,0,372447.4217754167,0,0.0,low
B000026466,인천아라초등학교,서구,243,135,Q2,1.8823529411764703,-1.8823529411764703,13001.352985294116,-13001.352985294116,2,3.0,0,0,0,없음,,,,1,1.019,1.031,1.060812779691576,1.0833372217020765,166.0,접근 가능하나 녹지 부족,0,0,1,0.0,2,56458.7,0.5,0.0,0,0,1,0,99570.25029576861,0,0.0,low
B000026467,인천해든초등학교,서구,605,302,Q3,2.544117647058824,-2.544117647058824,37061.58676470589,-37061.58676470589,2,3.0,0,0,0,없음,,,233.3999999999999,0,1.019,1.031,1.060812779691576,1.0833372217020765,175.0,접근 가능하나 녹지 부족,0,0,1,0.0,5,114365.7,0.2,0.0,0,0,1,0,180931.13957419567,0,0.0,low
B000026468,인천아람초등학교,서구,392,190,Q2,1.8823529411764703,-0.8823529411764706,13001.352985294116,-10718.152985294117,3,2.0,0,0,0,없음,,,,1,1.019,1.031,1.060812779691576,1.0833372217020765,78.9,"접근 가능, 중간 수준",0,0,1,2283.2,5,74504.4,0.2,1.7979338370153597,0,0,1,0,126990.21248691782,1,2283.2,middle
B000026469,인천한별초등학교,서구,463,277,Q3,2.544117647058824,-2.544117647058824,37061.58676470589,-37061.58676470589,2,3.0,0,0,0,없음,,,46.3,0,1.019,1.031,1.060812779691576,1.0833372217020765,213.0,접근 가능하나 녹지 부족,0,0,1,0.0,4,133304.1,0.25,0.0,0,0,1,0,109588.37033555855,0,0.0,low
B000026470,인천이음초등학교,서구,988,591,Q4,2.485294117647059,-2.485294117647059,45218.47352941177,-45218.47352941177,2,3.0,0,0,0,없음,0.2851937269372695,,,1,1.019,1.031,1.060812779691576,1.0833372217020765,190.0,접근 가능하나 녹지 부족,0,0,1,0.0,2,30752.7,0.5,0.0,0,0,1,0,230172.35885496307,0,0.0,low
B000026471,인천신검단초등학교,서구,46,28,Q1,1.088235294117647,-1.088235294117647,5676.2411764705885,-5676.2411764705885,2,3.0,0,0,0,없음,,,,1,1.019,1.031,1.060812779691576,1.0833372217020765,95.0,접근 가능하나 녹지 부족,0,0,1,0.0,0,0.0,0.0,0.0,0,0,1,0,161457.50752408776,0,0.0,low
B000026504,인천송담초등학교,연수구,446,270,Q3,2.544117647058824,-2.544117647058824,37061.58676470589,-37061.58676470589,1,4.0,0,0,0,없음,,7,16.200000000000014,0,1.031,1.049,0.9596005116197016,0.9425899037517764,746.1,공원 접근 불가,0,0,0,0.0,1,77873.0,0.0,0.0,0,0,0,0,201208.21124882455,0,0.0,
B000027505,인천중산초등학교,중구,496,323,Q3,2.544117647058824,3.4558823529411766,37061.58676470589,675489.4132352942,4,1.0,0,0,0,없음,,,8.485714285714291,0,0.946,0.917,1.0988462025271857,1.138599925583395,55.7,접근 양호,0,0,4,712551.0,6,737932.0,0.6666666666666666,290.9145906521911,2,0,0,0,244934.77566819772,4,712551.0,high
