학교ID,학교명,연도,학생수
B000003178,갑룡초등학교,2020,554
B000003178,갑룡초등학교,2021,556
B000003178,갑룡초등학교,2022,536
B000003178,갑룡초등학교,2023,551
B000003178,갑룡초등학교,2024,547
B000003178,갑룡초등학교,2025,485
B000003179,강화초등학교,2020,367
B000003179,강화초등학교,2021,342
B000003179,강화초등학교,2022,308
B000003179,강화초등학교,2023,281
B000003179,강화초등학교,2024,249
B000003179,강화초등학교,2025,209
B000003106,경인교육대학교부설초등학교,2020,570
B000003106,경인교육대학교부설초등학교,2021,579
B000003106,경인교육대학교부설초등학교,2022,571
B000003106,경인교육대학교부설초등학교,2023,572
B000003106,경인교육대학교부설초등학교,2024,573
B000003106,경인교육대학교부설초등학교,2025,560
B000003192,교동초등학교,2020,47
B000003192,교동초등학교,2021,44
B000003192,교동초등학교,2022,34
B000003192,교동초등학교,2023,32
B000003192,교동초등학교,2024,25
B000003192,교동초등학교,2025,18
B000003173,길상초등학교,2020,219
B000003173,길상초등학교,2021,212
B000003173,길상초등학교,2022,214
B000003173,길상초등학교,2023,185
B000003173,길상초등학교,2024,156
B000003173,길상초등학교,2025,140
B000003188,내가초등학교,2020,40
B000003188,내가초등학교,2021,39
B000003188,내가초등학교,2022,37
B000003188,내가초등학교,2023,39
B000003188,내가초등학교,2024,47
B000003188,내가초등학교,2025,57
B000003177,대월초등학교,2020,114
B000003177,대월초등학교,2021,115
B000003177,대월초등학교,2022,117
B000003177,대월초등학교,2023,111
B000003177,대월초등학교,2024,119
B000003177,대월초등학교,2025,107
B000002994,대청초등학교,2020,38
B000002994,대청초등학교,2021,33
B000002994,대청초등학교,2022,26
B000002994,대청초등학교,2023,22
B000002994,대청초등학교,2024,18
B000002994,대청초등학교,2025,16
B000002996,덕적초등학교,2020,28
B000002996,덕적초등학교,2021,33
B000002996,덕적초등학교,2022,26
B000002996,덕적초등학교,2023,22
B000002996,덕적초등학교,2024,16
B000002996,덕적초등학교,2025,17
B000003186,명신초등학교,2020,46
B000003186,명신초등학교,2021,53
B000003186,명신초등학교,2022,60
B000003186,명신초등학교,2023,56
B000003186,명신초등학교,2024,46
B000003186,명신초등학교,2025,45
B000002998,백령초등학교,2020,67
B000002998,백령초등학교,2021,66
B000002998,백령초등학교,2022,69
B000002998,백령초등학교,2023,59
B000002998,백령초등학교,2024,44
B000002998,백령초등학교,2025,41
B000002997,북포초등학교,2020,110
B000002997,북포초등학교,2021,118
B000002997,북포초등학교,2022,131
B000002997,북포초등학교,2023,108
B000002997,북포초등학교,2024,94
B000002997,북포초등학교,2025,65
B000003183,불은초등학교,2020,84
B000003183,불은초등학교,2021,86
B000003183,불은초등학교,2022,83
B000003183,불은초등학교,2023,81
B000003183,불은초등학교,2024,69
B000003183,불은초등학교,2025,51
B000003190,삼산초등학교,2020,14
B000003190,삼산초등학교,2021,12
B000003190,삼산초등학교,2022,17
B000003190,삼산초등학교,2023,11
B000003190,삼산초등학교,2024,11
B000003190,삼산초등학교,2025,14
B000003184,삼성초등학교,2020,45
B000003184,삼성초등학교,2021,40
B000003184,삼성초등학교,2022,34
B000003184,삼성초등학교,2023,27
B000003184,삼성초등학교,2024,18
B000003184,삼성초등학교,2025,23
B000003077,상인천초등학교,2020,643
B000003077,상인천초등학교,2021,603
B000003077,상인천초등학교,2022,558
B000003077,상인천초등학교,2023,473
B000003077,상인천초등학교,2024,446
B000003077,상인천초등학교,2025,395
B000003194,서도초등학교,2020,2
B000003194,서도초등학교,2021,6
B000003194,서도초등학교,2022,4
B000003194,서도초등학교,2023,5
B000003194,서도초등학교,2024,5
B000003194,서도초등학교,2025,3
B000003182,선원초등학교,2020,257
B000003182,선원초등학교,2021,253
B000003182,선원초등학교,2022,249
B000003182,선원초등학교,2023,236
B000003182,선원초등학교,2024,221
B000003182,선원초등학교,2025,233
B000003181,송해초등학교,2020,46
B000003181,송해초등학교,2021,48
B000003181,송해초등학교,2022,48
B000003181,송해초등학교,2023,43
B000003181,송해초등학교,2024,46
B000003181,송해초등학교,2025,36
B000003174,양도초등학교,2020,56
B000003174,양도초등학교,2021,66
B000003174,양도초등학교,2022,66
B000003174,양도초등학교,2023,57
B000003174,양도초등학교,2024,59
B000003174,양도초등학교,2025,52
B000003187,양사초등학교,2020,55
B000003187,양사초등학교,2021,42
B000003187,양사초등학교,2022,39
B000003187,양사초등학교,2023,42
B000003187,양사초등학교,2024,31
B000003187,양사초등학교,2025,33
B000002993,연평초등학교,2020,46
B000002993,연평초등학교,2021,48
B000002993,연평초등학교,2022,41
B000002993,연평초등학교,2023,35
B000002993,연평초등학교,2024,21
B000002993,연평초등학교,2025,26
B000002970,영화초등학교,2020,195
B000002970,영화초등학교,2021,246
B000002970,영화초등학교,2022,289
B000002970,영화초등학교,2023,315
B000002970,영화초등학교,2024,332
B000002970,영화초등학교,2025,373
B000002995,영흥초등학교,2020,221
B000002995,영흥초등학교,2021,219
B000002995,영흥초등학교,2022,227
B000002995,영흥초등학교,2023,203
B000002995,영흥초등학교,2024,170
B000002995,영흥초등학교,2025,147
B000002960,인성초등학교,2020,433
B000002960,인성초등학교,2021,444
B000002960,인성초등학교,2022,477
B000002960,인성초등학교,2023,494
B000002960,인성초등학교,2024,498
B000002960,인성초등학교,2025,499
B000003148,인천가림초등학교,2020,381
B000003148,인천가림초등학교,2021,335
B000003148,인천가림초등학교,2022,305
B000003148,인천가림초등학교,2023,294
B000003148,인천가림초등학교,2024,264
B000003148,인천가림초등학교,2025,198
B000003162,인천가석초등학교,2020,337
B000003162,인천가석초등학교,2021,339
B000003162,인천가석초등학교,2022,280
B000003162,인천가석초등학교,2023,272
B000003162,인천가석초등학교,2024,233
B000003162,인천가석초등학교,2025,209
B000026333,인천가원초등학교,2020,1435
B000026333,인천가원초등학교,2021,1556
B000026333,인천가원초등학교,2022,1640
B000026333,인천가원초등학교,2023,1681
B000026333,인천가원초등학교,2024,1631
B000026333,인천가원초등학교,2025,1558
B000003164,인천가정초등학교,2020,735
B000003164,인천가정초등학교,2021,740
B000003164,인천가정초등학교,2022,795
B000003164,인천가정초등학교,2023,740
B000003164,인천가정초등학교,2024,685
B000003164,인천가정초등학교,2025,664
B000003163,인천가좌초등학교,2020,625
B000003163,인천가좌초등학교,2021,554
B000003163,인천가좌초등학교,2022,488
B000003163,인천가좌초등학교,2023,434
B000003163,인천가좌초등학교,2024,412
B000003163,인천가좌초등학교,2025,384
B000003168,인천가현초등학교,2020,1021
B000003168,인천가현초등학교,2021,1074
B000003168,인천가현초등학교,2022,1635
B000003168,인천가현초등학교,2023,1929
B000003168,인천가현초등학교,2024,2045
B000003168,인천가현초등학교,2025,2044
B000003074,인천간석초등학교,2020,521
B000003074,인천간석초등학교,2021,484
B000003074,인천간석초등학교,2022,493
B000003074,인천간석초등학교,2023,494
B000003074,인천간석초등학교,2024,535
B000003074,인천간석초등학교,2025,510
B000003137,인천간재울초등학교,2020,1271
B000003137,인천간재울초등학교,2021,1270
B000003137,인천간재울초등학교,2022,1272
B000003137,인천간재울초등학교,2023,1207
B000003137,인천간재울초등학교,2024,1092
B000003137,인천간재울초등학교,2025,996
B000003011,인천갈산초등학교,2020,271
B000003011,인천갈산초등학교,2021,275
B000003011,인천갈산초등학교,2022,270
B000003011,인천갈산초등학교,2023,247
B000003011,인천갈산초등학교,2024,206
B000003011,인천갈산초등학교,2025,190
B000003024,인천갈월초등학교,2020,695
B000003024,인천갈월초등학교,2021,639
B000003024,인천갈월초등학교,2022,610
B000003024,인천갈월초등학교,2023,557
B000003024,인천갈월초등학교,2024,518
B000003024,인천갈월초등학교,2025,474
B000003043,인천개흥초등학교,2020,440
B000003043,인천개흥초등학교,2021,387
B000003043,인천개흥초등학교,2022,370
B000003043,인천개흥초등학교,2023,352
B000003043,인천개흥초등학교,2024,325
B000003043,인천개흥초등학교,2025,316
B000003150,인천건지초등학교,2020,313
B000003150,인천건지초등학교,2021,291
B000003150,인천건지초등학교,2022,283
B000003150,인천건지초등학교,2023,268
B000003150,인천건지초등학교,2024,226
B000003150,인천건지초등학교,2025,209
B000003152,인천검단초등학교,2020,833
B000003152,인천검단초등학교,2021,815
B000003152,인천검단초등학교,2022,796
B000003152,인천검단초등학교,2023,816
B000003152,인천검단초등학교,2024,720
B000003152,인천검단초등학교,2025,680
B000003171,인천검암초등학교,2020,272
B000003171,인천검암초등학교,2021,275
B000003171,인천검암초등학교,2022,270
B000003171,인천검암초등학교,2023,248
B000003171,인천검암초등학교,2024,221
B000003171,인천검암초등학교,2025,198
B000003134,인천경명초등학교,2020,1340
B000003134,인천경명초등학교,2021,1199
B000003134,인천경명초등학교,2022,1136
B000003134,인천경명초등학교,2023,1010
B000003134,인천경명초등학교,2024,951
B000003134,인천경명초등학교,2025,891
B000003138,인천경서초등학교,2020,744
B000003138,인천경서초등학교,2021,736
B000003138,인천경서초등학교,2022,701
B000003138,인천경서초등학교,2023,683
B000003138,인천경서초등학교,2024,621
B000003138,인천경서초등학교,2025,568
B000025751,인천경연초등학교,2020,505
B000025751,인천경연초등학교,2021,604
B000025751,인천경연초등학교,2022,810
B000025751,인천경연초등학교,2023,980
B000025751,인천경연초등학교,2024,1034
B000025751,인천경연초등학교,2025,1017
B000002981,인천경원초등학교,2020,1342
B000002981,인천경원초등학교,2021,1261
B000002981,인천경원초등학교,2022,1207
B000002981,인천경원초등학교,2023,1116
B000002981,인천경원초등학교,2024,1025
B000002981,인천경원초등학교,2025,941
B000003123,인천계산초등학교,2020,239
B000003123,인천계산초등학교,2021,222
B000003123,인천계산초등학교,2022,220
B000003123,인천계산초등학교,2023,187
B000003123,인천계산초등학교,2024,174
B000003123,인천계산초등학교,2025,162
B000003122,인천계양초등학교,2020,496
B000003122,인천계양초등학교,2021,499
B000003122,인천계양초등학교,2022,446
B000003122,인천계양초등학교,2023,402
B000003122,인천계양초등학교,2024,347
B000003122,인천계양초등학교,2025,307
B000003132,인천계양초등학교상야분교장,2020,10
B000003132,인천계양초등학교상야분교장,2021,11
B000003132,인천계양초등학교상야분교장,2022,9
B000003132,인천계양초등학교상야분교장,2023,9
B000003132,인천계양초등학교상야분교장,2024,7
B000003132,인천계양초등학교상야분교장,2025,6
B000003089,인천고잔초등학교,2020,997
B000003089,인천고잔초등학교,2021,990
B000003089,인천고잔초등학교,2022,1023
B000003089,인천고잔초등학교,2023,988
B000003089,인천고잔초등학교,2024,927
B000003089,인천고잔초등학교,2025,826
B000003135,인천공촌초등학교,2020,448
B000003135,인천공촌초등학교,2021,401
B000003135,인천공촌초등학교,2022,377
B000003135,인천공촌초등학교,2023,325
B000003135,인천공촌초등학교,2024,261
B000003135,인천공촌초등학교,2025,205
B000002957,인천공항초등학교,2020,565
B000002957,인천공항초등학교,2021,515
B000002957,인천공항초등학교,2022,498
B000002957,인천공항초등학교,2023,492
B000002957,인천공항초등학교,2024,464
B000002957,인천공항초등학교,2025,415
B000002999,인천공항초등학교신도분교장,2020,18
B000002999,인천공항초등학교신도분교장,2021,13
B000002999,인천공항초등학교신도분교장,2022,12
B000002999,인천공항초등학교신도분교장,2023,14
B000002999,인천공항초등학교신도분교장,2024,13
B000002999,인천공항초등학교신도분교장,2025,9
B000002980,인천관교초등학교,2020,705
B000002980,인천관교초등학교,2021,665
B000002980,인천관교초등학교,2022,612
B000002980,인천관교초등학교,2023,575
B000002980,인천관교초등학교,2024,502
B000002980,인천관교초등학교,2025,431
B000003015,인천구산초등학교,2020,522
B000003015,인천구산초등학교,2021,495
B000003015,인천구산초등학교,2022,421
B000003015,인천구산초등학교,2023,361
B000003015,인천구산초등학교,2024,324
B000003015,인천구산초등학교,2025,285
B000003075,인천구월서초등학교,2020,898
B000003075,인천구월서초등학교,2021,888
B000003075,인천구월서초등학교,2022,844
B000003075,인천구월서초등학교,2023,988
B000003075,인천구월서초등학교,2024,924
B000003075,인천구월서초등학교,2025,924
B000003095,인천구월초등학교,2020,552
B000003095,인천구월초등학교,2021,464
B000003095,인천구월초등학교,2022,449
B000003095,인천구월초등학교,2023,398
B000003095,인천구월초등학교,2024,344
B000003095,인천구월초등학교,2025,299
B000003046,인천굴포초등학교,2020,1011
B000003046,인천굴포초등학교,2021,974
B000003046,인천굴포초등학교,2022,955
B000003046,인천굴포초등학교,2023,881
B000003046,인천굴포초등학교,2024,814
B000003046,인천굴포초등학교,2025,749
B000003121,인천귤현초등학교,2020,778
B000003121,인천귤현초등학교,2021,743
B000003121,인천귤현초등학교,2022,716
B000003121,인천귤현초등학교,2023,648
B000003121,인천귤현초등학교,2024,574
B000003121,인천귤현초등학교,2025,498
B000003161,인천금곡초등학교,2020,348
B000003161,인천금곡초등학교,2021,330
B000003161,인천금곡초등학교,2022,318
B000003161,인천금곡초등학교,2023,317
B000003161,인천금곡초등학교,2024,308
B000003161,인천금곡초등학교,2025,269
B000003021,인천금마초등학교,2020,368
B000003021,인천금마초등학교,2021,354
B000003021,인천금마초등학교,2022,329
B000003021,인천금마초등학교,2023,310
B000003021,인천금마초등학교,2024,286
B000003021,인천금마초등학교,2025,273
B000003116,인천길주초등학교,2020,688
B000003116,인천길주초등학교,2021,630
B000003116,인천길주초등학교,2022,606
B000003116,인천길주초등학교,2023,585
B000003116,인천길주초등학교,2024,512
B000003116,인천길주초등학교,2025,454
B000003104,인천남동초등학교,2020,597
B000003104,인천남동초등학교,2021,558
B000003104,인천남동초등학교,2022,497
B000003104,인천남동초등학교,2023,435
B000003104,인천남동초등학교,2024,371
B000003104,인천남동초등학교,2025,312
B000002983,인천남부초등학교,2020,691
B000002983,인천남부초등학교,2021,606
B000002983,인천남부초등학교,2022,571
B000002983,인천남부초등학교,2023,503
B000002983,인천남부초등학교,2024,413
B000002983,인천남부초등학교,2025,349
B000003004,인천남부초등학교이작분교장,2020,9
B000003004,인천남부초등학교이작분교장,2021,6
B000003004,인천남부초등학교이작분교장,2022,8
B000003004,인천남부초등학교이작분교장,2023,9
B000003004,인천남부초등학교이작분교장,2024,2
B000003004,인천남부초등학교이작분교장,2025,2
B000003070,인천남촌초등학교,2020,485
B000003070,인천남촌초등학교,2021,448
B000003070,인천남촌초등학교,2022,415
B000003070,인천남촌초등학교,2023,386
B000003070,인천남촌초등학교,2024,337
B000003070,인천남촌초등학교,2025,309
B000003098,인천논곡초등학교,2020,770
B000003098,인천논곡초등학교,2021,722
B000003098,인천논곡초등학교,2022,726
B000003098,인천논곡초등학교,2023,666
B000003098,인천논곡초등학교,2024,611
B000003098,인천논곡초등학교,2025,551
B000003097,인천논현초등학교,2020,839
B000003097,인천논현초등학교,2021,757
B000003097,인천논현초등학교,2022,733
B000003097,인천논현초등학교,2023,688
B000003097,인천논현초등학교,2024,645
B000003097,인천논현초등학교,2025,591
B000003151,인천능내초등학교,2020,784
B000003151,인천능내초등학교,2021,726
B000003151,인천능내초등학교,2022,693
B000003151,인천능내초등학교,2023,652
B000003151,인천능내초등학교,2024,573
B000003151,인천능내초등학교,2025,545
B000003051,인천능허대초등학교,2020,939
B000003051,인천능허대초등학교,2021,900
B000003051,인천능허대초등학교,2022,877
B000003051,인천능허대초등학교,2023,844
B000003051,인천능허대초등학교,2024,756
B000003051,인천능허대초등학교,2025,701
B000003157,인천단봉초등학교,2020,872
B000003157,인천단봉초등학교,2021,877
B000003157,인천단봉초등학교,2022,883
B000003157,인천단봉초등학교,2023,835
B000003157,인천단봉초등학교,2024,784
B000003157,인천단봉초등학교,2025,734
B000003103,인천담방초등학교,2020,607
B000003103,인천담방초등학교,2021,560
B000003103,인천담방초등학교,2022,538
B000003103,인천담방초등학교,2023,474
B000003103,인천담방초등학교,2024,429
B000003103,인천담방초등학교,2025,369
B000003120,인천당산초등학교,2020,1298
B000003120,인천당산초등학교,2021,1202
B000003120,인천당산초등학교,2022,1084
B000003120,인천당산초등학교,2023,976
B000003120,인천당산초등학교,2024,830
B000003120,인천당산초등학교,2025,721
B000003165,인천당하초등학교,2020,1165
B000003165,인천당하초등학교,2021,1073
B000003165,인천당하초등학교,2022,965
B000003165,인천당하초등학교,2023,861
B000003165,인천당하초등학교,2024,824
B000003165,인천당하초등학교,2025,699
B000003009,인천대정초등학교,2020,834
B000003009,인천대정초등학교,2021,773
B000003009,인천대정초등학교,2022,688
B000003009,인천대정초등학교,2023,620
B000003009,인천대정초등학교,2024,540
B000003009,인천대정초등학교,2025,471
B000002986,인천대화초등학교,2020,563
B000002986,인천대화초등학교,2021,529
B000002986,인천대화초등학교,2022,474
B000002986,인천대화초등학교,2023,454
B000002986,인천대화초등학교,2024,411
B000002986,인천대화초등학교,2025,366
B000025752,인천도담초등학교,2020,787
B000025752,인천도담초등학교,2021,731
B000025752,인천도담초등학교,2022,690
B000025752,인천도담초등학교,2023,637
B000025752,인천도담초등학교,2024,556
B000025752,인천도담초등학교,2025,488
B000003083,인천도림초등학교,2020,539
B000003083,인천도림초등학교,2021,543
B000003083,인천도림초등학교,2022,490
B000003083,인천도림초등학교,2023,434
B000003083,인천도림초등학교,2024,381
B000003083,인천도림초등학교,2025,320
B000002978,인천도화초등학교,2020,991
B000002978,인천도화초등학교,2021,961
B000002978,인천도화초등학교,2022,960
B000002978,인천도화초등학교,2023,928
B000002978,인천도화초등학교,2024,892
B000002978,인천도화초등학교,2025,843
B000003060,인천동막초등학교,2020,585
B000003060,인천동막초등학교,2021,541
B000003060,인천동막초등학교,2022,501
B000003060,인천동막초등학교,2023,475
B000003060,인천동막초등학교,2024,426
B000003060,인천동막초등학교,2025,384
B000002969,인천동명초등학교,2020,300
B000002969,인천동명초등학교,2021,316
B000002969,인천동명초등학교,2022,360
B000002969,인천동명초등학교,2023,385
B000002969,인천동명초등학교,2024,418
B000002969,인천동명초등학교,2025,438
B000003086,인천동방초등학교,2020,905
B000003086,인천동방초등학교,2021,804
B000003086,인천동방초등학교,2022,759
B000003086,인천동방초등학교,2023,709
B000003086,인천동방초등학교,2024,579
B000003086,인천동방초등학교,2025,511
B000003080,인천동부초등학교,2020,544
B000003080,인천동부초등학교,2021,513
B000003080,인천동부초등학교,2022,520
B000003080,인천동부초등학교,2023,493
B000003080,인천동부초등학교,2024,477
B000003080,인천동부초등학교,2025,414
B000003026,인천동수초등학교,2020,619
B000003026,인천동수초등학교,2021,639
B000003026,인천동수초등학교,2022,630
B000003026,인천동수초등학교,2023,623
B000003026,인천동수초등학교,2024,571
B000003026,인천동수초등학교,2025,617
B000003040,인천동암초등학교,2020,418
B000003040,인천동암초등학교,2021,403
B000003040,인천동암초등학교,2022,376
B000003040,인천동암초등학교,2023,349
B000003040,인천동암초등학교,2024,327
B000003040,인천동암초등학교,2025,295
B000003059,인천동춘초등학교,2020,905
B000003059,인천동춘초등학교,2021,637
B000003059,인천동춘초등학교,2022,626
B000003059,인천동춘초등학교,2023,620
B000003059,인천동춘초등학교,2024,616
B000003059,인천동춘초등학교,2025,660
B000003008,인천마곡초등학교,2020,99
B000003008,인천마곡초등학교,2021,89
B000003008,인천마곡초등학교,2022,63
B000003008,인천마곡초등학교,2023,113
B000003008,인천마곡초등학교,2024,124
B000003008,인천마곡초등학교,2025,119
B000003042,인천마장초등학교,2020,716
B000003042,인천마장초등학교,2021,691
B000003042,인천마장초등학교,2022,656
B000003042,인천마장초등학교,2023,615
B000003042,인천마장초등학교,2024,573
B000003042,인천마장초등학교,2025,543
B000003166,인천마전초등학교,2020,920
B000003166,인천마전초등학교,2021,852
B000003166,인천마전초등학교,2022,831
B000003166,인천마전초등학교,2023,771
B000003166,인천마전초등학교,2024,675
B000003166,인천마전초등학교,2025,633
B000002963,인천만석초등학교,2020,500
B000002963,인천만석초등학교,2021,439
B000002963,인천만석초등학교,2022,412
B000002963,인천만석초등학교,2023,370
B000002963,인천만석초등학교,2024,315
B000002963,인천만석초등학교,2025,263
B000003079,인천만수북초등학교,2020,1010
B000003079,인천만수북초등학교,2021,920
B000003079,인천만수북초등학교,2022,878
B000003079,인천만수북초등학교,2023,784
B000003079,인천만수북초등학교,2024,691
B000003079,인천만수북초등학교,2025,607
B000003082,인천만수초등학교,2020,251
B000003082,인천만수초등학교,2021,267
B000003082,인천만수초등학교,2022,265
B000003082,인천만수초등학교,2023,264
B000003082,인천만수초등학교,2024,248
B000003082,인천만수초등학교,2025,200
B000025193,인천만월초등학교,2020,1403
B000025193,인천만월초등학교,2021,1386
B000025193,인천만월초등학교,2022,1339
B000025193,인천만월초등학교,2023,1264
B000025193,인천만월초등학교,2024,1131
B000025193,인천만월초등학교,2025,1019
B000003068,인천먼우금초등학교,2020,915
B000003068,인천먼우금초등학교,2021,853
B000003068,인천먼우금초등학교,2022,841
B000003068,인천먼우금초등학교,2023,793
B000003068,인천먼우금초등학교,2024,787
B000003068,인천먼우금초등학교,2025,760
B000003048,인천명선초등학교,2020,1111
B000003048,인천명선초등학교,2021,1136
B000003048,인천명선초등학교,2022,1088
B000003048,인천명선초등학교,2023,1034
B000003048,인천명선초등학교,2024,985
B000003048,인천명선초등학교,2025,965
B000003130,인천명현초등학교,2020,380
B000003130,인천명현초등학교,2021,365
B000003130,인천명현초등학교,2022,321
B000003130,인천명현초등학교,2023,286
B000003130,인천명현초등학교,2024,238
B000003130,인천명현초등학교,2025,223
B000003155,인천목향초등학교,2020,724
B000003155,인천목향초등학교,2021,692
B000003155,인천목향초등학교,2022,620
B000003155,인천목향초등학교,2023,587
B000003155,인천목향초등학교,2024,540
B000003155,인천목향초등학교,2025,484
B000003063,인천문남초등학교,2020,594
B000003063,인천문남초등학교,2021,556
B000003063,인천문남초등학교,2022,574
B000003063,인천문남초등학교,2023,595
B000003063,인천문남초등학교,2024,557
B000003063,인천문남초등학교,2025,503
B000002979,인천문학초등학교,2020,755
B000002979,인천문학초등학교,2021,733
B000002979,인천문학초등학교,2022,709
B000002979,인천문학초등학교,2023,645
B000002979,인천문학초등학교,2024,603
B000002979,인천문학초등학교,2025,551
B000003034,인천미산초등학교,2020,350
B000003034,인천미산초등학교,2021,332
B000003034,인천미산초등학교,2022,315
B000003034,인천미산초등학교,2023,301
B000003034,인천미산초등학교,2024,264
B000003034,인천미산초등학교,2025,219
B000025246,인천미송초등학교,2020,803
B000025246,인천미송초등학교,2021,1448
B000025246,인천미송초등학교,2022,1602
B000025246,인천미송초등학교,2023,1670
B000025246,인천미송초등학교,2024,1630
B000025246,인천미송초등학교,2025,1554
B000003069,인천박문초등학교,2020,461
B000003069,인천박문초등학교,2021,454
B000003069,인천박문초등학교,2022,469
B000003069,인천박문초등학교,2023,485
B000003069,인천박문초등학교,2024,504
B000003069,인천박문초등학교,2025,493
B000003159,인천발산초등학교,2020,821
B000003159,인천발산초등학교,2021,769
B000003159,인천발산초등학교,2022,726
B000003159,인천발산초등학교,2023,683
B000003159,인천발산초등학교,2024,583
B000003159,인천발산초등학교,2025,696
B000026332,인천백석초등학교,2020,1028
B000026332,인천백석초등학교,2021,1007
B000026332,인천백석초등학교,2022,1011
B000026332,인천백석초등학교,2023,980
B000026332,인천백석초등학교,2024,874
B000026332,인천백석초등학교,2025,806
B000003039,인천백운초등학교,2020,555
B000003039,인천백운초등학교,2021,516
B000003039,인천백운초등학교,2022,483
B000003039,인천백운초등학교,2023,467
B000003039,인천백운초등학교,2024,506
B000003039,인천백운초등학교,2025,478
B000002977,인천백학초등학교,2020,356
B000002977,인천백학초등학교,2021,332
B000002977,인천백학초등학교,2022,281
B000002977,인천백학초등학교,2023,244
B000002977,인천백학초등학교,2024,212
B000002977,인천백학초등학교,2025,297
B000025690,인천별빛초등학교,2021,549
B000025690,인천별빛초등학교,2022,802
B000025690,인천별빛초등학교,2023,1008
B000025690,인천별빛초등학교,2024,1260
B000025690,인천별빛초등학교,2025,1359
B000003117,인천병방초등학교,2020,506
B000003117,인천병방초등학교,2021,442
B000003117,인천병방초등학교,2022,416
B000003117,인천병방초등학교,2023,364
B000003117,인천병방초등학교,2024,328
B000003117,인천병방초등학교,2025,290
B000003146,인천봉수초등학교,2020,173
B000003146,인천봉수초등학교,2021,173
B000003146,인천봉수초등학교,2022,176
B000003146,인천봉수초등학교,2023,528
B000003146,인천봉수초등학교,2024,1136
B000003146,인천봉수초등학교,2025,1216
B000003149,인천봉화초등학교,2020,318
B000003149,인천봉화초등학교,2021,349
B000003149,인천봉화초등학교,2022,342
B000003149,인천봉화초등학교,2023,333
B000003149,인천봉화초등학교,2024,302
B000003149,인천봉화초등학교,2025,298
B000003018,인천부개서초등학교,2020,924
B000003018,인천부개서초등학교,2021,873
B000003018,인천부개서초등학교,2022,902
B000003018,인천부개서초등학교,2023,1065
B000003018,인천부개서초등학교,2024,1064
B000003018,인천부개서초등학교,2025,1054
B000003025,인천부개초등학교,2020,318
B000003025,인천부개초등학교,2021,287
B000003025,인천부개초등학교,2022,298
B000003025,인천부개초등학교,2023,262
B000003025,인천부개초등학교,2024,223
B000003025,인천부개초등학교,2025,195
B000003007,인천부곡초등학교,2020,1298
B000003007,인천부곡초등학교,2021,1246
B000003007,인천부곡초등학교,2022,1165
B000003007,인천부곡초등학교,2023,1083
B000003007,인천부곡초등학교,2024,1019
B000003007,인천부곡초등학교,2025,912
B000003019,인천부광초등학교,2020,451
B000003019,인천부광초등학교,2021,424
B000003019,인천부광초등학교,2022,411
B000003019,인천부광초등학교,2023,394
B000003019,인천부광초등학교,2024,394
B000003019,인천부광초등학교,2025,350
B000003017,인천부내초등학교,2020,744
B000003017,인천부내초등학교,2021,758
B000003017,인천부내초등학교,2022,692
B000003017,인천부내초등학교,2023,639
B000003017,인천부내초등학교,2024,566
B000003017,인천부내초등학교,2025,555
B000003033,인천부마초등학교,2020,790
B000003033,인천부마초등학교,2021,769
B000003033,인천부마초등학교,2022,756
B000003033,인천부마초등학교,2023,730
B000003033,인천부마초등학교,2024,702
B000003033,인천부마초등학교,2025,654
B000003027,인천부원초등학교,2020,794
B000003027,인천부원초등학교,2021,752
B000003027,인천부원초등학교,2022,726
B000003027,인천부원초등학교,2023,689
B000003027,인천부원초등학교,2024,632
B000003027,인천부원초등학교,2025,602
B000003016,인천부일초등학교,2020,402
B000003016,인천부일초등학교,2021,388
B000003016,인천부일초등학교,2022,379
B000003016,인천부일초등학교,2023,360
B000003016,인천부일초등학교,2024,309
B000003016,인천부일초등학교,2025,276
B000003030,인천부평남초등학교,2020,959
B000003030,인천부평남초등학교,2021,897
B000003030,인천부평남초등학교,2022,821
B000003030,인천부평남초등학교,2023,825
B000003030,인천부평남초등학교,2024,780
B000003030,인천부평남초등학교,2025,768
B000003029,인천부평동초등학교,2020,973
B000003029,인천부평동초등학교,2021,947
B000003029,인천부평동초등학교,2022,973
B000003029,인천부평동초등학교,2023,972
B000003029,인천부평동초등학교,2024,916
B000003029,인천부평동초등학교,2025,831
B000003023,인천부평북초등학교,2020,390
B000003023,인천부평북초등학교,2021,384
B000003023,인천부평북초등학교,2022,385
B000003023,인천부평북초등학교,2023,364
B000003023,인천부평북초등학교,2024,330
B000003023,인천부평북초등학교,2025,282
B000003006,인천부평서초등학교,2020,837
B000003006,인천부평서초등학교,2021,784
B000003006,인천부평서초등학교,2022,771
B000003006,인천부평서초등학교,2023,743
B000003006,인천부평서초등학교,2024,698
B000003006,인천부평서초등학교,2025,687
B000003125,인천부평초등학교,2020,430
B000003125,인천부평초등학교,2021,386
B000003125,인천부평초등학교,2022,338
B000003125,인천부평초등학교,2023,308
B000003125,인천부평초등학교,2024,277
B000003125,인천부평초등학교,2025,245
B000003127,인천부현동초등학교,2020,772
B000003127,인천부현동초등학교,2021,700
B000003127,인천부현동초등학교,2022,656
B000003127,인천부현동초등학교,2023,570
B000003127,인천부현동초등학교,2024,492
B000003127,인천부현동초등학교,2025,430
B000003126,인천부현초등학교,2020,570
B000003126,인천부현초등학교,2021,522
B000003126,인천부현초등학교,2022,477
B000003126,인천부현초등학교,2023,448
B000003126,인천부현초등학교,2024,400
B000003126,인천부현초등학교,2025,342
B000003028,인천부흥초등학교,2020,953
B000003028,인천부흥초등학교,2021,981
B000003028,인천부흥초등학교,2022,1021
B000003028,인천부흥초등학교,2023,1045
B000003028,인천부흥초등학교,2024,1037
B000003028,인천부흥초등학교,2025,1016
B000003154,인천불로초등학교,2020,778
B000003154,인천불로초등학교,2021,767
B000003154,인천불로초등학교,2022,738
B000003154,인천불로초등학교,2023,711
B000003154,인천불로초등학교,2024,649
B000003154,인천불로초등학교,2025,658
B000003088,인천사리울초등학교,2020,579
B000003088,인천사리울초등학교,2021,607
B000003088,인천사리울초등학교,2022,611
B000003088,인천사리울초등학교,2023,597
B000003088,인천사리울초등학교,2024,567
B000003088,인천사리울초등학교,2025,519
B000003035,인천산곡남초등학교,2020,618
B000003035,인천산곡남초등학교,2021,583
B000003035,인천산곡남초등학교,2022,538
B000003035,인천산곡남초등학교,2023,509
B000003035,인천산곡남초등학교,2024,452
B000003035,인천산곡남초등학교,2025,417
B000003031,인천산곡북초등학교,2020,390
B000003031,인천산곡북초등학교,2021,378
B000003031,인천산곡북초등학교,2022,307
B000003031,인천산곡북초등학교,2023,296
B000003031,인천산곡북초등학교,2024,493
B000003031,인천산곡북초등학교,2025,515
B000003032,인천산곡초등학교,2020,248
B000003032,인천산곡초등학교,2021,256
B000003032,인천산곡초등학교,2022,317
B000003032,인천산곡초등학교,2023,407
B000003032,인천산곡초등학교,2024,437
B000003032,인천산곡초등학교,2025,427
B000002958,인천삼목초등학교,2020,754
B000002958,인천삼목초등학교,2021,738
B000002958,인천삼목초등학교,2022,698
B000002958,인천삼목초등학교,2023,654
B000002958,인천삼목초등학교,2024,563
B000002958,인천삼목초등학교,2025,481
B000003000,인천삼목초등학교장봉분교장,2020,11
B000003000,인천삼목초등학교장봉분교장,2021,12
B000003000,인천삼목초등학교장봉분교장,2022,12
B000003000,인천삼목초등학교장봉분교장,2023,8
B000003000,인천삼목초등학교장봉분교장,2024,6
B000003000,인천삼목초등학교장봉분교장,2025,2
B000003044,인천삼산초등학교,2020,617
B000003044,인천삼산초등학교,2021,575
B000003044,인천삼산초등학교,2022,543
B000003044,인천삼산초등학교,2023,588
B000003044,인천삼산초등학교,2024,559
B000003044,인천삼산초등학교,2025,502
B000003076,인천상아초등학교,2020,915
B000003076,인천상아초등학교,2021,880
B000003076,인천상아초등학교,2022,859
B000003076,인천상아초등학교,2023,788
B000003076,인천상아초등학교,2024,727
B000003076,인천상아초등학교,2025,630
B000003022,인천상정초등학교,2020,228
B000003022,인천상정초등학교,2021,243
B000003022,인천상정초등학교,2022,307
B000003022,인천상정초등학교,2023,328
B000003022,인천상정초등학교,2024,334
B000003022,인천상정초등학교,2025,288
B000003099,인천새말초등학교,2020,511
B000003099,인천새말초등학교,2021,492
B000003099,인천새말초등학교,2022,470
B000003099,인천새말초등학교,2023,428
B000003099,인천새말초등학교,2024,401
B000003099,인천새말초등학교,2025,358
B000025206,인천새봄초등학교,2021,403
B000025206,인천새봄초등학교,2022,475
B000025206,인천새봄초등학교,2023,496
B000025206,인천새봄초등학교,2024,507
B000025206,인천새봄초등학교,2025,492
B000003170,인천서곶초등학교,2020,643
B000003170,인천서곶초등학교,2021,623
B000003170,인천서곶초등학교,2022,615
B000003170,인천서곶초등학교,2023,544
B000003170,인천서곶초등학교,2024,465
B000003170,인천서곶초등학교,2025,426
B000002968,인천서림초등학교,2020,665
B000002968,인천서림초등학교,2021,629
B000002968,인천서림초등학교,2022,618
B000002968,인천서림초등학교,2023,573
B000002968,인천서림초등학교,2024,519
B000002968,인천서림초등학교,2025,488
B000003061,인천서면초등학교,2020,545
B000003061,인천서면초등학교,2021,517
B000003061,인천서면초등학교,2022,494
B000003061,인천서면초등학교,2023,465
B000003061,인천서면초등학교,2024,439
B000003061,인천서면초등학교,2025,400
B000003114,인천서운초등학교,2020,314
B000003114,인천서운초등학교,2021,509
B000003114,인천서운초등학교,2022,531
B000003114,인천서운초등학교,2023,541
B000003114,인천서운초등학교,2024,523
B000003114,인천서운초등학교,2025,510
B000003105,인천서창초등학교,2020,1223
B000003105,인천서창초등학교,2021,1115
B000003105,인천서창초등학교,2022,1057
B000003105,인천서창초등학교,2023,972
B000003105,인천서창초등학교,2024,852
B000003105,인천서창초등학교,2025,735
B000002985,인천서화초등학교,2020,773
B000002985,인천서화초등학교,2021,1231
B000002985,인천서화초등학교,2022,1393
B000002985,인천서화초등학교,2023,1447
B000002985,인천서화초등학교,2024,1371
B000002985,인천서화초등학교,2025,1341
B000002967,인천서흥초등학교,2020,599
B000002967,인천서흥초등학교,2021,593
B000002967,인천서흥초등학교,2022,515
B000002967,인천서흥초등학교,2023,460
B000002967,인천서흥초등학교,2024,383
B000002967,인천서흥초등학교,2025,329
B000003167,인천석남서초등학교,2020,570
B000003167,인천석남서초등학교,2021,493
B000003167,인천석남서초등학교,2022,485
B000003167,인천석남서초등학교,2023,413
B000003167,인천석남서초등학교,2024,379
B000003167,인천석남서초등학교,2025,321
B000003144,인천석남초등학교,2020,668
B000003144,인천석남초등학교,2021,608
B000003144,인천석남초등학교,2022,595
B000003144,인천석남초등학교,2023,539
B000003144,인천석남초등학교,2024,468
B000003144,인천석남초등학교,2025,454
B000002982,인천석암초등학교,2020,837
B000002982,인천석암초등학교,2021,846
B000002982,인천석암초등학교,2022,922
B000002982,인천석암초등학교,2023,950
B000002982,인천석암초등학교,2024,940
B000002982,인천석암초등학교,2025,902
B000003078,인천석정초등학교,2020,899
B000003078,인천석정초등학교,2021,850
B000003078,인천석정초등학교,2022,962
B000003078,인천석정초등학교,2023,939
B000003078,인천석정초등학교,2024,874
B000003078,인천석정초등학교,2025,793
B000003093,인천석천초등학교,2020,1030
B000003093,인천석천초등학교,2021,1066
B000003093,인천석천초등학교,2022,1125
B000003093,인천석천초등학교,2023,1104
B000003093,인천석천초등학교,2024,1069
B000003093,인천석천초등학교,2025,982
B000003052,인천선학초등학교,2020,609
B000003052,인천선학초등학교,2021,595
B000003052,인천선학초등학교,2022,593
B000003052,인천선학초등학교,2023,567
B000003052,인천선학초등학교,2024,597
B000003052,인천선학초등학교,2025,567
B000003071,인천성리초등학교,2020,821
B000003071,인천성리초등학교,2021,777
B000003071,인천성리초등학교,2022,766
B000003071,인천성리초등학교,2023,720
B000003071,인천성리초등학교,2024,645
B000003071,인천성리초등학교,2025,557
B000003112,인천성지초등학교,2020,407
B000003112,인천성지초등학교,2021,406
B000003112,인천성지초등학교,2022,374
B000003112,인천성지초등학교,2023,351
B000003112,인천성지초등학교,2024,313
B000003112,인천성지초등학교,2025,291
B000003096,인천소래초등학교,2020,502
B000003096,인천소래초등학교,2021,532
B000003096,인천소래초등학교,2022,574
B000003096,인천소래초등학교,2023,552
B000003096,인천소래초등학교,2024,518
B000003096,인천소래초등학교,2025,505
B000003119,인천소양초등학교,2020,446
B000003119,인천소양초등학교,2021,428
B000003119,인천소양초등학교,2022,396
B000003119,인천소양초등학교,2023,366
B000003119,인천소양초등학교,2024,361
B000003119,인천소양초등학교,2025,346
B000026504,인천송담초등학교,2021,835
B000026504,인천송담초등학교,2022,963
B000026504,인천송담초등학교,2023,975
B000026504,인천송담초등학교,2024,969
B000026504,인천송담초등학교,2025,913
B000003050,인천송도초등학교,2020,421
B000003050,인천송도초등학교,2021,387
B000003050,인천송도초등학교,2022,386
B000003050,인천송도초등학교,2023,370
B000003050,인천송도초등학교,2024,311
B000003050,인천송도초등학교,2025,285
B000002966,인천송림초등학교,2020,343
B000002966,인천송림초등학교,2021,334
B000002966,인천송림초등학교,2022,333
B000002966,인천송림초등학교,2023,418
B000002966,인천송림초등학교,2024,469
B000002966,인천송림초등학교,2025,434
B000025189,인천송명초등학교,2020,1420
B000025189,인천송명초등학교,2021,1410
B000025189,인천송명초등학교,2022,1400
B000025189,인천송명초등학교,2023,1349
B000025189,인천송명초등학교,2024,1257
B000025189,인천송명초등학교,2025,1173
B000025225,인천송빛초등학교,2025,762
B000025256,인천송원초등학교,2020,1029
B000025256,인천송원초등학교,2021,1002
B000025256,인천송원초등학교,2022,968
B000025256,인천송원초등학교,2023,897
B000025256,인천송원초등학교,2024,851
B000025256,인천송원초등학교,2025,753
B000002952,인천송월초등학교,2020,239
B000002952,인천송월초등학교,2021,237
B000002952,인천송월초등학교,2022,214
B000002952,인천송월초등학교,2023,194
B000002952,인천송월초등학교,2024,173
B000002952,인천송월초등학교,2025,137
B000025226,인천송일초등학교,2020,1070
B000025226,인천송일초등학교,2021,1093
B000025226,인천송일초등학교,2022,1042
B000025226,인천송일초등학교,2023,1076
B000025226,인천송일초등학교,2024,1054
B000025226,인천송일초등학교,2025,980
B000003092,인천송천초등학교,2020,547
B000003092,인천송천초등학교,2021,502
B000003092,인천송천초등학교,2022,461
B000003092,인천송천초등학교,2023,431
B000003092,인천송천초등학교,2024,374
B000003092,인천송천초등학교,2025,320
B000002964,인천송현초등학교,2020,689
B000002964,인천송현초등학교,2021,649
B000002964,인천송현초등학교,2022,609
B000002964,인천송현초등학교,2023,538
B000002964,인천송현초등학교,2024,427
B000002964,인천송현초등학교,2025,347
B000002971,인천숭의초등학교,2020,1314
B000002971,인천숭의초등학교,2021,1290
B000002971,인천숭의초등학교,2022,1315
B000002971,인천숭의초등학교,2023,1295
B000002971,인천숭의초등학교,2024,1246
B000002971,인천숭의초등학교,2025,1154
B000002984,인천승학초등학교,2020,519
B000002984,인천승학초등학교,2021,496
B000002984,인천승학초등학교,2022,497
B000002984,인천승학초등학교,2023,438
B000002984,인천승학초등학교,2024,392
B000002984,인천승학초등학교,2025,341
B000002950,인천신광초등학교,2020,708
B000002950,인천신광초등학교,2021,720
B000002950,인천신광초등학교,2022,720
B000002950,인천신광초등학교,2023,704
B000002950,인천신광초등학교,2024,691
B000002950,인천신광초등학교,2025,699
B000003115,인천신대초등학교,2020,813
B000003115,인천신대초등학교,2021,777
B000003115,인천신대초등학교,2022,730
B000003115,인천신대초등학교,2023,659
B000003115,인천신대초등학교,2024,581
B000003115,인천신대초등학교,2025,529
B000003143,인천신석초등학교,2020,436
B000003143,인천신석초등학교,2021,430
B000003143,인천신석초등학교,2022,419
B000003143,인천신석초등학교,2023,368
B000003143,인천신석초등학교,2024,309
B000003143,인천신석초등학교,2025,277
B000002951,인천신선초등학교,2020,443
B000002951,인천신선초등학교,2021,357
B000002951,인천신선초등학교,2022,338
B000002951,인천신선초등학교,2023,328
B000002951,인천신선초등학교,2024,331
B000002951,인천신선초등학교,2025,286
B000003067,인천신송초등학교,2020,726
B000003067,인천신송초등학교,2021,707
B000003067,인천신송초등학교,2022,654
B000003067,인천신송초등학교,2023,577
B000003067,인천신송초등학교,2024,514
B000003067,인천신송초등학교,2025,472
B000003094,인천신월초등학교,2020,422
B000003094,인천신월초등학교,2021,374
B000003094,인천신월초등학교,2022,346
B000003094,인천신월초등학교,2023,316
B000003094,인천신월초등학교,2024,258
B000003094,인천신월초등학교,2025,223
B000003065,인천신정초등학교,2020,1503
B000003065,인천신정초등학교,2021,1569
B000003065,인천신정초등학교,2022,1569
B000003065,인천신정초등학교,2023,1534
B000003065,인천신정초등학교,2024,1508
B000003065,인천신정초등학교,2025,1519
B000003036,인천신촌초등학교,2020,346
B000003036,인천신촌초등학교,2021,309
B000003036,인천신촌초등학교,2022,314
B000003036,인천신촌초등학교,2023,323
B000003036,인천신촌초등학교,2024,346
B000003036,인천신촌초등학교,2025,328
B000003147,인천신현북초등학교,2020,626
B000003147,인천신현북초등학교,2021,569
B000003147,인천신현북초등학교,2022,551
B000003147,인천신현북초등학교,2023,510
B000003147,인천신현북초등학교,2024,432
B000003147,인천신현북초등학교,2025,360
B000003169,인천신현초등학교,2020,443
B000003169,인천신현초등학교,2021,438
B000003169,인천신현초등학교,2022,422
B000003169,인천신현초등학교,2023,371
B000003169,인천신현초등학교,2024,299
B000003169,인천신현초등학교,2025,249
B000002949,인천신흥초등학교,2020,408
B000002949,인천신흥초등학교,2021,400
B000002949,인천신흥초등학교,2022,380
B000002949,인천신흥초등학교,2023,390
B000002949,인천신흥초등학교,2024,343
B000002949,인천신흥초등학교,2025,312
B000003142,인천심곡초등학교,2020,339
B000003142,인천심곡초등학교,2021,313
B000003142,인천심곡초등학교,2022,276
B000003142,인천심곡초등학교,2023,247
B000003142,인천심곡초등학교,2024,223
B000003142,인천심곡초등학교,2025,195
B000003038,인천십정초등학교,2020,276
B000003038,인천십정초등학교,2021,280
B000003038,인천십정초등학교,2022,275
B000003038,인천십정초등학교,2023,238
B000003038,인천십정초등학교,2024,211
B000003038,인천십정초등학교,2025,179
B000026466,인천아라초등학교,2024,1025
B000026466,인천아라초등학교,2025,1154
B000026468,인천아람초등학교,2023,374
B000026468,인천아람초등학교,2024,806
B000026468,인천아람초등학교,2025,907
B000003111,인천안남초등학교,2020,557
B000003111,인천안남초등학교,2021,480
B000003111,인천안남초등학교,2022,430
B000003111,인천안남초등학교,2023,387
B000003111,인천안남초등학교,2024,321
B000003111,인천안남초등학교,2025,288
B000003124,인천안산초등학교,2020,457
B000003124,인천안산초등학교,2021,403
B000003124,인천안산초등학교,2022,364
B000003124,인천안산초등학교,2023,342
B000003124,인천안산초등학교,2024,294
B000003124,인천안산초등학교,2025,265
B000003090,인천약산초등학교,2020,637
B000003090,인천약산초등학교,2021,594
B000003090,인천약산초등학교,2022,620
B000003090,인천약산초등학교,2023,627
B000003090,인천약산초등학교,2024,604
B000003090,인천약산초등학교,2025,587
B000003141,인천양지초등학교,2020,329
B000003141,인천양지초등학교,2021,339
B000003141,인천양지초등학교,2022,329
B000003141,인천양지초등학교,2023,306
B000003141,인천양지초등학교,2024,282
B000003141,인천양지초등학교,2025,243
B000003118,인천양촌초등학교,2020,306
B000003118,인천양촌초등학교,2021,285
B000003118,인천양촌초등학교,2022,266
B000003118,인천양촌초등학교,2023,256
B000003118,인천양촌초등학교,2024,212
B000003118,인천양촌초등학교,2025,186
B000003058,인천연성초등학교,2020,1041
B000003058,인천연성초등학교,2021,1000
B000003058,인천연성초등학교,2022,968
B000003058,인천연성초등학교,2023,831
B000003058,인천연성초등학교,2024,798
B000003058,인천연성초등학교,2025,732
B000025210,인천연송초등학교,2020,869
B000025210,인천연송초등학교,2021,915
B000025210,인천연송초등학교,2022,868
B000025210,인천연송초등학교,2023,843
B000025210,인천연송초등학교,2024,918
B000025210,인천연송초등학교,2025,1116
B000003062,인천연수초등학교,2020,392
B000003062,인천연수초등학교,2021,360
B000003062,인천연수초등학교,2022,358
B000003062,인천연수초등학교,2023,344
B000003062,인천연수초등학교,2024,307
B000003062,인천연수초등학교,2025,271
B000002955,인천연안초등학교,2020,181
B000002955,인천연안초등학교,2021,170
B000002955,인천연안초등학교,2022,153
B000002955,인천연안초등학교,2023,141
B000002955,인천연안초등학교,2024,116
B000002955,인천연안초등학교,2025,104
B000002992,인천연학초등학교,2020,249
B000002992,인천연학초등학교,2021,223
B000002992,인천연학초등학교,2022,211
B000002992,인천연학초등학교,2023,285
B000002992,인천연학초등학교,2024,375
B000002992,인천연학초등학교,2025,371
B000003054,인천연화초등학교,2020,695
B000003054,인천연화초등학교,2021,690
B000003054,인천연화초등학교,2022,680
B000003054,인천연화초등학교,2023,652
B000003054,인천연화초등학교,2024,646
B000003054,인천연화초등학교,2025,608
B000003013,인천영선초등학교,2020,856
B000003013,인천영선초등학교,2021,809
B000003013,인천영선초등학교,2022,765
B000003013,인천영선초등학교,2023,703
B000003013,인천영선초등학교,2024,671
B000003013,인천영선초등학교,2025,612
B000002959,인천영종초등학교,2020,1479
B000002959,인천영종초등학교,2021,1257
B000002959,인천영종초등학교,2022,1213
B000002959,인천영종초등학교,2023,1251
B000002959,인천영종초등학교,2024,1315
B000002959,인천영종초등학교,2025,1251
B000002962,인천영종초등학교금산분교장,2020,62
B000002962,인천영종초등학교금산분교장,2021,73
B000002962,인천영종초등학교금산분교장,2022,85
B000002962,인천영종초등학교금산분교장,2023,72
B000002962,인천영종초등학교금산분교장,2024,70
B000002962,인천영종초등학교금산분교장,2025,47
B000025228,인천예송초등학교,2020,904
B000025228,인천예송초등학교,2021,708
B000025228,인천예송초등학교,2022,781
B000025228,인천예송초등학교,2023,1064
B000025228,인천예송초등학교,2024,1164
B000025228,인천예송초등학교,2025,1185
B000003064,인천옥련초등학교,2020,1010
B000003064,인천옥련초등학교,2021,922
B000003064,인천옥련초등학교,2022,886
B000003064,인천옥련초등학교,2023,835
B000003064,인천옥련초등학교,2024,810
B000003064,인천옥련초등학교,2025,747
B000003153,인천완정초등학교,2020,678
B000003153,인천완정초등학교,2021,644
B000003153,인천완정초등학교,2022,597
B000003153,인천완정초등학교,2023,540
B000003153,인천완정초등학교,2024,470
B000003153,인천완정초등학교,2025,434
B000003156,인천왕길초등학교,2020,749
B000003156,인천왕길초등학교,2021,683
B000003156,인천왕길초등학교,2022,660
B000003156,인천왕길초등학교,2023,601
B000003156,인천왕길초등학교,2024,543
B000003156,인천왕길초등학교,2025,490
B000003041,인천용마초등학교,2020,512
B000003041,인천용마초등학교,2021,529
B000003041,인천용마초등학교,2022,580
B000003041,인천용마초등학교,2023,585
B000003041,인천용마초등학교,2024,527
B000003041,인천용마초등학교,2025,495
B000002954,인천용유초등학교,2020,44
B000002954,인천용유초등학교,2021,42
B000002954,인천용유초등학교,2022,46
B000002954,인천용유초등학교,2023,53
B000002954,인천용유초등학교,2024,35
B000002954,인천용유초등학교,2025,33
B000002973,인천용일초등학교,2020,603
B000002973,인천용일초등학교,2021,542
B000002973,인천용일초등학교,2022,517
B000002973,인천용일초등학교,2023,494
B000002973,인천용일초등학교,2024,424
B000002973,인천용일초등학교,2025,366
B000002972,인천용정초등학교,2020,230
B000002972,인천용정초등학교,2021,219
B000002972,인천용정초등학교,2022,239
B000002972,인천용정초등학교,2023,244
B000002972,인천용정초등학교,2024,225
B000002972,인천용정초등학교,2025,214
B000025512,인천용학초등학교,2020,1184
B000025512,인천용학초등학교,2021,1176
B000025512,인천용학초등학교,2022,1192
B000025512,인천용학초등학교,2023,1171
B000025512,인천용학초등학교,2024,1112
B000025512,인천용학초등학교,2025,1192
B000002975,인천용현남초등학교,2020,1120
B000002975,인천용현남초등학교,2021,1117
B000002975,인천용현남초등학교,2022,1105
B000002975,인천용현남초등학교,2023,1071
B000002975,인천용현남초등학교,2024,985
B000002975,인천용현남초등학교,2025,1149
B000003005,인천용현남초등학교자월분교장,2020,7
B000003005,인천용현남초등학교자월분교장,2021,8
B000003005,인천용현남초등학교자월분교장,2022,5
B000003005,인천용현남초등학교자월분교장,2023,6
B000003005,인천용현남초등학교자월분교장,2024,3
B000003005,인천용현남초등학교자월분교장,2025,6
B000002974,인천용현초등학교,2020,1210
B000002974,인천용현초등학교,2021,1179
B000002974,인천용현초등학교,2022,1223
B000002974,인천용현초등학교,2023,1182
B000002974,인천용현초등학교,2024,1348
B000002974,인천용현초등학교,2025,1403
B000002956,인천운남초등학교,2020,499
B000002956,인천운남초등학교,2021,421
B000002956,인천운남초등학교,2022,390
B000002956,인천운남초등학교,2023,363
B000002956,인천운남초등학교,2024,334
B000002956,인천운남초등학교,2025,458
B000002953,인천운서초등학교,2020,206
B000002953,인천운서초등학교,2021,229
B000002953,인천운서초등학교,2022,449
B000002953,인천운서초등학교,2023,581
B000002953,인천운서초등학교,2024,688
B000002953,인천운서초등학교,2025,789
B000003158,인천원당초등학교,2020,561
B000003158,인천원당초등학교,2021,527
B000003158,인천원당초등학교,2022,487
B000003158,인천원당초등학교,2023,431
B000003158,인천원당초등학교,2024,373
B000003158,인천원당초등학교,2025,441
B000003087,인천원동초등학교,2020,1402
B000003087,인천원동초등학교,2021,1350
B000003087,인천원동초등학교,2022,1230
B000003087,인천원동초등학교,2023,1095
B000003087,인천원동초등학교,2024,971
B000003087,인천원동초등학교,2025,850
B000003084,인천은봉초등학교,2020,463
B000003084,인천은봉초등학교,2021,511
B000003084,인천은봉초등학교,2022,484
B000003084,인천은봉초등학교,2023,455
B000003084,인천은봉초등학교,2024,404
B000003084,인천은봉초등학교,2025,362
B000025248,인천은송초등학교,2020,385
B000025248,인천은송초등학교,2021,770
B000025248,인천은송초등학교,2022,897
B000025248,인천은송초등학교,2023,1241
B000025248,인천은송초등학교,2024,1475
B000025248,인천은송초등학교,2025,1502
B000003172,인천은지초등학교,2020,605
B000003172,인천은지초등학교,2021,578
B000003172,인천은지초등학교,2022,546
B000003172,인천은지초등학교,2023,507
B000003172,인천은지초등학교,2024,425
B000003172,인천은지초등학교,2025,331
B000026470,인천이음초등학교,2023,1651
B000026470,인천이음초등학교,2024,1869
B000026470,인천이음초등학교,2025,1934
B000003101,인천인동초등학교,2020,1144
B000003101,인천인동초등학교,2021,1047
B000003101,인천인동초등학교,2022,1026
B000003101,인천인동초등학교,2023,961
B000003101,인천인동초등학교,2024,875
B000003101,인천인동초등학교,2025,771
B000003081,인천인수초등학교,2020,366
B000003081,인천인수초등학교,2021,353
B000003081,인천인수초등학교,2022,352
B000003081,인천인수초등학교,2023,349
B000003081,인천인수초등학교,2024,298
B000003081,인천인수초등학교,2025,252
B000002991,인천인주초등학교,2020,757
B000002991,인천인주초등학교,2021,698
B000002991,인천인주초등학교,2022,625
B000002991,인천인주초등학교,2023,556
B000002991,인천인주초등학교,2024,507
B000002991,인천인주초등학교,2025,418
B000003020,인천일신초등학교,2020,421
B000003020,인천일신초등학교,2021,414
B000003020,인천일신초등학교,2022,390
B000003020,인천일신초등학교,2023,356
B000003020,인천일신초등학교,2024,333
B000003020,인천일신초등학교,2025,278
B000003129,인천작동초등학교,2020,518
B000003129,인천작동초등학교,2021,542
B000003129,인천작동초등학교,2022,531
B000003129,인천작동초등학교,2023,506
B000003129,인천작동초등학교,2024,445
B000003129,인천작동초등학교,2025,400
B000003128,인천작전초등학교,2020,530
B000003128,인천작전초등학교,2021,508
B000003128,인천작전초등학교,2022,443
B000003128,인천작전초등학교,2023,424
B000003128,인천작전초등학교,2024,366
B000003128,인천작전초등학교,2025,311
B000003085,인천장도초등학교,2020,410
B000003085,인천장도초등학교,2021,364
B000003085,인천장도초등학교,2022,368
B000003085,인천장도초등학교,2023,363
B000003085,인천장도초등학교,2024,321
B000003085,인천장도초등학교,2025,267
B000025196,인천장서초등학교,2020,1238
B000025196,인천장서초등학교,2021,1370
B000025196,인천장서초등학교,2022,1481
B000025196,인천장서초등학교,2023,1547
B000025196,인천장서초등학교,2024,1449
B000025196,인천장서초등학교,2025,1358
B000003102,인천장수초등학교,2020,224
B000003102,인천장수초등학교,2021,202
B000003102,인천장수초등학교,2022,169
B000003102,인천장수초등학교,2023,157
B000003102,인천장수초등학교,2024,127
B000003102,인천장수초등학교,2025,103
B000025202,인천장아초등학교,2020,884
B000025202,인천장아초등학교,2021,964
B000025202,인천장아초등학교,2022,1039
B000025202,인천장아초등학교,2023,1029
B000025202,인천장아초등학교,2024,1007
B000025202,인천장아초등학교,2025,896
B000003073,인천정각초등학교,2020,1365
B000003073,인천정각초등학교,2021,1328
B000003073,인천정각초등학교,2022,1202
B000003073,인천정각초등학교,2023,1142
B000003073,인천정각초등학교,2024,1069
B000003073,인천정각초등학교,2025,950
B000003100,인천조동초등학교,2020,679
B000003100,인천조동초등학교,2021,616
B000003100,인천조동초등학교,2022,585
B000003100,인천조동초등학교,2023,527
B000003100,인천조동초등학교,2024,454
B000003100,인천조동초등학교,2025,387
B000002989,인천주안남초등학교,2020,652
B000002989,인천주안남초등학교,2021,633
B000002989,인천주안남초등학교,2022,622
B000002989,인천주안남초등학교,2023,557
B000002989,인천주안남초등학교,2024,494
B000002989,인천주안남초등학교,2025,426
B000002987,인천주안북초등학교,2020,425
B000002987,인천주안북초등학교,2021,383
B000002987,인천주안북초등학교,2022,368
B000002987,인천주안북초등학교,2023,365
B000002987,인천주안북초등학교,2024,347
B000002987,인천주안북초등학교,2025,362
B000025677,인천주안초등학교,2020,715
B000025677,인천주안초등학교,2021,664
B000025677,인천주안초등학교,2022,648
B000025677,인천주안초등학교,2023,664
B000025677,인천주안초등학교,2024,889
B000025677,인천주안초등학교,2025,869
B000003091,인천주원초등학교,2020,271
B000003091,인천주원초등학교,2021,248
B000003091,인천주원초등학교,2022,266
B000003091,인천주원초등학교,2023,286
B000003091,인천주원초등학교,2024,251
B000003091,인천주원초등학교,2025,242
B000027505,인천중산초등학교,2020,1566
B000027505,인천중산초등학교,2021,1637
B000027505,인천중산초등학교,2022,1765
B000027505,인천중산초등학교,2023,1808
B000027505,인천중산초등학교,2024,1695
B000027505,인천중산초등학교,2025,1582
B000003053,인천중앙초등학교,2020,394
B000003053,인천중앙초등학교,2021,359
B000003053,인천중앙초등학교,2022,346
B000003053,인천중앙초등학교,2023,330
B000003053,인천중앙초등학교,2024,290
B000003053,인천중앙초등학교,2025,248
B000003014,인천진산초등학교,2020,384
B000003014,인천진산초등학교,2021,336
B000003014,인천진산초등학교,2022,303
B000003014,인천진산초등학교,2023,263
B000003014,인천진산초등학교,2024,221
B000003014,인천진산초등학교,2025,207
B000003160,인천창신초등학교,2020,586
B000003160,인천창신초등학교,2021,614
B000003160,인천창신초등학교,2022,532
B000003160,인천창신초등학교,2023,498
B000003160,인천창신초등학교,2024,424
B000003160,인천창신초등학교,2025,738
B000002965,인천창영초등학교,2020,194
B000002965,인천창영초등학교,2021,165
B000002965,인천창영초등학교,2022,181
B000002965,인천창영초등학교,2023,236
B000002965,인천창영초등학교,2024,246
B000002965,인천창영초등학교,2025,244
B000003145,인천천마초등학교,2020,235
B000003145,인천천마초등학교,2021,232
B000003145,인천천마초등학교,2022,212
B000003145,인천천마초등학교,2023,198
B000003145,인천천마초등학교,2024,160
B000003145,인천천마초등학교,2025,144
B000025236,인천첨단초등학교,2020,1717
B000025236,인천첨단초등학교,2021,1769
B000025236,인천첨단초등학교,2022,1802
B000025236,인천첨단초등학교,2023,1738
B000025236,인천첨단초등학교,2024,1668
B000025236,인천첨단초등학교,2025,1582
B000003139,인천청라초등학교,2020,1456
B000003139,인천청라초등학교,2021,1435
B000003139,인천청라초등학교,2022,1427
B000003139,인천청라초등학교,2023,1355
B000003139,인천청라초등학교,2024,1333
B000003139,인천청라초등학교,2025,1281
B000022834,인천청람초등학교,2020,1400
B000022834,인천청람초등학교,2021,1379
B000022834,인천청람초등학교,2022,1375
B000022834,인천청람초등학교,2023,1330
B000022834,인천청람초등학교,2024,1254
B000022834,인천청람초등학교,2025,1166
B000003057,인천청량초등학교,2020,756
B000003057,인천청량초등학교,2021,714
B000003057,인천청량초등학교,2022,661
B000003057,인천청량초등학교,2023,568
B000003057,인천청량초등학교,2024,502
B000003057,인천청량초등학교,2025,450
B000022839,인천청일초등학교,2020,1057
B000022839,인천청일초등학교,2021,1014
B000022839,인천청일초등학교,2022,967
B000022839,인천청일초등학교,2023,968
B000022839,인천청일초등학교,2024,888
B000022839,인천청일초등학교,2025,829
B000003010,인천청천초등학교,2020,366
B000003010,인천청천초등학교,2021,379
B000003010,인천청천초등학교,2022,395
B000003010,인천청천초등학교,2023,414
B000003010,인천청천초등학교,2024,923
B000003010,인천청천초등학교,2025,1019
B000003056,인천청학초등학교,2020,534
B000003056,인천청학초등학교,2021,518
B000003056,인천청학초등학교,2022,497
B000003056,인천청학초등학교,2023,480
B000003056,인천청학초등학교,2024,464
B000003056,인천청학초등학교,2025,443
B000025756,인천청호초등학교,2021,232
B000025756,인천청호초등학교,2022,335
B000025756,인천청호초등학교,2023,392
B000025756,인천청호초등학교,2024,405
B000025756,인천청호초등학교,2025,433
B000003140,인천초은초등학교,2020,1037
B000003140,인천초은초등학교,2021,1004
B000003140,인천초은초등학교,2022,992
B000003140,인천초은초등학교,2023,941
B000003140,인천초은초등학교,2024,897
B000003140,인천초은초등학교,2025,836
B000003049,인천축현초등학교,2020,404
B000003049,인천축현초등학교,2021,387
B000003049,인천축현초등학교,2022,355
B000003049,인천축현초등학교,2023,335
B000003049,인천축현초등학교,2024,287
B000003049,인천축현초등학교,2025,258
B000024924,인천하늘초등학교,2020,860
B000024924,인천하늘초등학교,2021,810
B000024924,인천하늘초등학교,2022,888
B000024924,인천하늘초등학교,2023,933
B000024924,인천하늘초등학교,2024,1093
B000024924,인천하늘초등학교,2025,1305
B000003037,인천하정초등학교,2020,151
B000003037,인천하정초등학교,2021,129
B000003037,인천하정초등학교,2022,126
B000003037,인천하정초등학교,2023,476
B000003037,인천하정초등학교,2024,476
B000003037,인천하정초등학교,2025,470
B000002976,인천학산초등학교,2020,993
B000002976,인천학산초등학교,2021,963
B000002976,인천학산초등학교,2022,956
B000002976,인천학산초등학교,2023,884
B000002976,인천학산초등학교,2024,832
B000002976,인천학산초등학교,2025,835
B000002990,인천학익초등학교,2020,559
B000002990,인천학익초등학교,2021,521
B000002990,인천학익초등학교,2022,526
B000002990,인천학익초등학교,2023,493
B000002990,인천학익초등학교,2024,435
B000002990,인천학익초등학교,2025,369
B000003045,인천한길초등학교,2020,751
B000003045,인천한길초등학교,2021,694
B000003045,인천한길초등학교,2022,641
B000003045,인천한길초등학교,2023,585
B000003045,인천한길초등학교,2024,520
B000003045,인천한길초등학교,2025,447
B000026155,인천한들초등학교,2024,699
B000026155,인천한들초등학교,2025,766
B000026469,인천한별초등학교,2022,1479
B000026469,인천한별초등학교,2023,1486
B000026469,인천한별초등학교,2024,1589
B000026469,인천한별초등학교,2025,1599
B000022832,인천한빛초등학교,2020,1193
B000022832,인천한빛초등학교,2021,1182
B000022832,인천한빛초등학교,2022,1145
B000022832,인천한빛초등학교,2023,1093
B000022832,인천한빛초등학교,2024,1001
B000022832,인천한빛초등학교,2025,923
B000003055,인천함박초등학교,2020,552
B000003055,인천함박초등학교,2021,506
B000003055,인천함박초등학교,2022,529
B000003055,인천함박초등학교,2023,551
B000003055,인천함박초등학교,2024,544
B000003055,인천함박초등학교,2025,454
B000026467,인천해든초등학교,2022,829
B000026467,인천해든초등학교,2023,1867
B000026467,인천해든초등학교,2024,1684
B000026467,인천해든초등학교,2025,1668
B000003110,인천해서초등학교,2020,291
B000003110,인천해서초등학교,2021,253
B000003110,인천해서초등학교,2022,225
B000003110,인천해서초등학교,2023,189
B000003110,인천해서초등학교,2024,160
B000003110,인천해서초등학교,2025,141
B000003066,인천해송초등학교,2020,848
B000003066,인천해송초등학교,2021,835
B000003066,인천해송초등학교,2022,775
B000003066,인천해송초등학교,2023,702
B000003066,인천해송초등학교,2024,645
B000003066,인천해송초등학교,2025,555
B000003133,인천해원초등학교,2020,1844
B000003133,인천해원초등학교,2021,2008
B000003133,인천해원초등학교,2022,2005
B000003133,인천해원초등학교,2023,2009
B000003133,인천해원초등학교,2024,1977
B000003133,인천해원초등학교,2025,1833
B000025222,인천현송초등학교,2021,415
B000025222,인천현송초등학교,2022,494
B000025222,인천현송초등학교,2023,513
B000025222,인천현송초등학교,2024,812
B000025222,인천현송초등학교,2025,801
B000003113,인천화전초등학교,2020,965
B000003113,인천화전초등학교,2021,938
B000003113,인천화전초등학교,2022,892
B000003113,인천화전초등학교,2023,853
B000003113,인천화전초등학교,2024,758
B000003113,인천화전초등학교,2025,688
B000003108,인천효성남초등학교,2020,609
B000003108,인천효성남초등학교,2021,571
B000003108,인천효성남초등학교,2022,670
B000003108,인천효성남초등학교,2023,689
B000003108,인천효성남초등학교,2024,650
B000003108,인천효성남초등학교,2025,633
B000003107,인천효성동초등학교,2020,280
B000003107,인천효성동초등학교,2021,251
B000003107,인천효성동초등학교,2022,235
B000003107,인천효성동초등학교,2023,212
B000003107,인천효성동초등학교,2024,321
B000003107,인천효성동초등학교,2025,454
B000003131,인천효성서초등학교,2020,578
B000003131,인천효성서초등학교,2021,557
B000003131,인천효성서초등학교,2022,533
B000003131,인천효성서초등학교,2023,485
B000003131,인천효성서초등학교,2024,414
B000003131,인천효성서초등학교,2025,341
B000003109,인천효성초등학교,2020,412
B000003109,인천효성초등학교,2021,370
B000003109,인천효성초등학교,2022,363
B000003109,인천효성초등학교,2023,320
B000003109,인천효성초등학교,2024,287
B000003109,인천효성초등학교,2025,272
B000003012,인천후정초등학교,2020,517
B000003012,인천후정초등학교,2021,488
B000003012,인천후정초등학교,2022,456
B000003012,인천후정초등학교,2023,416
B000003012,인천후정초등학교,2024,351
B000003012,인천후정초등학교,2025,297
B000003175,조산초등학교,2020,43
B000003175,조산초등학교,2021,45
B000003175,조산초등학교,2022,43
B000003175,조산초등학교,2023,45
B000003175,조산초등학교,2024,40
B000003175,조산초등학교,2025,42
B000003185,하점초등학교,2020,53
B000003185,하점초등학교,2021,52
B000003185,하점초등학교,2022,53
B000003185,하점초등학교,2023,45
B000003185,하점초등학교,2024,45
B000003185,하점초등학교,2025,37
B000003047,한일초등학교,2020,258
B000003047,한일초등학교,2021,269
B000003047,한일초등학교,2022,294
B000003047,한일초등학교,2023,309
B000003047,한일초등학교,2024,323
B000003047,한일초등학교,2025,317
B000003180,합일초등학교,2020,172
B000003180,합일초등학교,2021,175
B000003180,합일초등학교,2022,161
B000003180,합일초등학교,2023,150
B000003180,합일초등학교,2024,135
B000003180,합일초등학교,2025,131
B000003189,해명초등학교,2020,18
B000003189,해명초등학교,2021,25
B000003189,해명초등학교,2022,28
B000003189,해명초등학교,2023,19
B000003189,해명초등학교,2024,11
B000003189,해명초등학교,2025,7
B000003176,화도초등학교,2020,98
B000003176,화도초등학교,2021,103
B000003176,화도초등학교,2022,88
B000003176,화도초등학교,2023,68
B000003176,화도초등학교,2024,56
B000003176,화도초등학교,2025,41
