교육청명,교육지원청명,유치원명,설립유형,대표자명,원장명,설립일,개원일,주소,전화번호,팩스번호,홈페이지,운영시간,만3세학급수,만4세학급수,만5세학급수,혼합학급수,특수학급수,인가총정원수,3세모집정원수,4세모집정원수,5세모집정원수,혼합모집정원수,특수학급모집정원수,만3세원아수,만4세원아수,만5세원아수,혼합원아수,특수원아수,위도,경도,
인천광역시교육청,강화교육지원청,갑룡초등학교병설유치원,공립(병설),조윤옥,조윤옥,19850901,19850901,인천광역시 강화군 갑룡길 88,032-934-9515,032-934-9517,http://gabryong.icees.kr/main.do,08시40분~19시00분,1,1,1,0,1,51,11,17,19,0,4,12,17,11,0,4,37.74482666,126.5026254,
인천광역시교육청,강화교육지원청,강화유치원,사립(법인),곽노중,문선영,19260410,19260410,인천광역시 강화군 관청길10번길 7,032-934-2221,032-934-2278, ,09시00분~19시00분,1,1,1,0,0,80,14,18,18,0,0,13,18,8,0,0,37.74991928,126.4873368,
인천광역시교육청,강화교육지원청,강화초등학교병설유치원,공립(병설),하상대,하상대,19870305,19870305,인천광역시 강화군 북문길 36,032-627-6034,032-933-1202,http://ganghwa.icees.kr,08시50분~19시00분,0,0,0,1,0,15,0,0,0,15,0,0,0,0,5,0,37.75122294,126.4853914,
인천광역시교육청,강화교육지원청,교동초등학교병설유치원,공립(병설),홍영미,홍영미,19810307,19810307,인천광역시 강화군 대룡안길29번길 29,032-627-6115,032-933-4012,http://kd.icees.kr,08시30분~18시00분,0,0,0,1,0,15,0,0,0,15,0,0,0,0,4,0,37.78345083,126.284159,
인천광역시교육청,강화교육지원청,내가초등학교병설유치원,공립(병설),김우종,김우종,19810309,19810309,인천광역시 강화군 강화서로 264,032-627-6094,032-627-6102,http://naega.icees.kr,08시30분~18시30분,0,0,0,1,0,15,0,0,0,15,0,0,0,0,9,0,37.72159668,126.3902864,
인천광역시교육청,강화교육지원청,대월초등학교병설유치원,공립(병설),정지영,정지영,19820308,19820308,인천광역시 강화군 대월로 216,032-627-2320,032-932-2954,http://.i-deawol.icees.kr,08시40분~18시00분,0,0,0,1,0,15,0,0,0,15,0,0,0,0,2,0,37.76177001,126.4897098,
인천광역시교육청,강화교육지원청,마니산유치원,공립(단설),장희경,장희경,20110301,20110301,인천광역시 강화군 강화남로 510-1,032-937-3153,032-937-3065,http://manisan.icekg.kr,09시10분~19시00분,1,2,2,0,2,84,12,34,38,0,8,11,19,17,0,7,37.65365313,126.4376274,
인천광역시교육청,강화교육지원청,명신초등학교병설유치원,공립(병설),김형순,김형순,19820309,19820309,인천광역시 강화군 강화서로560번길 22,032-627-6633,032-627-6652,http://ms.icees.kr,08시30분~17시30분,0,0,0,1,0,16,0,0,0,16,0,0,0,0,3,0,37.74460985,126.3896781,
인천광역시교육청,강화교육지원청,삼산초등학교병설유치원,공립(병설),고주희,고주희,19810305,19810305,인천광역시 강화군 삼산북로 451,032-627-1090,032-932-3912,http://samsan.icees.kr/,08시30분~18시00분,0,0,0,1,0,15,0,0,0,15,0,0,0,0,6,0,37.70380877,126.3217336,
인천광역시교육청,강화교육지원청,선원초등학교병설유치원,공립(병설),오연근,오연근,19810301,19810301,인천광역시 강화군 강화동로 924,032-627-5990,032-933-9235,http://sunwon.icees.kr,08시30분~19시00분,1,1,1,0,0,48,12,17,19,0,0,7,11,6,0,0,37.71537215,126.4794419,
인천광역시교육청,강화교육지원청,송해초등학교병설유치원,공립(병설),함환웅,함환웅,19810301,19810301,인천광역시 강화군 전망대로 93-12,032-550-5925,032-934-9718,http://songhae.icees.kr,08시40분~17시30분,0,0,0,1,0,15,0,0,0,15,0,0,0,0,4,0,37.7704293,126.4592289,
인천광역시교육청,강화교육지원청,양사초등학교병설유치원,공립(병설),김병철,김병철,19820301,19820301,인천광역시 강화군 덕하로 145,032-627-5554,032-933-9276,http://ys.icees.kr/main.do,08시40분~18시00분,0,0,0,1,0,15,0,0,0,15,0,0,0,0,3,0,37.80450143,126.420566,
인천광역시교육청,강화교육지원청,잠두유치원,사립(법인),이철,박영미,19640303,19640405,인천광역시 강화군 청하동길 36,032-934-9420,032-934-9424, ,09시00분~19시00분,1,1,1,0,0,110,15,19,20,0,0,15,19,11,0,0,37.74489516,126.4819209,
인천광역시교육청,강화교육지원청,코끼리유치원,사립(법인),김계성,이지현,19910225,19910225,인천광역시 강화군 충렬사로 52-2,032-934-7859,032-934-2959, ,07시30분~19시00분,2,2,2,0,0,132,30,33,36,0,0,19,32,32,0,0,37.73687764,126.4821144,
인천광역시교육청,강화교육지원청,하점초등학교병설유치원,공립(병설),나인태,나인태,19810301,19810301,인천광역시 강화군 강화대로 1190,032-627-4996,032-627-5000,http://hajeom.icees.kr/main.do,08시30분~17시00분,0,0,0,1,0,15,0,0,0,15,0,0,0,0,5,0,37.77415761,126.4129788,
인천광역시교육청,강화교육지원청,합일초등학교병설유치원,공립(병설),김미자,김미자,19870301,19870309,인천광역시 강화군 합일길 3,032-627-3973,032-934-9538,http://www.habil.icees.kr ,08시30분~17시30분,0,0,0,1,1,15,0,0,0,11,4,0,0,0,6,4,37.74485437,126.48246,
인천광역시교육청,남부교육지원청,건영유치원,사립(법인),지민혜,최성희,20120307,20120307,인천광역시 미추홀구 인하로221번길 19,032-866-6854,032-714-3795, ,09시00분~19시00분,3,4,3,0,0,215,54,89,72,0,0,50,87,67,0,0,37.4493506,126.6725892,
인천광역시교육청,남부교육지원청,국현유치원,사립(사인),노국환,최장순,20120307,20120307,인천광역시 미추홀구 미추홀대로597번길 42,032-428-6639,032-438-6639, ,09시00분~19시00분,3,3,4,0,0,229,60,69,100,0,0,47,67,87,0,0,37.45101979,126.6772203,
인천광역시교육청,남부교육지원청,그림나라유치원,사립(사인),최용주,최현아,20070305,20070305,인천광역시 미추홀구 소성로332번길 10,032-424-4088,032-424-4088, ,09시00분~19시00분,2,2,2,0,0,160,32,50,54,0,0,19,31,45,0,0,37.4370892,126.6838196,
인천광역시교육청,남부교육지원청,금호유치원,사립(사인),노철현,김은희,20001228,20001228,인천광역시 미추홀구 매소홀로 54,032-891-0188,032-891-0189, ,09시00분~18시30분,2,3,2,0,0,142,37,56,49,0,0,37,56,49,0,0,37.45034214,126.6318707,
인천광역시교육청,남부교육지원청,노벨유치원,사립(사인),유향자,유향자,19890112,19890112,인천광역시 미추홀구 낙섬중로 74,032-884-1059,032-888-7400, ,09시00분~19시00분,1,1,1,0,0,105,18,30,28,0,0,18,30,28,0,0,37.45422759,126.6397403,
인천광역시교육청,남부교육지원청,다솜유치원,사립(사인),최덕순,이수정,19890301,19890301,인천광역시 미추홀구 학익소로23번길 11,032-862-1600,032-874-9596,http://www.dasomi.net,09시30분~19시00분,1,1,1,0,0,280,11,18,20,0,0,6,18,20,0,0,37.44559584,126.6697987,
인천광역시교육청,남부교육지원청,대청초등학교병설유치원,공립(병설),노기택,노기택,19810310,19810310,인천광역시 옹진군 대청로244번길 110,032-627-1389, ,http://dce.icees.kr,08시40분~17시00분,0,0,0,1,0,15,0,0,0,15,0,0,0,0,2,0,37.83288072,124.6959348,
인천광역시교육청,남부교육지원청,덕적초등학교병설유치원,공립(병설),유명선,유명선,19810310,19810310,인천광역시 옹진군 덕적남로 15,032-454-0575,032-832-9305,http://deokjeok.icehs.kr,08시30분~18시00분,0,0,0,1,0,15,0,0,0,15,0,0,0,0,2,0,37.22577495,126.1475736,
인천광역시교육청,남부교육지원청,도담유치원,사립(사인),최상균,조윤희,19910201,19910201,인천광역시 미추홀구 인하로 319,032-422-5100, , ,09시00분~13시00분,1,1,1,0,0,140,15,20,20,0,0,0,0,0,0,0,37.4481313,126.6837682,
인천광역시교육청,남부교육지원청,동원유치원,사립(사인),박용옥,최민영,19801231,19801231,인천광역시 미추홀구 인하로235번길 27,032-866-2657,032-876-2657, ,09시00분~19시00분,2,3,2,0,0,270,48,84,60,0,0,48,74,59,0,0,37.44958034,126.6741201,
인천광역시교육청,남부교육지원청,뒤나미스유치원,사립(사인),박경선,박경선,20141125,20150301,인천광역시 중구 오작로 116,032-752-9897,032-715-4310, ,08시00분~19시00분,4,5,5,0,0,418,100,130,140,0,0,100,130,140,0,0,37.49963413,126.5670097,
인천광역시교육청,남부교육지원청,무지개유치원,사립(사인),정부자,박행자,20111206,20111206,인천광역시 중구 눈돌로 35,032-751-3008,032-751-3006,https://www.mujigaekinder.com/main/main.html,09시00분~19시00분,3,3,3,0,0,244,69,75,84,0,0,69,75,84,0,0,37.49210783,126.4844801,
인천광역시교육청,남부교육지원청,미주유치원,사립(사인),최성모,권숙미,19921111,19921111,인천광역시 미추홀구 석정로461번길 19,032-875-3220,032-872-8855,http://mijukids.com,09시00분~19시00분,2,3,3,0,0,200,50,72,78,0,0,48,58,72,0,0,37.46709427,126.6865693,
인천광역시교육청,남부교육지원청,밀알유치원,사립(법인),최칠식,김주연,20150924,20160303,인천광역시 미추홀구 장고개로42번길 42,032-876-3313,032-876-3316,http://millal.co.kr,09시00분~19시00분,3,3,3,0,0,221,69,77,75,0,0,68,76,75,0,0,37.4700519,126.6689975,
인천광역시교육청,남부교육지원청,박문유치원,사립(법인),(재)인천교구천주교회유지재단,김수연,19370301,19370301,인천광역시 중구 우현로50번길 2,032-762-7614,032-765-5090,https://www.parkmun.com/,07시00분~19시00분,0,0,0,6,0,168,0,0,0,144,0,0,0,0,145,0,37.47108306,126.629934,
인천광역시교육청,남부교육지원청,반디유치원,사립(사인),황숙연,황숙연,20080117,20080302,인천광역시 미추홀구 매소홀로 340,032-875-6767,032-875-6767,http://bandichild.com,09시00분~19시00분,2,2,2,0,0,171,40,52,57,0,0,40,52,57,0,0,37.44070696,126.6575763,
인천광역시교육청,남부교육지원청,백령성모유치원,사립(법인),(재)인천교구천주교회유지재단,강문정,19600302,19950322,인천광역시 옹진군 백령로254번길 66,032-836-1223,032-836-8009,http://cafe.daum.net/bsm1223,08시00분~19시00분,1,0,0,1,0,70,20,0,0,35,0,5,0,0,22,0,37.97278615,124.7198468,
인천광역시교육청,남부교육지원청,북포초등학교병설유치원,공립(병설),서정민,서정민,19820302,19820302,인천광역시 옹진군 가을길 117,032-836-0208,032-836-0209,http://bukpo.icees.kr,08시40분~17시00분,0,0,1,0,0,19,0,0,19,0,0,0,0,5,0,0,37.95881414,124.6608253,
인천광역시교육청,남부교육지원청,산새소리유치원,사립(사인),임효정,임효정,20110315,20110315,인천광역시 동구 송림로117번길 6,032-212-1577,032-777-2469, ,09시00분~19시00분,1,1,1,0,0,217,15,20,20,0,0,4,12,8,0,0,37.47713351,126.6477041,
인천광역시교육청,남부교육지원청,성바오로유치원,사립(법인),남대레사,남대레사,19901110,19910301,인천광역시 미추홀구 경인남길102번길 50,032-875-6204,032-875-6205, ,09시00분~18시00분,0,0,0,6,0,210,0,0,0,210,0,0,0,0,117,0,37.4523731,126.6598523,
인천광역시교육청,남부교육지원청,세종유치원,사립(사인),이정기,조규정,19880813,19880813,인천광역시 미추홀구 낙섬서로 77,032-882-1898,032-888-3600, ,07시00분~22시00분,2,1,1,0,0,107,43,29,35,0,0,42,29,35,0,0,37.45593735,126.637624,
인천광역시교육청,남부교육지원청,소명유치원,사립(사인),김윤희,김윤희,19881231,19881231,인천광역시 미추홀구 낙섬동로 71-1,032-884-7780,032-891-3600,http://www.smy.kr,09시00분~19시00분,2,2,3,0,0,180,40,55,85,0,0,34,54,82,0,0,37.45218468,126.6410398,
인천광역시교육청,남부교육지원청,솔빛유치원,사립(사인),김소애,곽은희,20101216,20101216,인천광역시 동구 화수로 2,032-777-5021,032-765-6060, ,09시00분~19시00분,2,2,2,0,0,168,54,52,54,0,0,25,46,52,0,0,37.48030616,126.636645,
인천광역시교육청,남부교육지원청,솔샘유치원,사립(사인),이병희,이병희,20080604,20080604,인천광역시 미추홀구 석산로 38,032-429-1900,032-429-1902,http://www.solsam.kg.kr,09시00분~19시00분,3,3,2,0,0,156,52,60,44,0,0,47,44,44,0,0,37.4618494,126.696396,
인천광역시교육청,남부교육지원청,송현유치원,사립(사인),오주현,송한얼,19910228,19910228,인천광역시 동구 화수로 40,032-764-8078, , ,09시00분~19시00분,2,1,2,0,0,234,36,50,28,0,0,24,47,22,0,0,37.48337539,126.6348183,
인천광역시교육청,남부교육지원청,숭의유치원,사립(법인),재단법인 기독교대한감리회유지재단,함미영,19660214,19660214,인천광역시 미추홀구 독배로 485,032-885-3399,032-885-3343,http://soongeui.kidis.co.kr/,09시00분~19시00분,1,1,2,0,0,88,23,26,39,0,0,23,26,38,0,0,37.46064213,126.6450328,
인천광역시교육청,남부교육지원청,신동아유치원,사립(사인),차현숙,차현숙,19920827,19930301,인천광역시 미추홀구 매소홀로475번길 18,032-872-4348, , ,07시00분~19시00분,1,1,1,0,0,150,13,18,20,0,0,6,6,14,0,0,37.4410578,126.676924,
인천광역시교육청,남부교육지원청,연평초등학교병설유치원,공립(병설),이형자,이형자,19800301,19800301,인천광역시 옹진군 연평로137번길 101,032-617-1771,032-831-2159,http://ypschool.icehs.kr,08시50분~18시00분,0,0,0,1,0,15,0,0,0,15,0,0,0,0,11,0,37.66432188,125.7012726,
인천광역시교육청,남부교육지원청,연흥유치원,사립(사인),백남흥,윤경희,19800118,19800118,인천광역시 미추홀구 석정로434번길 12,032-866-2713,032-863-7482,http://yunhungkids.kidis.co.kr/,09시30분~19시00분,2,1,2,0,0,146,32,25,52,0,0,30,24,36,0,0,37.46576282,126.6832797,
인천광역시교육청,남부교육지원청,영종유치원,공립(단설),권희정,권희정,20090301,20090301,인천광역시 중구 백운로 57-25,032-747-1082,032-747-1084,http://yeongjong.icekg.kr/,09시00분~19시00분,4,4,4,0,3,204,48,68,76,0,12,46,68,73,0,11,37.49918613,126.5500423,
인천광역시교육청,남부교육지원청,영흥초등학교병설유치원,공립(병설),주경일,주경일,19810301,19810301,인천광역시 옹진군 영흥로 440-8,032-886-0432, , ,08시30분~18시00분,0,0,0,1,0,15,0,0,0,15,0,0,0,0,6,0,37.25471386,126.4670302,
인천광역시교육청,남부교육지원청,예원유치원,사립(사인),조수옥,조수옥,20150429,20150901,인천광역시 동구 송현로 63-3,032-764-1238, , ,09시30분~17시30분,1,1,1,0,0,74,16,22,22,0,0,5,12,19,0,0,37.48094481,126.6383179,
인천광역시교육청,남부교육지원청,용화유치원,사립(법인),박종삼,한경아,20001124,20010303,인천광역시 미추홀구 주염로 29,032-875-6543,032-875-2797,http://yonghwa.kidis.co.kr,09시00분~19시00분,0,2,3,0,0,192,0,78,84,0,0,0,40,62,0,0,37.46820178,126.6818333,
인천광역시교육청,남부교육지원청,유원유치원,사립(사인),임국재,안정옥,19910301,19910301,인천광역시 미추홀구 낙섬중로 102,032-883-9591,032-887-9591, ,07시00분~22시00분,2,1,1,0,0,95,42,26,27,0,0,40,26,27,0,0,37.45577215,126.6421718,
인천광역시교육청,남부교육지원청,이튼유치원,사립(사인),최안섭,김소희,20141216,20150302,인천광역시 중구 남디로안길 34-7,032-752-7110,032-752-7160, ,08시00분~18시00분,4,4,4,0,0,269,78,92,99,0,0,78,92,99,0,0,37.4813013,126.519963,
인천광역시교육청,남부교육지원청,인천경원초등학교병설유치원,공립(병설),이정자,이정자,20080301,20080301,인천광역시 미추홀구 경인로 511,326292142,032-424-1693,http://www.igwon.icees.kr,08시40분~19시00분,0,1,1,0,0,38,0,18,20,0,0,0,8,13,0,0,37.46129074,126.6956922,
인천광역시교육청,남부교육지원청,인천공항유치원,공립(단설),홍미란,홍미란,20130711,20130901,인천광역시 중구 신도시남로 43,032-751-8896,032-751-2213,http://gonghang-kg.icekg.kr,09시00분~19시00분,1,2,2,0,1,89,13,36,40,0,4,13,21,26,0,4,37.49186312,126.4860013,
인천광역시교육청,남부교육지원청,인천공항초등학교신도분교장병설유치원,공립(병설),신선자,신선자,20050301,20050301,인천광역시 옹진군 신도로896번길 18-31,032-627-9740,032-752-8954,http://gonghang-e.icees.kr/main.do,08시40분~16시40분,0,0,0,1,0,15,0,0,0,15,0,0,0,0,3,0,37.52068944,126.4433371,
인천광역시교육청,남부교육지원청,인천대화초등학교병설유치원,공립(병설),원용준,원용준,20130101,20130311,인천광역시 미추홀구 석정로301번길 13,032-629-1483,032-867-0047,http://daehwa.icees.kr,08시30분~18시30분,0,0,1,1,0,36,0,0,20,16,0,0,0,9,6,0,37.46902019,126.6685319,
인천광역시교육청,남부교육지원청,인천도화초등학교병설유치원,공립(병설),조성철,조성철,20130301,20130314,인천광역시 미추홀구 경인로 242,032-874-2585,032-865-6137, ,08시30분~19시00분,0,1,1,0,1,42,0,18,20,0,4,0,10,15,0,4,37.46315551,126.6678187,
인천광역시교육청,남부교육지원청,인천만석초등학교병설유치원,공립(병설),정수성,정수성,19850210,19850210,인천광역시 동구 제물량로 412,032-627-4638, ,http://www.manseok.icees.kr/main.do,08시40분~18시00분,0,0,0,1,0,16,0,0,0,16,0,0,0,0,2,0,37.48419403,126.6285929,
인천광역시교육청,남부교육지원청,인천문학초등학교병설유치원,공립(병설),김난령,김난령,19970311,19970311,인천광역시 미추홀구 매소홀로 553,032-629-0153,032-435-0367,http://munhak.icees.kr/,08시40분~19시00분,0,0,0,1,0,16,0,0,0,16,0,0,0,0,3,0,37.43953284,126.6825262,
인천광역시교육청,남부교육지원청,인천별빛초등학교병설유치원,공립(병설),이현선,이현선,20200901,20200901,인천광역시 중구 은하수로 402,032-455-8788, ,http://starlight.icees.kr,08시40분~19시00분,1,1,2,0,1,71,13,16,38,0,4,13,16,38,0,4,37.49085216,126.5508076,
인천광역시교육청,남부교육지원청,인천삼목초등학교장봉분교장병설유치원,공립(병설),이항녕,이항녕,19810301,19810301,인천광역시 옹진군 장봉로 553,032-746-8055,032-746-8054, ,08시30분~17시30분,0,0,0,1,0,15,0,0,0,15,0,0,0,0,2,0,37.53413004,126.3369052,
인천광역시교육청,남부교육지원청,인천서림초등학교병설유치원,공립(병설),백영미,백영미,19950301,19950301,인천광역시 동구 금곡로 105,032-629-1757,032-629-1772,http://seorim.icees.kr/main.do,08시30분~19시00분,0,1,1,0,0,38,0,18,20,0,0,0,5,5,0,0,37.47538014,126.6471692,
인천광역시교육청,남부교육지원청,인천서화초등학교병설유치원,공립(병설),홍순삼,홍순삼,19870301,19870301,인천광역시 미추홀구 송림로 250,032-629-0928,032-868-9237,http://shwa.icees.kr,08시40분~19시00분,1,1,1,0,0,51,13,18,20,0,0,6,5,11,0,0,37.47398611,126.6608134,
인천광역시교육청,남부교육지원청,인천서흥초등학교병설유치원,공립(병설),김동위,김동위,19971121,19980306,인천광역시 동구 샛골로 189,032-629-0043,032-629-0041,http://seoheung.icees.kr/main.do,08시40분~18시00분,0,1,1,0,0,38,0,18,20,0,0,0,4,6,0,0,37.47952711,126.6446593,
인천광역시교육청,남부교육지원청,인천송림초등학교병설유치원,공립(병설),전승배,전승배,19880315,19880315,인천광역시 동구 화도진로 10,032-458-9600, , ,08시50분~19시00분,0,0,1,1,1,36,0,0,18,14,4,0,0,7,5,4,37.47377103,126.6374351,
인천광역시교육청,남부교육지원청,인천송현초등학교병설유치원,공립(병설),윤홍표,윤홍표,19961109,19970310,인천광역시 동구 송화로 45,032-629-1924,032-629-1925,http://ish.icees.kr/,08시40분~18시00분,0,0,0,1,0,16,0,0,0,16,0,0,0,0,4,0,37.48208663,126.6333642,
인천광역시교육청,남부교육지원청,인천숭의초등학교병설유치원,공립(병설),박병춘,박병춘,19950301,19950301,인천광역시 미추홀구 장천로 99,032-629-0290,032-887-9017,http://soongwi.icees.kr/main.do,08시30분~19시00분,0,0,1,0,0,20,0,0,20,0,0,0,0,15,0,0,37.46372037,126.6557076,
인천광역시교육청,남부교육지원청,인천신선초등학교병설유치원,공립(병설),이영숙,이영숙,20030301,20030301,인천광역시 중구 축항대로291번길 33,032-650-0820,032-650-0807,http://sinsun.icees.kr,08시40분~18시00분,1,1,1,0,0,51,13,18,20,0,0,5,9,13,0,0,37.45138742,126.6275639,
인천광역시교육청,남부교육지원청,인천신흥초등학교병설유치원,공립(병설),김용주,김용주,20191101,20191101,인천광역시 중구 제물량로 134,032-510-7846, ,http://icsh.icees.kr,08시50분~19시00분,0,0,1,1,0,36,0,0,20,16,0,0,0,9,11,0,37.47024571,126.6282027,
인천광역시교육청,남부교육지원청,인천연안초등학교병설유치원,공립(병설),배상경,배상경,20190301,20190301,인천광역시 중구 연안부두로33번길 53,032-883-6794, ,http://yonan.icees.kr/main.do,08시40분~18시30분,1,1,1,0,0,51,13,18,20,0,0,9,11,14,0,0,37.45368752,126.6076254,
인천광역시교육청,남부교육지원청,인천연학초등학교병설유치원,공립(병설),이은혜,이은혜,20191101,20191101,인천광역시 미추홀구 주승로 20,032-629-1124, ,http://yeonhak.icees.kr/,08시30분~19시00분,1,1,1,0,0,51,13,18,20,0,0,11,8,17,0,0,37.44356467,126.6719174,
인천광역시교육청,남부교육지원청,인천영종초등학교병설유치원,공립(병설),전정심,전정심,20120910,20120910,인천광역시 중구 하늘달빛로 133,032-627-9881,032-746-9429,http://yj.icees.kr/main.do,09시00분~19시00분,1,1,1,0,0,51,13,18,20,0,0,13,18,20,0,0,37.48876737,126.5529329,
인천광역시교육청,남부교육지원청,인천용유초등학교병설유치원,공립(병설),이재원,이재원,19810301,19810301,인천광역시 중구 남북로87번길 4,032-746-7595,032-746-7597,http://www.yongyu.icees.kr,08시40분~18시00분,0,0,0,1,0,16,0,0,0,16,0,0,0,0,8,0,37.44825174,126.4123737,
인천광역시교육청,남부교육지원청,인천용일초등학교병설유치원,공립(병설),박미경,박미경,19950301,19950301,인천광역시 미추홀구 인주대로 244,032-629-0873,032-629-0878,http://yongil.icees.kr/main.do,08시50분~18시30분,0,1,1,0,0,38,0,18,20,0,0,0,3,12,0,0,37.45245028,126.6633619,
인천광역시교육청,남부교육지원청,인천용정초등학교병설유치원,공립(병설),박태규,박태규,19870218,19870218,인천광역시 미추홀구 독정안길 26,032-629-0987,032-876-6133,http://inyj.icees.kr,08시30분~18시00분,0,0,0,1,0,16,0,0,0,16,0,0,0,0,16,0,37.45943725,126.6572348,
인천광역시교육청,남부교육지원청,인천용학초등학교병설유치원,공립(병설),곽재희,곽재희,20160901,20160901,인천광역시 미추홀구 용정공원로83번길 9,032-627-6311,032-886-9717,http://www.yh.icees.kr,08시50분~19시00분,1,2,2,0,0,89,13,36,40,0,0,13,30,35,0,0,37.44676348,126.6434992,
인천광역시교육청,남부교육지원청,인천용현남초등학교자월분교장병설유치원,공립(병설),박형원,박형원,19850301,19850315,인천광역시 옹진군 자월서로 177,032-831-7419,032-831-7420,http://yhn.icees.kr,08시30분~18시00분,0,0,0,1,0,16,0,0,0,16,0,0,0,0,3,0,37.25382064,126.3064722,
인천광역시교육청,남부교육지원청,인천주안초등학교병설유치원,공립(병설),고준명,고준명,20171023,20180302,인천광역시 미추홀구 남주길69번길 16,032-458-9919, , ,08시40분~18시00분,0,1,2,0,1,42,0,18,20,0,4,0,6,17,0,4,37.45465347,126.6738978,
인천광역시교육청,남부교육지원청,인천중산초등학교병설유치원,공립(병설),이영민,이영민,20190301,20190301,인천광역시 중구 두미포로 100,032-509-3600,032-509-3604,http://www.ijse.icees.kr,09시00분~19시00분,1,2,2,0,0,89,13,36,40,0,0,13,33,39,0,0,37.49471569,126.5653914,
인천광역시교육청,남부교육지원청,인천창영초등학교병설유치원,공립(병설),차건호,차건호,19950301,19950301,인천광역시 동구 우각로15번길 16,032-629-1975,032-764-2348,http://changyeong.icees.kr/main.do,08시30분~19시00분,0,0,0,1,0,16,0,0,0,16,0,0,0,0,4,0,37.47186486,126.6394562,
인천광역시교육청,남부교육지원청,인천하늘초등학교병설유치원,공립(병설),최혜숙,최혜숙,20130901,20130913,인천광역시 중구 은하수로 294,032-745-6770,032-745-6710,http://sky.icees.kr,08시40분~19시00분,1,1,1,0,0,51,13,18,20,0,0,11,17,20,0,0,37.49792717,126.5579454,
인천광역시교육청,남부교육지원청,인천학익초등학교병설유치원,공립(병설),김형우,김형우,19870817,19870817,인천광역시 미추홀구 한나루로403번길 122,032-629-0429,032-866-7118, ,08시30분~18시00분,0,0,0,1,1,20,0,0,0,16,4,0,0,0,5,4,37.44655727,126.6582866,
인천광역시교육청,남부교육지원청,자유유치원,공립(단설),송정례,송정례,20020315,20020315,인천광역시 중구 자유공원로 105,032-777-1563,032-777-1561,http://jayu.icekg.kr,09시00분~19시00분,3,3,3,0,9,189,39,54,60,0,36,18,17,20,0,33,37.47838072,126.6223085,
인천광역시교육청,남부교육지원청,재능대학교부속유치원,사립(법인),김연희,김연희,19821231,19821231,인천광역시 동구 재능로 178,032-761-5000,032-762-3504,https://kids.jeiu.ac.kr,08시00분~19시00분,3,2,3,0,0,210,54,55,78,0,0,54,55,78,0,0,37.4748411,126.6502911,
인천광역시교육청,남부교육지원청,지영유치원,사립(사인),이인기,김명순,20070405,20070405,인천광역시 중구 도원로8번길 28,032-882-6161,032-891-9738, ,09시00분~19시00분,1,2,2,0,0,163,18,46,50,0,0,9,28,40,0,0,37.46443705,126.6377491,
인천광역시교육청,남부교육지원청,진흥유치원,사립(사인),이인순,장지현,19960304,19960304,인천광역시 미추홀구 주승로 109,032-425-0360,032-425-0360, ,07시00분~22시00분,1,2,2,0,0,127,23,54,50,0,0,21,51,31,0,0,37.4457371,126.6817826,
인천광역시교육청,남부교육지원청,참빛유치원,사립(사인),한만을,권혜림,20080301,20080301,인천광역시 미추홀구 수봉로135번길 31,032-882-9371,032-881-9371, ,09시00분~19시00분,1,2,2,0,0,144,20,40,40,0,0,7,28,32,0,0,37.45834004,126.6659619,
인천광역시교육청,남부교육지원청,초롱유치원,사립(사인),기순신,김미경,20130311,20130311,인천광역시 중구 영종대로27번길 6,751-8400,032-751-8510,https://cafe.naver.com/chokids,09시00분~19시00분,2,2,2,0,0,153,44,54,55,0,0,21,47,48,0,0,37.49675354,126.4829959,
인천광역시교육청,남부교육지원청,프라임건영유치원,사립(법인),박화자,박화자,20160627,20160701,인천광역시 미추홀구 남주길11번길 79,032-863-6854,032-714-3795,http://www.primeky.co.kr,09시00분~19시00분,1,2,2,0,0,122,18,46,46,0,0,14,35,44,0,0,37.45746615,126.6720455,
인천광역시교육청,남부교육지원청,하늘유치원,사립(사인),김옥린,오윤란,20030314,20030314,인천광역시 미추홀구 미추홀대로626번길 47,032-439-0071,031-439-0072,http://www.juansky.co.kr,09시00분~18시30분,1,1,1,0,0,68,17,23,28,0,0,12,26,28,0,0,37.45336864,126.6826661,
인천광역시교육청,남부교육지원청,한빛유치원,사립(사인),최미숙,최윤정,20120329,20120329,인천광역시 미추홀구 소성로 120,032-875-8008,032-875-8112,http://cafe.naver.com/hvkid,08시00분~19시00분,2,2,2,0,0,134,40,44,50,0,0,38,41,49,0,0,37.44250202,126.6608105,
인천광역시교육청,남부교육지원청,한울유치원,사립(사인),김경순,박미혜,20050301,20050301,인천광역시 동구 솔빛로 17,032-777-2007,032-777-2008, ,07시00분~22시00분,2,3,2,0,0,184,54,73,57,0,0,25,37,43,0,0,37.47681331,126.6353916,
인천광역시교육청,남부교육지원청,해님나라유치원,사립(사인),이상돈,박진숙,20030303,20030303,인천광역시 중구 은골로 42,032-752-7878, , ,09시00분~19시00분,3,2,3,0,0,224,61,51,83,0,0,61,51,83,0,0,37.4963934,126.4917094,
인천광역시교육청,남부교육지원청,해승유치원,사립(사인),정미영,정미영,19950502,19950502,인천광역시 미추홀구 학익소로61번길 93,032-872-4626,032-872-4627,https://www.hskinder.co.kr/,07시00분~21시00분,2,1,1,0,0,120,60,30,30,0,0,28,20,27,0,0,37.44288996,126.6753311,
인천광역시교육청,동부교육지원청,간석유치원,사립(사인),박영민,박치호,19851207,20181224,인천광역시 남동구 석산로220번길 18,032-467-6446,032-213-6446, ,07시30분~19시00분,1,2,2,0,0,113,18,46,49,0,0,7,16,24,0,0,37.46003524,126.7159547,
인천광역시교육청,동부교육지원청,경희유치원,사립(사인),송경희,송경희,20071213,20071213,인천광역시 남동구 찬우물로 9-3,032-473-7979,032-462-2255,http://kyounghee.kidis.co.kr,08시00분~18시30분,3,3,3,0,0,240,63,76,84,0,0,63,76,81,0,0,37.43863139,126.718626,
인천광역시교육청,동부교육지원청,글로벌레인보우유치원,사립(사인),박연희,박현주,20150622,20150901,인천광역시 연수구 센트럴로 233,032-858-8600, , ,09시00분~19시00분,8,9,8,0,0,605,192,216,197,0,0,191,212,197,0,0,37.39599034,126.6366422,
인천광역시교육청,동부교육지원청,기암유치원,사립(사인),박훈일,박영주,20000731,20000731,인천광역시 남동구 서판로 43,032-465-1145,032-232-4987,https://cafe.naver.com/kiamschool,09시00분~19시00분,1,1,2,0,0,230,18,26,44,0,0,10,22,34,0,0,37.46424158,126.7246574,
인천광역시교육청,동부교육지원청,꿈동산유치원,사립(사인),이명옥,이명옥,19950204,19950204,인천광역시 연수구 용담로 3,032-815-8871,032-815-8872, ,09시00분~19시00분,2,2,3,1,0,168,44,38,66,20,0,44,38,65,20,0,37.42394445,126.669667,
인천광역시교육청,동부교육지원청,꿈의보람유치원,사립(사인),정은덕,정은덕,20080513,20080513,인천광역시 남동구 인주대로721번길 56,032-462-6333,032-462-6334, ,07시00분~21시00분,1,1,2,0,0,74,18,22,34,0,0,17,21,32,0,0,37.45181537,126.7175201,
인천광역시교육청,동부교육지원청,논현유치원,공립(단설),이정희,이정희,20090330,20090330,인천광역시 남동구 은봉로 177,032-629-9480,032-629-9499,http://nhu.icekg.kr,09시00분~19시00분,1,2,2,0,2,89,13,36,40,0,8,11,26,29,0,8,37.40554166,126.7098063,
인천광역시교육청,동부교육지원청,다샘유치원,사립(사인),이미경,이미경,19960301,19960301,인천광역시 연수구 먼우금로83번길 12,032-816-2509,032-816-2508, ,09시00분~21시00분,1,2,1,0,0,130,50,40,40,0,0,17,18,16,0,0,37.40688132,126.6697261,
인천광역시교육청,동부교육지원청,다슬기유치원,사립(법인),심현일,이성희(직무대리),19980701,19980701,인천광역시 연수구 새말로 134,032-821-3833,032-817-3283, ,09시00분~19시00분,1,1,2,0,0,200,25,24,52,0,0,8,16,24,0,0,37.41707014,126.6831688,
인천광역시교육청,동부교육지원청,동심유치원,사립(사인),권태악,우명자,19880226,19880226,인천광역시 남동구 성말로35번길 61,032-433-7335,032-433-7336,http://www.dongsim.kg.kr,09시00분~19시00분,2,3,3,0,0,308,46,69,84,0,0,32,46,68,0,0,37.4480341,126.704812,
인천광역시교육청,동부교육지원청,동화나라유치원,사립(사인),채영순,채영순,19950301,19950301,인천광역시 연수구 원인재로 14,032-813-6304,032-813-6310,https://cafe.naver.com/dhna8136304,09시00분~19시00분,1,2,1,0,0,160,25,50,28,0,0,20,34,26,0,0,37.40175348,126.669979,
인천광역시교육청,동부교육지원청,미상지유치원,사립(사인),이정식,황은영,20060511,20060511,인천광역시 연수구 용담로62번길 14,032-814-2811,032-814-2711, ,08시00분~19시00분,2,2,2,0,0,180,60,60,60,0,0,45,54,52,0,0,37.41826437,126.6733043,
인천광역시교육청,동부교육지원청,미예뜰유치원,사립(사인),문순자,문순자,20101206,20110301,인천광역시 남동구 경신로 42,032-466-3051,032-465-3051,http://www.miyeddlei.net/,09시00분~19시00분,3,3,2,0,0,193,60,75,58,0,0,59,75,57,0,0,37.44214721,126.7277596,
인천광역시교육청,동부교육지원청,바다의별유치원,사립(사인),김효식,김효식,19900301,19900301,인천광역시 연수구 옥련로 33,032-833-1466,032-833-7466,http://www.seastarkids.com,08시00분~19시00분,2,2,2,0,0,139,39,48,52,0,0,22,42,46,0,0,37.42785064,126.6446006,
인천광역시교육청,동부교육지원청,반디유치원,사립(사인),임정화,임정화,20150610,20150801,인천광역시 남동구 서창남순환로 124,032-463-2368,032-462-2368, ,09시10분~18시00분,2,4,5,0,0,346,72,100,125,0,0,28,80,109,0,0,37.42927647,126.7438878,
인천광역시교육청,동부교육지원청,복자유치원,사립(법인),이순이,박미영,20001227,20010301,인천광역시 남동구 백범로247번길 47-23,032-464-2740,032-461-5076,http://www.bja.or.kr,08시40분~19시00분,2,2,2,0,0,107,36,48,52,0,0,30,41,36,0,0,37.45891018,126.7231619,
인천광역시교육청,동부교육지원청,부광예능유치원,사립(사인),손남숙,손남숙,19930302,19930302,인천광역시 연수구 원인재로 56,032-815-7475, ,https://bgekinder.kidsnote.ac/,09시30분~19시00분,1,2,2,0,0,135,35,50,50,0,0,15,22,48,0,0,37.40356692,126.6744728,
인천광역시교육청,동부교육지원청,부광유치원,사립(사인),박수미,유혜자,19951206,19951206,인천광역시 연수구 원인재로 124,032-816-1064,032-816-1084,http://bukwangkid.kidis.co.kr,09시00분~19시00분,2,1,2,0,0,170,46,30,58,0,0,27,30,55,0,0,37.40947453,126.6796701,
인천광역시교육청,동부교육지원청,브레인유치원,사립(사인),김진수,김순옥(직무대리),20110516,20110520,인천광역시 남동구 논고개로175번길 22-9,032-433-9700,032-437-4343, ,09시00분~19시00분,2,4,4,0,0,299,40,80,90,0,0,23,74,88,0,0,37.40698972,126.7215636,
인천광역시교육청,동부교육지원청,사랑유치원,사립(사인),황규명 황규환,황규명,19930217,19930217,인천광역시 연수구 선학로 100,032-814-7324,032-814-7325, ,09시30분~19시00분,1,2,2,1,0,118,19,42,39,18,0,14,40,39,13,0,37.42729766,126.6997504,
인천광역시교육청,동부교육지원청,삼성유치원,사립(사인),김정옥,김정옥,20080825,20080825,인천광역시 남동구 용천로 49,032-465-4928,032-465-4929, ,07시00분~19시00분,1,2,2,0,0,120,32,44,44,0,0,17,23,44,0,0,37.45394208,126.7139153,
인천광역시교육청,동부교육지원청,새싹유치원,사립(사인),김홍철,김지홍,19950321,19950321,인천광역시 연수구 청량로109번길 22,032-831-2320,032-831-2321, ,09시30분~19시00분,2,2,2,0,0,210,40,44,52,0,0,20,31,32,0,0,37.41733349,126.6540963,
인천광역시교육청,동부교육지원청,새예지유치원,사립(사인),김식훈,김춘자,20080110,20080110,인천광역시 남동구 용천로 50,032-473-0923, , ,07시30분~19시00분,2,2,2,0,0,160,38,50,56,0,0,38,49,56,0,0,37.45388754,126.714932,
인천광역시교육청,동부교육지원청,새인예유치원,사립(사인),최연희,김정옥,19850301,19850301,인천광역시 남동구 구월남로 52-1,032-425-4488,032-425-3341, ,08시30분~19시00분,0,0,0,2,0,70,0,0,0,70,0,0,0,0,52,0,37.45362772,126.6950683,
인천광역시교육청,동부교육지원청,새하늘유치원,사립(사인),나경례,소경희,19960523,19960523,인천광역시 연수구 원인재로 232,032-819-0095,032-819-9789, ,09시00분~19시00분,1,1,1,0,0,90,24,26,26,0,0,17,18,14,0,0,37.41518937,126.6884552,
인천광역시교육청,동부교육지원청,샤인유치원,사립(법인),이서율,백은정,20080331,20080401,인천광역시 남동구 은봉로375번길 108,032-435-7782,032-435-7783, ,08시00분~19시00분,3,4,3,0,0,229,80,84,65,0,0,56,82,72,0,0,37.40875943,126.7309803,
인천광역시교육청,동부교육지원청,소담숲유치원,사립(사인),변정자,조유리,20080331,20080331,인천광역시 남동구 남동대로 860-1,032-464-7959,032-464-7957, ,09시00분~21시00분,2,2,2,0,0,147,42,51,54,0,0,34,36,51,0,0,37.45719092,126.7107267,
인천광역시교육청,동부교육지원청,송도국제유치원,사립(사인),김승은,김정순,20141128,20141128,인천광역시 연수구 송도교육로 27,032-822-3363,032-817-3363,https://www.sik-i.com/main/main.html,09시00분~19시00분,7,7,6,0,0,532,182,197,153,0,0,173,197,151,0,0,37.37335699,126.6567179,
인천광역시교육청,동부교육지원청,수피아유치원,사립(사인),박길자,박길자,20131128,20140301,인천광역시 남동구 찬우물로29번길 12,032-472-4816,032-472-4818, ,08시00분~19시00분,4,3,2,0,0,320,52,72,60,0,0,43,53,48,0,0,37.43764582,126.7214347,
인천광역시교육청,동부교육지원청,신도유치원,사립(사인),김신도,이숙향,19931115,19940302,인천광역시 연수구 먼우금로 302,032-813-9889,032-814-2685, ,07시30분~19시00분,1,1,2,0,0,86,26,26,28,0,0,7,19,30,0,0,37.42262609,126.6829072,
인천광역시교육청,동부교육지원청,신명유치원,사립(사인),박송자,박송자,19901126,19901126,인천광역시 남동구 백범로101번길 25,032-464-7117,032-464-1228,https://symkids.modoo.at,09시00분~19시00분,2,2,2,0,0,139,36,48,54,0,0,21,26,47,0,0,37.45255104,126.734473,
인천광역시교육청,동부교육지원청,아름솔유치원,사립(사인),김미경,김미경,19940104,19940104,인천광역시 연수구 청능대로 124,032-812-4728,032-811-4728,https://sol4728.kidsnote.ac,09시00분~19시00분,2,2,2,0,0,150,46,48,56,0,0,46,46,55,0,0,37.41131286,126.6768844,
인천광역시교육청,동부교육지원청,아삽유치원,사립(사인),김미자,김미자,20131018,20140302,인천광역시 남동구 백범로247번길 58,032-267-7803,032-469-7803,http://cafe.naver.com/asaphk,07시00분~22시00분,1,1,2,0,0,80,16,24,40,0,0,10,18,30,0,0,37.45799005,126.7215419,
인천광역시교육청,동부교육지원청,아이웰유치원,사립(사인),최영란,최영란,20100614,20100614,인천광역시 연수구 청량로194번길 6,032-832-0033, , ,09시00분~19시00분,1,3,2,0,0,144,25,69,50,0,0,15,59,49,0,0,37.42406672,126.6529808,
인천광역시교육청,동부교육지원청,아이큰별유치원,사립(사인),조남희,조주연,20150624,20150901,인천광역시 남동구 선수촌공원로 56,032-469-9700,032-469-9701,https://cafe.naver.com/ibigstarkindergarten,09시00분~19시00분,3,3,3,0,0,308,54,88,76,0,0,36,54,65,0,0,37.44398402,126.7104126,
인천광역시교육청,동부교육지원청,에듀피아유치원,사립(법인),주)양광건설,김경화,20150622,20150901,인천광역시 남동구 장아산로232번길 16-5,032-471-0022,032-471-2500,https://www.instagram.com/edupiakinder/,09시00분~19시00분,5,5,6,0,0,426,91,130,168,0,0,91,130,146,0,0,37.43033437,126.7507768,
인천광역시교육청,동부교육지원청,에이스화인유치원,사립(사인),지재웅,김현미,20130116,20130301,인천광역시 남동구 에코중앙로84번길 9,032-431-5271, , ,08시00분~19시00분,5,6,4,0,0,400,120,130,150,0,0,96,145,122,0,0,37.38619996,126.7210337,
인천광역시교육청,동부교육지원청,연수유치원,사립(사인),유민정,최미정,20020201,20020201,인천광역시 연수구 새말로 111,032-811-5527, ,https://cafe.naver.com/yeonsookindergarten/2,09시00분~19시00분,1,2,2,0,0,156,20,50,50,0,0,19,42,37,0,0,37.41953773,126.6835136,
인천광역시교육청,동부교육지원청,예다원유치원,사립(사인),안지혜,안종민,20120823,20130304,인천광역시 남동구 앵고개로941번길 23,324375003,032-437-5002, ,09시00분~18시00분,5,5,5,0,0,390,120,130,140,0,0,119,130,135,0,0,37.4035649,126.7341751,
인천광역시교육청,동부교육지원청,온누리비전유치원,사립(사인),허하숙,허하숙,19960306,20110412,인천광역시 연수구 청량로185번길 16,032-832-0512,070-8765-0230, ,07시00분~21시00분,1,2,2,0,0,103,23,40,40,0,0,17,25,28,0,0,37.42387703,126.6523481,
인천광역시교육청,동부교육지원청,유엔유치원,사립(사인),이주현 구동열,이주현,20190228,20190306,인천광역시 연수구 랜드마크로 113,032-710-8277,032-710-8278,http://www.unkinder.co.kr/,09시00분~19시00분,5,5,4,2,0,370,110,125,113,22,0,110,125,113,22,0,37.41343662,126.6179002,
인천광역시교육청,동부교육지원청,인보유치원,사립(사인),안정숙,손정민,19931219,19931219,인천광역시 연수구 원인재로 312,032-812-7649,032-818-5559, ,09시00분~19시00분,1,1,1,0,0,120,18,23,24,0,0,15,16,24,0,0,37.42136568,126.6958744,
인천광역시교육청,동부교육지원청,인천간석초등학교병설유치원,공립(병설),김홍록,김홍록,19960301,19960301,인천광역시 남동구 석산로208번길 37,032-510-7860,032-510-7881,http://igs.icees.kr,08시40분~18시00분,1,1,2,0,1,71,13,18,40,0,0,5,10,20,0,4,37.45932885,126.716131,
인천광역시교육청,동부교육지원청,인천고잔유치원,공립(단설),이옥주,이옥주,20100301,20100301,인천광역시 남동구 앵고개로815번길 71,032-438-5261,032-438-5264,http://igj.icekg.kr/,09시00분~19시00분,2,2,2,0,2,110,26,36,40,0,8,14,29,27,0,7,37.39664266,126.7217836,
인천광역시교육청,동부교육지원청,인천고잔초등학교병설유치원,공립(병설),문창석,문창석,20090904,20090904,인천광역시 남동구 아암대로1503번길 48,032-433-0466,032-433-6460, ,08시30분~19시00분,0,2,1,0,0,56,0,36,20,0,0,0,28,15,0,0,37.3929192,126.7285332,
인천광역시교육청,동부교육지원청,인천구월유치원,공립(단설),신인덕,신인덕,20140728,20150301,인천광역시 남동구 인하로 622,032-627-9190,032-472-4599,http://iguwol.icekg.kr,08시40분~19시00분,3,3,3,0,3,153,35,50,56,0,12,35,47,52,0,12,37.44262838,126.7158262,
인천광역시교육청,동부교육지원청,인천논곡초등학교병설유치원,공립(병설),유병호,유병호,19990310,19990310,인천광역시 남동구 함박뫼로 429,032-629-5713,032-446-2989, ,08시50분~19시00분,0,0,0,1,1,16,0,0,0,12,4,0,0,0,4,3,37.410647,126.7104879,
인천광역시교육청,동부교육지원청,인천도림초등학교병설유치원,공립(병설),원용호,원용호,20040301,20040301,인천광역시 남동구 논고개로334번길 21,032-441-0095,032-446-2599,http://idorim.es.kr,09시00분~19시00분,0,1,1,0,0,38,0,18,20,0,0,0,14,16,0,0,37.41923131,126.7317971,
인천광역시교육청,동부교육지원청,인천동방초등학교병설유치원,공립(병설),최진표,최진표,20060901,20060901,인천광역시 남동구 논현역로 31,032-442-0343,032-442-0340, ,09시00분~19시00분,1,1,1,0,0,51,13,18,20,0,0,2,5,14,0,0,37.40316099,126.7195496,
인천광역시교육청,동부교육지원청,인천동부초등학교병설유치원,공립(병설),최정숙,최정숙,19850310,19850310,인천광역시 남동구 만수서로33번길 25,032-629-4108,032-466-7463,http://dongbu-ice.icees.kr/,09시00분~18시00분,0,0,0,1,0,16,0,0,0,16,0,0,0,0,3,0,37.46298059,126.7275475,
인천광역시교육청,동부교육지원청,인천동춘초등학교병설유치원,공립(병설),한의섭,한의섭,19850301,19850301,인천광역시 연수구 앵고개로 224,032-817-3604, ,http://idc.icees.kr,09시00분~17시00분,1,1,1,0,0,51,13,18,20,0,0,2,9,8,0,0,37.40960392,126.6683881,
인천광역시교육청,동부교육지원청,인천만수초등학교병설유치원,공립(병설),이성우,이성우,20191001,20191001,인천광역시 남동구 소래로 652,032-629-3558,032-471-4271,http://mansoo.icees.kr/main.do,08시30분~17시30분,1,1,1,0,1,55,13,18,20,0,4,10,8,5,0,4,37.44730181,126.7347827,
인천광역시교육청,동부교육지원청,인천만월초등학교병설유치원,공립(병설),최인자,최인자,20150907,20150907,인천광역시 남동구 선수촌로 28,032-629-4661~2,032-469-3926,http://manwol.icees.kr,09시00분~19시00분,1,1,1,0,0,51,13,18,20,0,0,10,13,5,0,0,37.44180612,126.7155204,
인천광역시교육청,동부교육지원청,인천먼우금초등학교병설유치원,공립(병설),김성자,김성자,20050401,20050401,인천광역시 연수구 해돋이로84번길 33,032-629-6246,032-851-0534,http://mwg.icees.kr/,09시00분~18시30분,0,1,2,0,0,58,0,18,40,0,0,0,7,23,0,0,37.39330582,126.6541878,
인천광역시교육청,동부교육지원청,인천명선초등학교병설유치원,공립(병설),이지훈,이지훈,20120301,20120301,인천광역시 연수구 컨벤시아대로42번길 64,032-851-7301, ,http://www.ims.icees.co.kr,08시40분~19시00분,1,1,1,0,0,51,13,18,20,0,0,13,18,20,0,0,37.40258006,126.6474372,
인천광역시교육청,동부교육지원청,인천미송유치원,공립(단설),홍혜숙,홍혜숙,20220301,20220301,인천광역시 연수구 아카데미로 655,032-460-6900, ,http://misong.icekg.kr,08시30분~19시00분,6,6,6,0,3,306,74,104,116,0,12,74,104,116,0,12,37.41350307,126.6136442,
인천광역시교육청,동부교육지원청,인천미송초등학교병설유치원,공립(병설),장인숙,장인숙,20190301,20190306,인천광역시 연수구 아카데미로 667,032-509-1000,032-509-1090,http://www.misong.icees.kr/main.do#chgInfo,08시50분~18시30분,1,2,2,0,0,89,13,36,40,0,0,13,36,40,0,0,37.41477678,126.6133521,
인천광역시교육청,동부교육지원청,인천사리울초등학교병설유치원,공립(병설),박경섭,박경섭,20110301,20110301,인천광역시 남동구 아암대로1437번길 50,032-454-7080,032-438-9206,http://sariul.icees.kr,08시40분~18시30분,0,1,2,0,0,58,0,18,40,0,0,0,4,14,0,0,37.38857786,126.7235169,
인천광역시교육청,동부교육지원청,인천상아초등학교병설유치원,공립(병설),임동균,임동균,20080312,20080312,인천광역시 남동구 석산로184번길 66,032-473-3024,032-473-3030,http://sang-a.icees.kr,09시00분~18시00분,1,1,1,0,0,51,13,18,20,0,0,8,13,8,0,0,37.45747893,126.7120141,
인천광역시교육청,동부교육지원청,인천새봄초등학교병설유치원,공립(병설),이희정,이희정,20200901,20200903,인천광역시 연수구 앵고개로104번길 34,032-455-8822, , ,09시00분~19시00분,1,1,1,0,0,51,13,18,20,0,0,13,18,20,0,0,37.40969162,126.6576225,
인천광역시교육청,동부교육지원청,인천서창초등학교병설유치원,공립(병설),김연갑,김연갑,20040301,20040301,인천광역시 남동구 장아산로174번길 8,032-629-9711, ,http://seochang.icees.kr/main.do,09시00분~18시00분,0,1,1,0,0,38,0,18,20,0,0,0,2,18,0,0,37.43592732,126.7500724,
인천광역시교육청,동부교육지원청,인천소래초등학교병설유치원,공립(병설),권성오,권성오,20020301,20020301,인천광역시 남동구 장도로 2,032-629-5930,032-629-6004,http://soraecho.icees.kr,09시00분~19시00분,1,1,1,0,1,55,13,18,20,0,4,11,16,8,0,4,37.40443771,126.7343605,
인천광역시교육청,동부교육지원청,인천송담초등학교병설유치원,공립(병설),박상형,박상형,20210301,20210305,인천광역시 연수구 아카데미로 627,032-456-7590, ,https://songdam.icees.kr/,09시00분~19시00분,1,1,2,0,1,71,13,16,38,0,4,13,16,38,0,4,37.4102486,126.6148306,
인천광역시교육청,동부교육지원청,인천송도꿈유치원,공립(단설),이미경,이미경,20210301,20210301,인천광역시 연수구 송도교육로 79,032-456-7500,032-822-9602,http://sdream.icekg.kr,08시30분~19시00분,6,6,6,0,3,306,74,104,116,0,12,74,104,116,0,12,37.37051362,126.6614733,
인천광역시교육청,동부교육지원청,인천송명초등학교병설유치원,공립(병설),김경옥,김경옥,20140301,20140310,인천광역시 연수구 송도교육로 19,032-830-7570, ,http://www.ism.icees.kr,08시50분~19시00분,1,1,1,0,0,51,13,18,20,0,0,13,18,20,0,0,37.37448467,126.6560968,
인천광역시교육청,동부교육지원청,인천송원초등학교병설유치원,공립(병설),신연옥,신연옥,20130301,20130301,인천광역시 연수구 송도과학로51번길 60,032-830-7390,032-830-7329,http://www.songwon.icees.kr,08시40분~19시00분,1,1,1,0,0,51,13,18,20,0,0,13,18,20,0,0,37.38595684,126.6692884,
인천광역시교육청,동부교육지원청,인천송일초등학교병설유치원,공립(병설),허준양,허준양,20150817,20150901,인천광역시 연수구 컨벤시아대로252번길 15,032-550-7781, ,http://songil.icees.kr,08시00분~19시00분,1,2,2,0,0,89,13,36,40,0,0,13,33,30,0,0,37.38418597,126.635134,
인천광역시교육청,동부교육지원청,인천신송초등학교병설유치원,공립(병설),유순정,유순정,20060301,20060301,인천광역시 연수구 해돋이로56번길 28,032-858-0940,032-858-0939,http://sse.icees.kr,08시30분~19시00분,0,2,2,0,0,76,0,36,40,0,0,0,22,18,0,0,37.39064445,126.6577712,
인천광역시교육청,동부교육지원청,인천신월초등학교병설유치원,공립(병설),김동준,김동준,20040301,20040301,인천광역시 남동구 인주대로776번길 14,032-629-6100, ,http://www.shinwol.icees.kr,08시40분~19시00분,0,1,1,0,1,42,0,18,20,0,4,0,2,3,0,4,37.44759834,126.7237311,
인천광역시교육청,동부교육지원청,인천신정초등학교병설유치원,공립(병설),전병식,전병식,20100901,20100901,인천광역시 연수구 아트센터대로97번길 72,032-629-6991,032-851-9048,http://shinjeong.icees.kr/main.do,09시00분~19시00분,0,1,2,0,1,62,0,18,40,0,4,0,17,37,0,4,37.39732821,126.6444907,
인천광역시교육청,동부교육지원청,인천예송유치원,공립(단설),류기열,류기열,20160806,20160901,인천광역시 연수구 컨벤시아대로302번길 23,032-629-9570,032-858-9483,http://iyesong.icekg.kr,08시00분~19시00분,4,4,4,0,3,204,48,68,76,0,12,48,68,76,0,12,37.38097299,126.6312661,
인천광역시교육청,동부교육지원청,인천예송초등학교병설유치원,공립(병설),이학곤,이학곤,20150417,20180301,인천광역시 연수구 컨벤시아대로252번길 75,032-458-9175,032-858-7883, ,09시00분~19시00분,1,2,2,0,1,89,13,36,36,0,4,13,36,36,0,4,37.38745383,126.6303401,
인천광역시교육청,동부교육지원청,인천원동초등학교병설유치원,공립(병설),공숙자,공숙자,20110301,20110301,인천광역시 남동구 논고개로 38,032-629-7010,032-442-7354,http://wondong.icees.kr,09시00분~19시00분,0,1,2,0,0,58,0,18,40,0,0,0,11,19,0,0,37.39689672,126.7308565,
인천광역시교육청,동부교육지원청,인천은송초등학교병설유치원,공립(병설),이은희,이은희,20200301,20200301,인천광역시 연수구 센트럴로 460,032-510-7617,032-858-7163, ,08시40분~19시00분,1,1,2,0,1,71,13,18,20,0,4,11,18,38,0,4,37.4139322,126.6297164,
인천광역시교육청,동부교육지원청,인천인동초등학교병설유치원,공립(병설),신정호,신정호,20000301,20000301,인천광역시 남동구 백범로248번길 38,032-629-5859, , ,08시30분~18시30분,0,1,1,0,0,38,0,18,20,0,0,0,6,12,0,0,37.46282755,126.7224917,
인천광역시교육청,동부교육지원청,인천장도초등학교병설유치원,공립(병설),정주자,정주자,20060501,20060501,인천광역시 남동구 포구로 112,032-446-8735,032-446-8734,http://www.jangdo.icees.kr/main.do,09시00분~19시00분,1,1,1,0,0,51,13,18,20,0,0,6,13,15,0,0,37.40789778,126.733626,
인천광역시교육청,동부교육지원청,인천장서초등학교병설유치원,공립(병설),고승천,고승천,20160301,20160302,인천광역시 남동구 서창남순환로 109,032)770-2900, ,http://iejs.icees.kr/main.do,08시40분~19시00분,1,2,2,0,0,89,13,36,40,0,0,5,23,24,0,0,37.42921718,126.745328,
인천광역시교육청,동부교육지원청,인천장수초등학교병설유치원,공립(병설),박순진,박순진,19950301,19950301,인천광역시 남동구 담방로 121,032-461-0363,032-461-6292,http://jangsu.icees.kr,09시00분~19시00분,0,0,1,1,1,40,0,0,20,16,4,0,0,2,6,4,37.45051198,126.7417111,
인천광역시교육청,동부교육지원청,인천장아초등학교병설유치원,공립(병설),안영화,안영화,20190501,20190503,인천광역시 남동구 서창방산로 93,032-770-7081, ,http://janga.icees.kr/main.do,09시00분~19시00분,2,1,1,0,1,64,26,17,17,0,4,19,13,12,0,4,37.42451149,126.7536905,
인천광역시교육청,동부교육지원청,인천정각초등학교병설유치원,공립(병설),김재형,김재형,20070901,20070901,인천광역시 남동구 구월로 228,032-629-6593,032-462-0181,http://www.jge.icees.kr/main.do,08시50분~19시00분,1,1,2,0,1,71,13,18,36,0,4,13,18,28,0,4,37.45560093,126.7155989,
인천광역시교육청,동부교육지원청,인천주원초등학교병설유치원,공립(병설),김홍성,김홍성,20150301,20150304,인천광역시 남동구 주안로259번길 28,032-431-0046,032-431-0043,http://juwon.icees.kr/main.do,09시00분~18시30분,1,0,0,1,0,29,13,0,0,16,0,4,0,0,12,0,37.4646833,126.7003232,
인천광역시교육청,동부교육지원청,인천첨단초등학교병설유치원,공립(병설),진재호,진재호,20170301,20170301,인천광역시 연수구 송도교육로 20,032-340-8095, ,http://cheomdan.icees.kr,08시20분~19시00분,1,2,2,0,0,89,13,36,40,0,0,13,36,40,0,0,37.37314427,126.6549363,
인천광역시교육청,동부교육지원청,인천청학초등학교병설유치원,공립(병설),고병엽,고병엽,20191101,20191107,인천광역시 연수구 함박뫼로 25,032-629-5265,032-629-5268,http://che.icees.kr,09시00분~19시00분,0,0,1,1,0,36,0,0,20,16,0,0,0,10,6,0,37.41993023,126.6704681,
인천광역시교육청,동부교육지원청,인천축현초등학교병설유치원,공립(병설),이신자,이신자,19860315,19860315,인천광역시 연수구 청량로 176,032-629-5889,032-834-8494,http://ch.icees.kr,08시40분~19시00분,0,1,1,0,0,38,0,18,20,0,0,0,5,9,0,0,37.42288473,126.6545728,
인천광역시교육청,동부교육지원청,인천한빛초등학교병설유치원,공립(병설),김정민,김정민,20120501,20120501,인천광역시 남동구 서창남순환로 190-28,032-471-6436,032-471-4893,http://ihb.icees.kr,08시30분~19시00분,1,1,2,0,0,71,13,18,40,0,0,13,18,21,0,0,37.4241953,126.7441352,
인천광역시교육청,동부교육지원청,인천해송초등학교병설유치원,공립(병설),배장우,배장우,20070901,20070901,인천광역시 연수구 인천타워대로54번길 46,032-833-0943, , ,08시40분~19시00분,1,1,1,0,1,51,13,16,18,0,4,12,13,16,0,4,37.38091123,126.649285,
인천광역시교육청,동부교육지원청,인천현송초등학교병설유치원,공립(병설),이용길,이용길,20210301,20210305,인천광역시 연수구 아카데미로312번길 96,032-452-8180, ,http://hyeonsong.icees.kr/boardCnts/list.do?boardID=303958&m=0801&s=hyeonsong,09시00분~19시00분,1,1,2,0,1,71,13,18,36,0,4,13,18,36,0,3,37.39389185,126.6203812,
인천광역시교육청,동부교육지원청,자연발도르프유치원,사립(사인),김선녀,신연미,20141103,20150301,인천광역시 남동구 백범로297번길 26,032-421-7088,032-421-5288, ,09시00분~19시00분,2,2,2,0,0,151,40,51,60,0,0,30,46,48,0,0,37.46154495,126.7159467,
인천광역시교육청,동부교육지원청,작은꽃예능유치원,사립(사인),안재순,안재순,20090129,20090301,인천광역시 연수구 먼우금로 123,032-812-3578,032-811-3576, ,09시30분~19시00분,2,3,1,0,0,149,29,57,29,0,0,29,57,29,0,0,37.41137984,126.6695893,
인천광역시교육청,동부교육지원청,제니스유치원,사립(사인),정순판,조소현,20130114,20130304,인천광역시 남동구 서창방산로 99,324620567,032-227-0567,http://www.zenith0567.co.kr,07시40분~19시00분,3,5,5,0,0,532,54,130,140,0,0,50,125,116,0,0,37.42436733,126.7550469,
인천광역시교육청,동부교육지원청,조은유치원,사립(사인),이운옥,이운옥,19891114,19900301,인천광역시 남동구 인주대로 857,032-464-7763, ,http://cafe.naver.com/joenkidworld,09시00분~19시00분,0,0,0,2,0,60,0,0,0,60,0,0,0,0,24,0,37.44947122,126.7333767,
인천광역시교육청,동부교육지원청,참아름유치원,사립(사인),송점준,송점준,19941219,19941219,인천광역시 연수구 능허대로79번길 30,032-832-4411, , ,09시00분~19시00분,2,2,2,0,0,210,46,54,56,0,0,46,54,56,0,0,37.42428936,126.6440623,
인천광역시교육청,동부교육지원청,참조은유치원,사립(사인),장미옥,장미옥,20110215,20110301,인천광역시 남동구 구월로137번길 65 ,032-429-4856,032-429-4859,http://cafe.daum.net/Chamjoeun,09시00분~19시00분,1,3,3,0,0,155,17,69,69,0,0,17,69,69,0,0,37.45972928,126.7052359,
인천광역시교육청,동부교육지원청,청담숲유치원,사립(사인),박갑원,박연실,19861220,19870301,인천광역시 남동구 만경로8번길 33,032-465-1239, ,https://sites.google.com/view/cd4651239,07시30분~19시00분,2,3,2,0,0,176,56,60,60,0,0,38,41,44,0,0,37.45608833,126.7291235,
인천광역시교육청,동부교육지원청,청송유치원,사립(사인),최재준,김숙이,19950207,19950207,인천광역시 연수구 원인재로 88,032-816-1617,032-818-7188,http://청송유치원.kr,09시00분~19시00분,1,2,1,0,0,270,18,36,20,0,0,17,35,19,0,0,37.40735321,126.6797414,
인천광역시교육청,동부교육지원청,청학숲유치원,사립(사인),김세훈,장정희,19821231,19821231,인천광역시 연수구 청학로 49,032-832-0135,032-832-1619,https://cafe.naver.com/cheonghak83,09시00분~18시00분,4,3,3,0,0,390,104,81,84,0,0,99,80,79,0,0,37.43126789,126.6654373,
인천광역시교육청,동부교육지원청,큰별유치원,사립(사인),장선희,김유진,19931102,19931102,인천광역시 연수구 원인재로 81,032-812-3674, ,https://bigstar1993.kidsnote.ac,09시00분~17시00분,2,2,2,0,0,220,50,56,68,0,0,40,53,67,0,0,37.408568,126.6759455,
인천광역시교육청,동부교육지원청,키즈월드유치원,사립(사인),박성한,김연순,19950227,19950227,인천광역시 연수구 원인재로 180,032-815-1437,032-815-1439, ,09시00분~18시30분,1,1,1,0,0,120,20,25,40,0,0,14,15,34,0,0,37.41267098,126.6859646,
인천광역시교육청,동부교육지원청,푸른마을유치원,사립(사인),윤세용,나준식,19920827,19920827,인천광역시 남동구 용천로4번길 9-9,032-469-1210,032-469-0129, ,09시00분~19시00분,2,2,2,0,0,210,40,44,48,0,0,39,40,41,0,0,37.4502933,126.7145775,
인천광역시교육청,동부교육지원청,프라임명지유치원,사립(사인),장용학,임경조,20141022,20150301,인천광역시 남동구 방축로 482,032-432-3858,032-439-3858, ,08시00분~19시00분,1,3,3,0,0,268,20,54,66,0,0,16,46,61,0,0,37.4679297,126.6923339,
인천광역시교육청,동부교육지원청,프라임예지유치원,사립(사인),이화현,이순복,20100225,20100225,인천광역시 남동구 에코중앙로 192,032-811-1342,032-811-1347,http://프라임예지유치원.kr,09시00분~19시00분,5,5,6,0,0,491,125,125,162,0,0,94,99,159,0,0,37.39353883,126.7285925,
인천광역시교육청,동부교육지원청,하늘땅유치원,사립(사인),홍성훈,곽은주,20080922,20090302,인천광역시 연수구 함박안로156번길 15-12,032-811-7614,032-811-7615,http://skyearth.kr,09시00분~19시00분,3,3,4,0,0,266,71,86,109,0,0,71,86,109,0,0,37.42603551,126.6838929,
인천광역시교육청,동부교육지원청,해나라유치원,사립(사인),조영선,조영선,19940303,19940303,인천광역시 연수구 새말로 21,032-812-4268,032-812-4262, ,08시00분~19시00분,2,2,2,0,0,210,50,53,56,0,0,50,52,56,0,0,37.42432459,126.6741376,
인천광역시교육청,동부교육지원청,해돋이유치원,사립(사인),최미경,최미경,20081119,20090302,인천광역시 남동구 백범로281번길 3,032-435-7505,032-421-7565,http://www.srkids.net,09시00분~19시00분,0,0,0,2,0,111,0,0,0,45,0,0,0,0,10,0,37.46170439,126.7182447,
인천광역시교육청,동부교육지원청,해승유치원,사립(사인),김해연,김해연,19930302,19930302,인천광역시 남동구 석정로539번길 41,032-435-4627,032-435-4628,https://www.hskinder.co.kr,09시00분~19시00분,2,2,2,0,0,159,44,55,60,0,0,41,54,47,0,0,37.46770286,126.6954164,
인천광역시교육청,동부교육지원청,해와달유치원,사립(사인),이미자,이미자,20000930,20010301,인천광역시 남동구 호구포로535번길 67,032-466-0466,032-466-8665, ,09시30분~19시00분,2,1,2,0,0,210,30,20,40,0,0,16,18,27,0,0,37.42923903,126.7146449,
인천광역시교육청,동부교육지원청,행복한유치원,사립(사인),구정철,김동자,20081209,20081209,인천광역시 남동구 포구로 64 -14,032-433-4991,032-433-3635, ,09시20분~19시00분,1,2,2,0,0,122,36,36,50,0,0,10,28,33,0,0,37.40482255,126.7377017,
인천광역시교육청,북부교육지원청,The큰빛유치원,사립(사인),박미숙,박미숙,20120228,20120228,인천광역시 부평구 장제로195번길 42,032-361-0233,032-361-2326,http://the큰빛.com,09시00분~19시00분,4,4,3,0,0,247,61,100,86,0,0,57,99,86,0,0,37.50330095,126.7284326,
인천광역시교육청,북부교육지원청,경인여자대학교부속유치원,사립(법인),최기영,송경섭,19950118,19950303,인천광역시 계양구 계양산로 63,032-540-0471,032-542-6075,http://www.kidkiwu.co.kr,09시00분~19시00분,0,2,2,0,0,140,0,70,70,0,0,0,69,68,0,0,37.54792332,126.7235678,
인천광역시교육청,북부교육지원청,경희동화나라유치원,사립(사인),유정현,이선화,20100308,20100308,인천광역시 부평구 부흥로327번길 13,032-527-5346,032-527-5349,https://khkid.modoo.at,09시30분~19시00분,1,1,2,0,0,127,30,26,50,0,0,8,18,30,0,0,37.49895322,126.7282114,
인천광역시교육청,북부교육지원청,계양유치원,사립(사인),이현숙,김지영,20171218,20180302,인천광역시 계양구 계양산로193번길 20,032-556-4419,032-278-5000,http://cafe.naver.com/gyeyangkindergarten,07시30분~20시30분,1,1,2,0,0,134,36,48,50,0,0,16,21,33,0,0,37.54888181,126.7382215,
인천광역시교육청,북부교육지원청,근산유치원,사립(사인),김순옥,김순옥,20020320,20020320,인천광역시 부평구 영성중로 53,032-514-3236,032-514-3238,http://www.okunsan.co.kr,09시00분~19시00분,2,3,3,0,0,375,60,72,110,0,0,30,55,51,0,0,37.52121572,126.7449774,
인천광역시교육청,북부교육지원청,꿈나라유치원,사립(사인),염명순,염명화,19980601,19980601,인천광역시 부평구 안남로 272,032-516-4997,032-522-3079, ,09시00분~21시00분,2,2,2,0,0,170,55,60,55,0,0,39,52,44,0,0,37.50782698,126.7098106,
인천광역시교육청,북부교육지원청,꿈나무유치원,사립(사인),강정숙,이혜경,19930301,19930301,인천광역시 부평구 동수로120번길 11,032-529-8037,032-529-8038,https://cafe.naver.com/promisingkids,09시00분~19시00분,0,0,0,2,0,60,0,0,0,60,0,0,0,0,33,0,37.48468006,126.732448,
인천광역시교육청,북부교육지원청,노틀담유치원,사립(법인),이연순,이연순,19850228,19850228,인천광역시 계양구 계양산로35번길 12-37,032-542-1060,032-554-1060, ,08시00분~19시00분,0,0,0,2,0,120,0,0,0,49,0,0,0,0,49,0,37.5452484,126.7174622,
인천광역시교육청,북부교육지원청,동심유치원,사립(사인),유광열,공병련,19870131,19870131,인천광역시 부평구 원적로416번길 38,032-527-6711,032-527-6709,https://dongsimkids.kidsnote.ac,09시00분~19시00분,3,2,2,0,0,252,60,48,52,0,0,46,44,48,0,0,37.50225952,126.7122607,
인천광역시교육청,북부교육지원청,드림유치원,사립(사인),김태현,김경미,20170117,20170301,인천광역시 부평구 충선로 158,032-505-6199,032-505-6188, ,08시00분~18시30분,4,4,4,0,0,283,80,96,107,0,0,76,96,104,0,0,37.50324803,126.7366212,
인천광역시교육청,북부교육지원청,마리아유치원,사립(법인),강연숙,김은미,19871217,19880302,인천광역시 계양구 임학서로42번길 17,032-545-7713,032-545-7713, ,09시00분~19시00분,0,0,0,4,0,150,0,0,0,110,0,0,0,0,81,0,37.54679452,126.7338668,
인천광역시교육청,북부교육지원청,무지개유치원,사립(사인),우덕례,우덕례,20080301,20090302,인천광역시 부평구 안남로41번길 3,032-517-1914,032-503-1913,https://blog.naver.com/dukrye1914,09시00분~19시00분,3,3,3,0,0,201,54,75,72,0,0,51,73,68,0,0,37.48709369,126.7141859,
인천광역시교육청,북부교육지원청,미래유치원,사립(사인),김청자,김청자,19950901,19950901,인천광역시 계양구 주부토로363번길 27,032-545-4759,032-545-4770, ,09시00분~19시00분,2,1,2,0,0,170,35,28,50,0,0,28,27,42,0,0,37.52575051,126.7282651,
인천광역시교육청,북부교육지원청,밀알유치원,사립(사인),오예경,오예경,19890301,19890301,인천광역시 계양구 임학서로45번길 5,032-542-3313,070-7841-5110,http://www.milal.kr,09시00분~19시00분,2,3,2,0,0,280,50,75,56,0,0,34,55,55,0,0,37.54691613,126.7313595,
인천광역시교육청,북부교육지원청,보나유치원,사립(사인),차선미,차선미,19980227,19980227,인천광역시 계양구 효서로 393,032-553-0733,032-553-0732, ,08시00분~19시00분,2,2,2,0,0,276,40,52,56,0,0,32,37,50,0,0,37.52968564,126.7403402,
인천광역시교육청,북부교육지원청,보람유치원,사립(사인),박민섭,손소미,20080303,20080305,인천광역시 계양구 장제로928번길 23,032-543-8174,032-543-5897, ,09시00분~19시00분,2,2,2,0,0,164,49,60,55,0,0,49,57,54,0,0,37.54795196,126.7439535,
인천광역시교육청,북부교육지원청,산곡유치원,사립(사인),박현숙,박은선,19891202,20070301,인천광역시 부평구 마장로 121,032-516-6007,032-516-6008,http://www.sangok-i.co.kr,09시00분~19시00분,2,3,3,0,0,212,46,72,78,0,0,46,68,77,0,0,37.48946598,126.7056873,
인천광역시교육청,북부교육지원청,산들유치원,사립(사인),오세복,전경자,19970217,19970301,인천광역시 계양구 역골로119번길 17,032-514-5392,032-514-9510,https://sandeul.kidsnote.ac,09시00분~18시00분,2,2,2,0,0,170,55,56,59,0,0,52,55,43,0,0,37.56918927,126.7260751,
인천광역시교육청,북부교육지원청,삼산유치원,공립(단설),전동석,전동석,20070222,20070301,인천광역시 부평구 충선로311번길 25-14,032-330-2262,032-330-2263,http://samsanu.icekg.kr/,09시00분~19시00분,2,1,1,0,3,64,22,14,16,0,12,22,14,15,0,12,37.51628195,126.7335304,
인천광역시교육청,북부교육지원청,상아유치원,사립(사인),이명희,박형옥,19960508,19980508,인천광역시 계양구 장제로 878,032-554-2003,032-554-2022, ,09시30분~19시00분,2,1,2,0,0,167,40,50,77,0,0,29,10,40,0,0,37.54436534,126.7408336,
인천광역시교육청,북부교육지원청,새빛솔금유치원,사립(사인),신상범,권대영,19931203,19931203,인천광역시 부평구 주부토로 146,032-512-9610,032-512-9612,http://solgeum.kidis.co.kr,09시30분~19시00분,2,2,2,0,0,170,40,50,50,0,0,29,37,48,0,0,37.50828169,126.726076,
인천광역시교육청,북부교육지원청,서해유치원,사립(사인),백승훈,김동희,19980601,19980601,인천광역시 계양구 계산로 152,032-544-7406,032-544-7402, ,09시00분~19시00분,1,1,1,0,0,129,22,26,30,0,0,12,15,26,0,0,37.53695921,126.7290353,
인천광역시교육청,북부교육지원청,석화유치원,사립(사인),이현숙,이현숙,19971001,19980301,인천광역시 계양구 도두리로 68,032-548-4591,032-556-4593,https://www.kidsnote.com/,07시00분~22시00분,1,1,2,0,0,192,27,36,42,0,0,4,17,33,0,0,37.5333998,126.7417003,
인천광역시교육청,북부교육지원청,성심유치원,사립(법인),(재)인천교구천주교회유지재단,이승연,19700829,19700905,인천광역시 부평구 부흥로 323,032-527-2314, , ,09시00분~19시00분,0,0,0,3,0,150,0,0,0,90,0,0,0,0,55,0,37.49861995,126.7281082,
인천광역시교육청,북부교육지원청,성아유치원,사립(법인),정신철,이연정,19880301,19880301,인천광역시 부평구 마장로 48,032-505-5305,032-505-5905,http://blog.naver.com/kidsunga,09시30분~19시00분,1,1,1,0,0,100,13,18,20,0,0,10,13,11,0,0,37.48312812,126.708973,
인천광역시교육청,북부교육지원청,숲속유치원,사립(사인),김인숙,김인숙,20081216,20090301,인천광역시 부평구 산청로17번길 77-1,032-527-6007,032-527-0155,http://www.soopsoki.net,09시00분~19시00분,2,3,2,0,0,177,50,69,54,0,0,39,52,52,0,0,37.5102261,126.6968116,
인천광역시교육청,북부교육지원청,아란유치원,사립(사인),박예근 한재정,고정원,19870131,19870131,인천광역시 부평구 안남로 91,032-527-2323,032-232-3373,https://arankids1987.page24.app,08시00분~18시30분,2,3,2,0,0,154,48,60,46,0,0,46,53,40,0,0,37.49181183,126.7092632,
인천광역시교육청,북부교육지원청,엄지유치원,사립(사인),오지현,고민주,19850228,19930301,인천광역시 부평구 부일로 111,032-525-0041,032-505-0446, ,09시00분~19시00분,1,1,1,0,0,83,24,29,30,0,0,10,20,22,0,0,37.48885067,126.7422329,
인천광역시교육청,북부교육지원청,에코프라임유치원,사립(사인),김명옥,김명옥,19981203,19981203,인천광역시 부평구 갈월동로 45,032-503-6108,032-503-6109,http://cafe.naver.com/paranggum,08시40분~19시00분,1,1,1,0,0,93,20,24,26,0,0,4,11,20,0,0,37.51158608,126.7267738,
인천광역시교육청,북부교육지원청,연세유치원,사립(사인),변순미,변순미,19980824,19980824,인천광역시 부평구 세월천로 16,032-503-0033,032-503-0031, ,09시30분~19시00분,2,2,2,0,0,228,32,44,44,0,0,33,43,41,0,0,37.51483705,126.7094806,
인천광역시교육청,북부교육지원청,열림유치원,사립(사인),열림유치원,이명숙,19960429,19960429,인천광역시 부평구 일신로14번길 23,032-515-4525,032-515-4526,https://blog.naver.com/ad0024mother,09시00분~19시00분,1,2,2,0,0,136,30,50,56,0,0,31,37,35,0,0,37.48217716,126.7440146,
인천광역시교육청,북부교육지원청,열우물유치원,사립(사인),차현숙,박수정,20010424,20010424,인천광역시 부평구 아트센터로 118,032-528-7578,032-528-7577, ,09시30분~19시00분,1,1,1,0,0,107,30,24,26,0,0,0,11,12,0,0,37.47534723,126.7043404,
인천광역시교육청,북부교육지원청,영광유치원,사립(사인),양규석,현순영,19850228,19850228,인천광역시 계양구 안남로 596,032-548-3435,032-548-0252,http://www.youngkwang.kg.kr,09시00분~19시00분,1,3,3,0,0,260,40,100,120,0,0,28,85,92,0,0,37.53597401,126.7114223,
인천광역시교육청,북부교육지원청,예그랑유치원,사립(사인),이미정,이미정,19931228,19931228,인천광역시 계양구 안남로554번길 25,032-547-5959,032-547-5959,http://www.yegrangkid.com/,07시00분~19시00분,1,1,1,0,0,96,30,23,28,0,0,9,13,17,0,0,37.53253469,126.7134788,
인천광역시교육청,북부교육지원청,예림유치원,사립(사인),고남희,고남희,20130311,20130311,인천광역시 계양구 아나지로197번길 4,032-548-5957,032-548-5947, ,07시50분~19시00분,1,2,1,0,0,86,25,35,26,0,0,24,32,25,0,0,37.52572289,126.7148233,
인천광역시교육청,북부교육지원청,예소담유치원,사립(사인),박숙자,박숙자,20080131,20080303,인천광역시 계양구 양지말2길 7,032-547-7942,032-547-7942, ,09시00분~19시00분,2,2,2,0,0,154,44,50,52,0,0,34,39,38,0,0,37.56200195,126.7555736,
인천광역시교육청,북부교육지원청,예원유치원,사립(사인),김명숙,성문순,20071210,20080305,인천광역시 부평구 충선로 262,032-501-8188,032-501-8180,http://www.yeowon.net,09시00분~19시00분,4,4,4,0,0,299,88,104,107,0,0,77,100,96,0,0,37.51264421,126.7357684,
인천광역시교육청,북부교육지원청,은현유치원,사립(사인),이진구,오정애,20061205,20061205,인천광역시 부평구 길주남로125번길 12,032-511-6766,032-519-6766, ,08시00분~19시00분,1,1,2,0,0,128,22,50,56,0,0,12,15,35,0,0,37.50455095,126.7358947,
인천광역시교육청,북부교육지원청,이노필유치원,사립(사인),문종관,정우리,19920306,19920306,인천광역시 부평구 수변로 64,032-501-2649,070-7500-6740, ,09시00분~19시00분,0,0,0,2,0,50,0,0,0,50,0,0,0,0,9,0,37.49213906,126.7408727,
인천광역시교육청,북부교육지원청,이든유치원,사립(사인),김화미,유현서,20170117,20170301,인천광역시 부평구 부개로 58,032-361-8181,032-361-8183,http://www.edenchild.co.kr/,08시00분~19시00분,2,3,2,0,0,160,40,72,48,0,0,39,71,48,0,0,37.50079445,126.740217,
인천광역시교육청,북부교육지원청,이바유치원,사립(사인),구영리,구영리,20171227,20180301,인천광역시 부평구 마장로168번길 17,032-501-2525,032-502-2525,http://www.ibachild.co.kr,08시30분~18시30분,1,1,1,1,0,96,18,26,26,26,0,18,26,26,26,0,37.49367727,126.7052186,
인천광역시교육청,북부교육지원청,이화유치원,사립(사인),고현숙,고현숙,20010309,20010309,인천광역시 부평구 원적로 361,032-527-6761,032-527-6768, ,09시30분~19시00분,1,2,2,0,0,125,26,46,53,0,0,26,46,53,0,0,37.5043501,126.7073307,
인천광역시교육청,북부교육지원청,인천갈월초등학교병설유치원,공립(병설),하종백,하종백,20010301,20010301,인천광역시 부평구 주부토로 165,032-628-2393,032-507-7113,http://galwol.icees.kr,08시00분~19시00분,0,0,0,1,0,16,0,0,0,16,0,0,0,0,2,0,37.51018325,126.7252099,
인천광역시교육청,북부교육지원청,인천계양초등학교병설유치원,공립(병설),김욱부,김욱부,19810301,19810301,인천광역시 계양구 장제로 1288,032-515-4647, , ,09시00분~19시00분,1,1,1,0,0,51,13,18,20,0,0,3,7,6,0,0,37.579034,126.7332478,
인천광역시교육청,북부교육지원청,인천굴포초등학교병설유치원,공립(병설),김문희,김문희,20050301,20050301,인천광역시 부평구 충선로234번길 19,032-628-2628, ,http://gulpo.icees.kr,08시00분~19시00분,1,1,1,0,1,55,13,18,20,0,4,3,15,18,0,4,37.51102655,126.7369234,
인천광역시교육청,북부교육지원청,인천귤현초등학교병설유치원,공립(병설),김현수,김현수,20050301,20050301,인천광역시 계양구 귤현길 15,032-511-7168,511-511-7169,http://gyulhyeon.icees.kr/main.do,09시00분~19시00분,0,2,1,0,0,56,0,36,20,0,0,0,11,11,0,0,37.56849385,126.748676,
인천광역시교육청,북부교육지원청,인천금마초등학교병설유치원,공립(병설),김해자,김해자,20070301,20070301,인천광역시 부평구 일신로 88,032-628-2862,032-508-6082,http://geumma.icees.kr,09시00분~19시00분,0,0,0,2,1,32,0,0,0,28,4,0,0,0,7,1,37.47848516,126.7492925,
인천광역시교육청,북부교육지원청,인천길주초등학교병설유치원,공립(병설),이지훈,이지훈,20130301,20130301,인천광역시 계양구 용종로 90,032-628-6479,032-553-2705,http://gilju.icees.kr,09시00분~19시00분,0,1,1,0,0,38,0,18,20,0,0,0,11,9,0,0,37.54202089,126.7427888,
인천광역시교육청,북부교육지원청,인천당산초등학교병설유치원,공립(병설),이시연,이시연,20060623,20060623,인천광역시 계양구 동양로 122,032-515-3875,032-515-4365,http://dangsan.icees.kr/main.do,09시00분~19시00분,1,1,1,0,0,51,13,18,20,0,0,4,7,10,0,0,37.5586973,126.7595317,
인천광역시교육청,북부교육지원청,인천마곡초등학교병설유치원,공립(병설),임웅수,임웅수,20191007,20191007,인천광역시 부평구 마곡로27번길 16,032-522-4312,032-522-4352,http://magok.icees.kr/main.do,08시50분~18시00분,0,1,1,0,1,42,0,18,20,0,4,0,9,4,0,4,37.51206357,126.6978366,
인천광역시교육청,북부교육지원청,인천명현초등학교병설유치원,공립(병설),김성규,김성규,20020901,20030301,인천광역시 계양구 봉오대로569번길 10,032-546-6035,032-545-5708,http://i-mh.icees.kr,09시00분~18시00분,0,1,1,0,0,38,0,18,20,0,0,0,6,8,0,0,37.53196289,126.7126133,
인천광역시교육청,북부교육지원청,인천미산초등학교병설유치원,공립(병설),최미경,최미경,20010301,20010302,인천광역시 부평구 원적로 391,032-628-2471,032-502-4007,http://misan.icees.kr,08시40분~19시00분,0,0,0,1,1,16,0,0,0,12,4,0,0,0,2,3,37.50454062,126.7098014,
인천광역시교육청,북부교육지원청,인천백운초등학교병설유치원,공립(병설),김성일,김성일,20010301,20010301,인천광역시 부평구 아트센터로 130,032-628-2333,032-507-6835, ,08시40분~18시00분,0,1,1,0,0,38,0,18,20,0,0,0,6,12,0,0,37.48004768,126.7048637,
인천광역시교육청,북부교육지원청,인천부개서초등학교병설유치원,공립(병설),김영옥,김영옥,19980301,19980302,인천광역시 부평구 부일로 39,032-628-1056, , ,08시30분~19시00분,0,0,1,0,0,20,0,0,20,0,0,0,0,11,0,0,37.48990126,126.7351814,
인천광역시교육청,북부교육지원청,인천부개초등학교병설유치원,공립(병설),고정호,고정호,19990310,19990310,인천광역시 부평구 마분로 9,032-628-0605,032-516-3551, ,08시30분~19시00분,0,0,0,1,0,16,0,0,0,16,0,0,0,0,11,0,37.48566159,126.7382914,
인천광역시교육청,북부교육지원청,인천부광초등학교병설유치원,공립(병설),염광섭,염광섭,19980301,19980301,인천광역시 부평구 충선로 104,032-627-8250, ,http://www.bugwang-e.icees.kr/main.do,09시00분~18시00분,0,0,0,1,0,16,0,0,0,16,0,0,0,0,5,0,37.49907592,126.7366908,
인천광역시교육청,북부교육지원청,인천부마초등학교병설유치원,공립(병설),임항빈,임항빈,20000301,20000301,인천광역시 부평구 안남로253번길 41,032-507-2322,032-519-2547,http://buma.icees.kr/main.do,08시00분~19시00분,1,1,1,0,2,51,12,15,16,0,8,11,15,16,0,8,37.50634867,126.7058973,
인천광역시교육청,북부교육지원청,인천부원초등학교병설유치원,공립(병설),홍철희,홍철희,20130312,20130312,인천광역시 부평구 원적로472번길 29,032-628-0980,032-504-8479,http://pwe.icees.kr,08시00분~19시00분,1,1,1,0,1,51,13,16,18,0,4,6,7,15,0,4,37.5025373,126.7194822,
인천광역시교육청,북부교육지원청,인천부일초등학교병설유치원,공립(병설),강기원,강기원,19990301,19990301,인천광역시 부평구 부흥북로 175,032-458-9093, ,http://puil.icees.kr,09시00분~18시30분,1,1,1,0,1,55,13,18,20,0,4,4,5,19,0,3,37.50120256,126.741505,
인천광역시교육청,북부교육지원청,인천부평남초등학교병설유치원,공립(병설),이진배,이진배,19870301,19870301,인천광역시 부평구 경인로911번길 28,032-512-5824,032-516-3485, ,08시40분~19시00분,0,0,1,1,0,36,0,0,20,16,0,0,0,4,7,0,37.48859452,126.7203223,
인천광역시교육청,북부교육지원청,인천부평동초등학교병설유치원,공립(병설),신경순,신경순,19970301,19970301,인천광역시 부평구 부평대로88번길 19,032-501-4484,032-507-3484,http://budongi.icees.kr,08시40분~19시00분,0,1,1,0,1,38,0,16,18,0,4,0,9,15,0,4,37.4999443,126.723886,
인천광역시교육청,북부교육지원청,인천부평북초등학교병설유치원,공립(병설),채익수,채익수,19860301,19860301,인천광역시 부평구 주부토로 292,032-628-0738,032-513-7582,http://bubuk.icees.kr,08시40분~18시00분,0,0,1,0,1,20,0,0,16,0,4,0,0,1,0,3,37.52062561,126.7296659,
인천광역시교육청,북부교육지원청,인천부평서초등학교병설유치원,공립(병설),김종찬,김종찬,19970301,19970301,인천광역시 부평구 부평문화로53번길 19,032-628-0490,032-628-0491, ,09시00분~19시00분,0,0,0,1,0,16,0,0,0,16,0,0,0,0,12,0,37.49457242,126.7213037,
인천광역시교육청,북부교육지원청,인천부현초등학교병설유치원,공립(병설),김용직,김용직,20191001,20191001,인천광역시 계양구 장제로755번길 30,032-552-2675, ,http://buhyun.icees.kr,08시00분~19시00분,0,0,0,1,0,16,0,0,0,16,0,0,0,0,10,0,37.53566968,126.7317954,
인천광역시교육청,북부교육지원청,인천산곡초등학교병설유치원,공립(병설),김성만,김성만,20020301,20020301,인천광역시 부평구 길주로354번길 39,032-628-0526,032-528-1782, ,09시00분~18시00분,0,1,1,0,0,38,0,18,20,0,0,0,5,6,0,0,37.50765314,126.7019193,
인천광역시교육청,북부교육지원청,인천상정초등학교병설유치원,공립(병설),이숙경,이숙경,20080301,20080301,인천광역시 부평구 상정로 50,032-627-8580,032-627-8610,http://sje.icees.kr,09시00분~18시00분,0,0,0,1,1,20,0,0,0,16,4,0,0,0,6,4,37.47968383,126.6990359,
인천광역시교육청,북부교육지원청,인천서운초등학교병설유치원,공립(병설),이창수,이창수,20010301,20010301,인천광역시 계양구 서운로 12,032-628-6874,032-555-2274,http://www.seowoon.icees.kr,08시40분~19시00분,0,1,1,0,0,38,0,18,20,0,0,0,2,5,0,0,37.52697637,126.7447213,
인천광역시교육청,북부교육지원청,인천성지초등학교병설유치원,공립(병설),강양희,강양희,20000108,20030310,인천광역시 계양구 아나지로247번길 8,032-551-0632,032-541-6096,http://sj.icees.kr/main.do,09시00분~19시00분,0,1,1,0,1,42,0,18,20,0,4,0,4,9,0,4,37.52649073,126.720066,
인천광역시교육청,북부교육지원청,인천소양초등학교병설유치원,공립(병설),이선우,이선우,19810302,19810302,인천광역시 계양구 박촌로 53,032-628-5710,032-518-5120,http://soyang.icees.kr/ (초교내 홈페이지)  http://schoolbell-e.com (가정통신란 활용, 개별 가입),09시00분~19시00분,0,1,1,0,0,38,0,18,20,0,0,0,2,8,0,0,37.55599778,126.7424811
인천광역시교육청,북부교육지원청,인천안남초등학교병설유치원,공립(병설),엄영미,엄영미,20130301,20130315,인천광역시 계양구 경명대로1114번길 26,032-628-9270,032-628-9277,http://an21.icees.kr,09시00분~19시00분,1,1,1,0,3,63,13,18,20,0,12,3,8,12,0,9,37.5402453,126.7320485,
인천광역시교육청,북부교육지원청,인천안산초등학교병설유치원,공립(병설),우명일,우명일,20191001,20191001,인천광역시 계양구 임학서로 15,032-555-6065, , ,09시00분~19시00분,0,0,1,1,0,36,0,0,20,16,0,0,0,7,4,0,37.54409319,126.7317526,
인천광역시교육청,북부교육지원청,인천양촌초등학교병설유치원,공립(병설),이승길,이승길,20070301,20070301,인천광역시 계양구 장제로 954,032-556-9465,032-556-9473,http://iyangchon.icees.kr,08시30분~19시00분,0,0,1,1,0,36,0,0,20,16,0,0,0,2,6,0,37.5506866,126.7443731,
인천광역시교육청,북부교육지원청,인천영선초등학교병설유치원,공립(병설),이인순,이인순,20060301,20060301,인천광역시 부평구 충선로 293,032-628-2773,032-521-7386,http://iys.icees.kr/main.do,08시50분~19시00분,0,1,1,0,0,38,0,18,20,0,0,0,10,10,0,0,37.51537295,126.734435,
인천광역시교육청,북부교육지원청,인천용마초등학교병설유치원,공립(병설),안경희,안경희,20000301,20000301,인천광역시 부평구 세월천로30번길 58,032-628-2090,032-522-2799, ,08시40분~19시00분,0,1,1,0,0,38,0,18,20,0,0,0,3,9,0,0,37.51578599,126.7071447,
인천광역시교육청,북부교육지원청,인천진산초등학교병설유치원,공립(병설),신인경,신인경,20041120,20050301,인천광역시 부평구 굴포로 194-10,032-628-2694,032-503-3758,http://ijs.icees.kr,08시00분~19시00분,0,0,1,1,0,36,0,0,20,16,0,0,0,3,1,0,37.51294377,126.7416902,
인천광역시교육청,북부교육지원청,인천청천초등학교병설유치원,공립(병설),임장순,임장순,20240301,20240301,인천광역시 부평구 산청로127번길 10,032-430-6330, ,http://icce.icees.kr/main.do,09시00분~19시00분,1,1,2,0,1,75,13,18,40,0,4,13,15,39,0,4,37.52047046,126.7003899,
인천광역시교육청,북부교육지원청,인천한길초등학교병설유치원,공립(병설),권두식,권두식,20010301,20010301,인천광역시 부평구 영성중로 32,032-628-2257,032-507-4874,http://hangil.icees.kr,09시00분~19시00분,0,0,1,0,0,20,0,0,20,0,0,0,0,2,0,0,37.51929444,126.7458829,
인천광역시교육청,북부교육지원청,인천해서초등학교병설유치원,공립(병설),이종환,이종환,20050204,20050301,인천광역시 계양구 계산로 42-1,032-628-7954,032-556-4379,http://ihs.icees.kr/main.do,08시40분~19시00분,0,0,0,1,1,16,0,0,0,12,4,0,0,0,5,4,37.54015839,126.7177107,
인천광역시교육청,북부교육지원청,인천화전유치원,공립(단설),최연옥,최연옥,20130711,20130901,인천광역시 계양구 효서로 314,032-628-9000,032-547-8176,http://ihj.icekg.kr/main.do,08시00분~19시00분,2,2,2,0,3,114,26,36,40,0,12,19,18,24,0,12,37.52767437,126.7310888,
인천광역시교육청,북부교육지원청,인천후정초등학교병설유치원,공립(병설),이희원,이희원,20040301,20040301,인천광역시 부평구 영성서로 56,032-517-2493,032-517-2496, ,09시00분~19시00분,1,1,1,0,0,51,13,18,20,0,0,13,8,9,0,0,37.52315643,126.7435864,
인천광역시교육청,북부교육지원청,자연유치원,사립(사인),조묘현,조묘현,19920301,19920301,인천광역시 계양구 봉오대로477번길 18,032-553-7090,032-552-5490, ,09시00분~19시00분,1,2,2,0,0,181,60,60,61,0,0,16,43,44,0,0,37.53007038,126.7012504,
인천광역시교육청,북부교육지원청,정민유치원,사립(사인),이현숙,이현숙,20110615,20110616,인천광역시 부평구 부흥로111번길 51,032-523-8004,032-523-8477,https://정민유치원.com,07시00분~18시30분,2,3,2,0,0,172,44,67,49,0,0,44,67,49,0,0,37.50042332,126.7040354,
인천광역시교육청,북부교육지원청,정원유치원,사립(사인),기원욱,김은주,19871128,19880301,인천광역시 계양구 봉오대로743번길 20,032-543-4855,032-543-4855, ,09시00분~19시00분,2,1,2,0,0,200,26,38,50,0,0,24,32,45,0,0,37.53214482,126.7321669,
인천광역시교육청,북부교육지원청,청담유치원,사립(사인),이광남,오선희,20110427,20110427,인천광역시 부평구 동수천로 70,032-525-1900,032-232-3909,https://cdkidshappy.kidsnote.ac/,08시00분~19시00분,1,3,2,0,0,252,15,54,36,0,0,11,40,26,0,0,37.49159718,126.7363703,
인천광역시교육청,북부교육지원청,청송유치원,사립(사인),이명미,이명미,19910213,19910213,인천광역시 부평구 부평문화로 37,032-528-3420,032-521-9386, ,09시00분~19시00분,1,1,1,0,0,90,15,18,20,0,0,2,7,9,0,0,37.49194776,126.7183113,
인천광역시교육청,북부교육지원청,청원유치원,사립(법인),남옥우,이은정,19790301,19790301,인천광역시 부평구 화랑로47번길 61,032-502-4885,032-502-4886, ,09시20분~19시00분,1,3,2,0,0,300,36,60,50,0,0,13,46,40,0,0,37.48990826,126.7019017,
인천광역시교육청,북부교육지원청,프렌즈유치원,사립(사인),조동일,조정아,19931129,19931129,인천광역시 부평구 주부토로 201,032-526-9007,032-526-8987,https://litt.ly/friends0117,09시00분~19시00분,2,1,2,0,0,96,26,26,44,0,0,20,26,44,0,0,37.512578,126.723287,
인천광역시교육청,북부교육지원청,한빛유치원,사립(사인),박성원,박진원,19920121,19920121,인천광역시 부평구 부흥로123번길 36,032-521-4445, ,http://cafe.daum.net/5214445, https://blog.naver.com/hanbitkindergarten ,07시00분~21시00분,2,1,1,0,0,112,40,24,26,0,0,28,16,22,0,0,37.499461,126.7056556
인천광역시교육청,북부교육지원청,해마루유치원,사립(사인),최민수,김현숙,20061123,20070301,인천광역시 부평구 일신로 120,032-501-0700,050-4019-5851,http://www.haemarukinder.com,09시30분~18시30분,2,2,2,0,0,170,48,48,52,0,0,37,31,39,0,0,37.47681444,126.750489,
인천광역시교육청,북부교육지원청,해승유치원,사립(사인),김경승,채기숙,19980301,19980302,인천광역시 계양구 도두리로 54,032-554-7100,032-554-7102,https://www.hskinder.co.kr/,07시00분~21시00분,2,2,1,0,0,140,44,52,28,0,0,42,51,27,0,0,37.5335359,126.7402976,
인천광역시교육청,북부교육지원청,햇살유치원,사립(사인),백금숙,백금숙,19950303,19950303,인천광역시 부평구 안남로 260,032-502-2143,032-502-2141,https://cafe.naver.com/sunkindergarten,09시00분~19시00분,2,2,2,0,0,121,36,46,39,0,0,34,44,43,0,0,37.50585156,126.7097254,
인천광역시교육청,북부교육지원청,현대유치원,사립(사인),최정호,천룡,19930517,19930517,인천광역시 부평구 갈월동로 66,032-518-5148,032-518-5149,http://hyundaikid.kr,09시40분~19시00분,1,2,2,0,0,200,40,50,50,0,0,21,33,33,0,0,37.51296019,126.7293275,
인천광역시교육청,북부교육지원청,홍익유치원,사립(사인),조희열,박소영,19910126,19910126,인천광역시 부평구 길주로494번길 12,032-512-9339,032-512-9359,https://blog.naver.com/hongikkinder1991,07시00분~19시00분,2,1,1,0,0,99,28,45,26,0,0,23,19,26,0,0,37.50737764,126.7155553,
인천광역시교육청,서부교육지원청,경서유치원,사립(사인),임현정,임현정,20140416,20140901,인천광역시 서구 경서로56번길 7-2,032-566-8000,032-566-8805,http://www.gs-kinder.co.kr,08시00분~19시00분,3,2,3,0,0,189,59,50,80,0,0,59,50,80,0,0,37.55738998,126.6547855,
인천광역시교육청,서부교육지원청,꼬마정원유치원,사립(사인),전송하,이소연,20130912,20160301,인천광역시 서구 봉화로15번길 11-7,032-561-3007, ,https://cafe.daum.net/komagarden,08시00분~19시00분,3,4,3,0,0,300,60,92,78,0,0,48,83,75,0,0,37.59421911,126.6356066,
인천광역시교육청,서부교육지원청,꿈드림유치원,사립(사인),이윤숙,이윤숙,20090330,20090330,인천광역시 서구 장고개로280번길 7-1,032-565-6600,032-576-7903, ,08시00분~19시00분,0,1,1,1,0,80,0,25,28,27,0,0,20,28,27,0,37.4882261,126.6836615,
인천광역시교육청,서부교육지원청,다은유치원,사립(사인),강성희,최영란,20130904,20140301,인천광역시 서구 청중로478번길 9,032-565-9995,032-565-9951, ,08시00분~19시00분,3,4,4,0,0,266,66,100,100,0,0,66,100,100,0,0,37.52918749,126.6648313,
인천광역시교육청,서부교육지원청,드림유치원,사립(사인),유남순,한아름,20120913,20120917,인천광역시 서구 청라커낼로223번길 13,032-563-4994, , ,09시00분~19시00분,5,5,5,0,0,370,115,125,130,0,0,117,126,126,0,0,37.52831495,126.6430599,
인천광역시교육청,서부교육지원청,리라유치원,사립(사인),나경민,박설현,20100624,20100624,인천광역시 서구 원당대로839번안길 6,032-567-8808,032-567-2066, ,09시30분~19시00분,3,2,2,0,0,164,56,56,52,0,0,56,56,50,0,0,37.59513154,126.6943762,
인천광역시교육청,서부교육지원청,명문유치원,사립(사인),표희수,표희수,19900510,19910301,인천광역시 서구 고산로 16,032-571-9314,032-564-9315, ,09시00분~19시00분,1,2,1,0,0,100,22,50,27,0,0,22,50,26,0,0,37.59434012,126.7019296,
인천광역시교육청,서부교육지원청,무지개유치원,사립(사인),이재석,박경은,20070301,20070301,인천광역시 서구 검단로487번길 52-1,032-568-3151,032-568-3153, ,09시00분~19시00분,2,3,2,0,0,293,38,54,54,0,0,30,39,42,0,0,37.60665329,126.660761,
인천광역시교육청,서부교육지원청,바다유치원,사립(사인),이용분,송은정,20080307,20080307,인천광역시 서구 염곡로311번길 7,032-583-0091,032-583-0091, ,08시00분~18시30분,1,1,1,0,0,82,24,28,30,0,0,23,28,29,0,0,37.51235929,126.66761,
인천광역시교육청,서부교육지원청,뿌리유치원,사립(사인),김상규,김상규,19920301,19920301,인천광역시 서구 강남로 1,032-576-6960,032-572-5347,https://pulee.modoo.at/,08시00분~19시00분,1,2,1,0,0,150,24,52,32,0,0,5,21,32,0,0,37.51004879,126.6716602,
인천광역시교육청,서부교육지원청,사랑샘유치원,사립(사인),장이순,한현숙,20120217,20120217,인천광역시 서구 원당대로820번2길 5,032-569-5697,032-569-1908,http://www.sarangsaem.net,09시00분~19시00분,4,6,7,0,0,620,100,156,196,0,0,100,156,191,0,0,37.59145809,126.6916612,
인천광역시교육청,서부교육지원청,산새소리유치원,사립(사인),문연선,문연선,20070309,20070309,인천광역시 서구 서달로 198,032-583-3438,032-574-3219,http://www.sansaesori.com,08시00분~18시30분,3,3,3,0,0,261,78,87,96,0,0,78,87,94,0,0,37.51658112,126.6803625,
인천광역시교육청,서부교육지원청,산울림유치원,사립(사인),정용선,전덕수,19970130,19970130,인천광역시 서구 봉수대로 1548-15,032-565-6212, , ,09시00분~18시30분,0,0,0,2,0,70,0,0,0,70,0,0,0,0,51,0,37.61184662,126.6445538,
인천광역시교육청,서부교육지원청,새한신유치원,사립(사인),정성조,정성조,19991221,19991221,인천광역시 서구 여우재로 129,032-576-5840,032-573-5840,http://www.새한신유치원.com,08시30분~19시00분,3,2,2,0,0,170,57,56,54,0,0,57,56,54,0,0,37.48954072,126.6860792,
인천광역시교육청,서부교육지원청,세라유치원,사립(사인),김영란,김영란,20170707,20170901,인천광역시 서구 경서로 80,032-715-5866, , ,08시00분~19시00분,3,4,4,0,0,247,56,90,101,0,0,56,90,101,0,0,37.55955936,126.653825,
인천광역시교육청,서부교육지원청,아림유치원,사립(사인),신혜숙,신혜숙,19970301,19970301,인천광역시 서구 장고개로 375-11,032-581-8597,032-581-8599,https://www.arimkids.com,09시00분~19시00분,3,3,2,0,0,224,66,78,64,0,0,62,64,56,0,0,37.49556258,126.690799,
인천광역시교육청,서부교육지원청,아이사랑유치원,사립(사인),이덕선,이덕선,20070629,20070629,인천광역시 서구 도요지로201번길 12,032-569-1557,032-569-1527, ,08시00분~19시00분,3,3,3,0,0,249,75,92,82,0,0,73,92,80,0,0,37.55789385,126.6727314,
인천광역시교육청,서부교육지원청,엔젤유치원,사립(사인),장현경,임경미,20120828,20120901,인천광역시 서구 청라커낼로 163,032-561-8801,032-561-8837, ,09시00분~19시00분,2,1,2,0,0,122,46,24,52,0,0,44,24,49,0,0,37.52756682,126.6373104,
인천광역시교육청,서부교육지원청,연희유치원,사립(사인),김지영,김지영,19960429,19960429,인천광역시 서구 탁옥로85번길 6,032-562-2662,032-562-2650, ,09시00분~19시00분,1,2,2,0,0,167,30,60,60,0,0,21,58,53,0,0,37.54432059,126.6793083,
인천광역시교육청,서부교육지원청,예빛유치원,사립(사인),김난숙,조수연,20160324,20160324,인천광역시 서구 경서로32번길 18,032-564-5118,032-561-6118,https://yebit2016.kidsnote.ac/,09시00분~19시00분,3,2,3,0,0,182,66,48,68,0,0,66,47,69,0,0,37.55553112,126.6562528,
인천광역시교육청,서부교육지원청,예인유치원,사립(사인),문경임,문경애,20060125,20060125,인천광역시 서구 원당대로819번길 3,032-569-1155,032-569-0237,http://cafe.naver.com/incheonyein/2191,08시40분~19시00분,3,4,5,0,0,311,60,92,120,0,0,57,89,114,0,0,37.59438769,126.6920968,
인천광역시교육청,서부교육지원청,예일유치원,사립(사인),노성호,최옥란,19840217,19840301,인천광역시 서구 장고개로337번길 12,032-576-4080~1,032-576-4099,http://www.yalekg.kr,09시00분~19시00분,2,2,3,0,0,187,46,52,84,0,0,46,52,79,0,0,37.49308503,126.6858499,
인천광역시교육청,서부교육지원청,예지유치원,사립(사인),김덕윤,김덕윤,19980902,19980902,인천광역시 서구 검단로 836,032-565-1600, , ,07시50분~19시00분,2,4,2,0,0,178,38,90,50,0,0,38,88,50,0,0,37.61691508,126.6917781,
인천광역시교육청,서부교육지원청,은하유치원,사립(사인),이혜경,김희영,19920408,19920408,인천광역시 서구 완정로10번길 20,032-563-6380, , ,09시00분~19시00분,2,3,2,0,0,224,50,81,52,0,0,50,81,51,0,0,37.59583354,126.6740157,
인천광역시교육청,서부교육지원청,인천가림초등학교병설유치원,공립(병설),김홍집,김홍집,20050301,20050301,인천광역시 서구 장고개로293번길 29,032-628-7751,032-572-6280,http://igarim.icees.kr/sub/info.do?m=070101&s=igarim,08시40분~19시00분,0,0,1,1,1,36,0,0,19,13,4,0,0,2,11,4,37.49058307,126.6810497,
인천광역시교육청,서부교육지원청,인천가석초등학교병설유치원,공립(병설),원동만,원동만,20211001,20211001,인천광역시 서구 서달로 174,032-583-0271,032-455-7864, ,09시00분~19시00분,0,0,1,1,1,40,0,0,22,14,4,0,0,7,8,4,37.51475728,126.6796755,
인천광역시교육청,서부교육지원청,인천가원초등학교병설유치원,공립(병설),최정민,최정민,20160301,20160307,인천광역시 서구 청중로478번길 6,032-569-6436,032-569-6437,http://gawon.icees.kr,09시00분~19시00분,1,2,2,0,1,93,13,36,40,0,4,13,33,25,0,3,37.52921835,126.6641201,
인천광역시교육청,서부교육지원청,인천가정초등학교병설유치원,공립(병설),배인국,배인국,20130301,20130315,인천광역시 서구 장고개로 336-1,032-628-4714,032-578-2243,http://gje.icees.kr,09시00분~19시00분,0,0,0,2,0,32,0,0,0,32,0,0,0,0,11,0,37.49166426,126.6884331,
인천광역시교육청,서부교육지원청,인천가현초등학교병설유치원,공립(병설),이석재,이석재,20010301,20010301,인천광역시 서구 염곡로 417,032-628-6833,032-579-7389,http://gahyun.icees.kr,09시00분~19시00분,1,1,1,0,0,51,13,18,20,0,0,13,18,20,0,0,37.52237749,126.668351,
인천광역시교육청,서부교육지원청,인천간재울초등학교병설유치원,공립(병설),이학인,이학인,20040310,20040301,인천광역시 서구 승학로 433,032-628-7407,032-568-9164,http://gjw.icees.kr,09시00분~19시00분,0,1,1,0,0,38,0,18,20,0,0,0,5,8,0,0,37.56002883,126.6723052,
인천광역시교육청,서부교육지원청,인천건지초등학교병설유치원,공립(병설),김광섭,김광섭,20120301,20120301,인천광역시 서구 건지로318번길 39,032-628-5855,032-575-0698,http://www.geonji.icees.kr/,09시00분~19시00분,1,1,1,0,3,63,13,18,20,0,12,8,7,10,0,10,37.49530976,126.6779423,
인천광역시교육청,서부교육지원청,인천검단꿈유치원,공립(단설),한향숙,한향숙,20240208,20240306,인천광역시 서구 이음1로 350,324303900, ,http://geomdandream.icekg.kr/main.do,08시00분~19시00분,5,5,5,0,3,255,61,86,96,0,12,61,86,94,0,12,37.59195531,126.7189451,
인천광역시교육청,서부교육지원청,인천검단초등학교병설유치원,공립(병설),신미혜,신미혜,19810301,19810301,인천광역시 서구 마전로115번길 24,032-564-6602,032-563-7572, ,09시00분~19시00분,1,1,1,0,0,51,13,18,20,0,0,8,16,20,0,0,37.61078278,126.6696256,
인천광역시교육청,서부교육지원청,인천검암유치원,공립(단설),김용복,김용복,20140901,20140901,인천광역시 서구 승학로599번길 45,032-569-7636,032-569-7634,http://geomam.icekg.kr/,09시00분~19시00분,1,2,2,0,2,97,13,36,40,0,8,11,27,26,0,8,37.56785518,126.6785109,
인천광역시교육청,서부교육지원청,인천경명초등학교병설유치원,공립(병설),허은범,허은범,20111107,20120511,인천광역시 서구 크리스탈로 130,032-590-9300, , ,09시00분~19시00분,2,1,1,0,0,64,26,18,20,0,0,17,18,18,0,0,37.53699997,126.6373308,
인천광역시교육청,서부교육지원청,인천경서초등학교병설유치원,공립(병설),우인숙,우인숙,20050501,20050516,인천광역시 서구 경서로31번길 31,032-628-8003,032-569-0487,http://kyeongseo.icees.kr,08시30분~19시00분,1,1,2,0,0,71,13,18,40,0,0,10,18,20,0,0,37.55664075,126.6509849,
인천광역시교육청,서부교육지원청,인천경연초등학교병설유치원,공립(병설),구자,구자,20200301,20200301,인천광역시 서구 차오름로 64,032-510-7245, ,http://igy.icees.kr/main.do,08시30분~19시00분,1,1,1,0,0,51,13,18,20,0,0,13,18,20,0,0,37.53849651,126.6262363,
인천광역시교육청,서부교육지원청,인천공촌초등학교병설유치원,공립(병설),유출규,유출규,20120301,20120312,인천광역시 서구 심곡로188번길 21,032-569-8835,032-569-8839,http://gongchon.icees.kr/main.do,08시40분~19시00분,0,1,1,0,0,38,0,18,20,0,0,0,6,5,0,0,37.54890626,126.6839434,
인천광역시교육청,서부교육지원청,인천금곡초등학교병설유치원,공립(병설),석경해,석경해,20000301,20000301,인천광역시 서구 완정로228번길 19,032-564-1557,032-566-2654, ,09시00분~19시00분,1,1,1,0,1,55,13,18,20,0,4,10,11,3,0,4,37.60564087,126.6509005,
인천광역시교육청,서부교육지원청,인천능내초등학교병설유치원,공립(병설),김인정,김인정,20070301,20070301,인천광역시 서구 검단로540번길 23,032-628-8271,032-569-5164,http://neungnae.icees.kr,09시00분~19시00분,0,1,1,0,0,38,0,18,20,0,0,0,6,3,0,0,37.60289492,126.6658687,
인천광역시교육청,서부교육지원청,인천단봉초등학교병설유치원,공립(병설),정춘인,정춘인,19810301,19810301,인천광역시 서구 단봉로 122,032-627-2858, , ,08시00분~19시00분,1,2,2,0,0,89,13,36,40,0,0,13,23,33,0,0,37.59831924,126.6384415,
인천광역시교육청,서부교육지원청,인천당하초등학교병설유치원,공립(병설),김소임,김소임,20000301,20000301,인천광역시 서구 청마로 144,032-567-6891,032-567-6895,http://dangha.icees.kr,09시00분~19시00분,0,0,1,0,0,20,0,0,20,0,0,0,0,14,0,0,37.59022988,126.6780023,
인천광역시교육청,서부교육지원청,인천도담초등학교병설유치원,공립(병설),조재영,조재영,20150301,20150309,인천광역시 서구 청라커낼로 217,032-569-6658, ,http://dodam.icees.kr,08시40분~19시00분,1,2,2,0,0,89,13,36,40,0,0,13,28,34,0,0,37.52786383,126.6439917,
인천광역시교육청,서부교육지원청,인천마전초등학교병설유치원,공립(병설),오남주,오남주,20030301,20030301,인천광역시 서구 완정로34번길 23,032-567-0613,032-564-7406,http://www.mj.icees.kr,08시40분~19시00분,0,0,0,1,0,16,0,0,0,16,0,0,0,0,10,0,37.59768793,126.6704679,
인천광역시교육청,서부교육지원청,인천목향초등학교병설유치원,공립(병설),김상훈,김상훈,20030301,20030301,인천광역시 서구 고산후로 377,032-628-7300, , ,08시00분~19시00분,0,1,1,0,2,38,0,14,16,0,8,0,8,13,0,7,37.61642408,126.6944461,
인천광역시교육청,서부교육지원청,인천발산초등학교병설유치원,공립(병설),정진수,정진수,20040420,20040420,인천광역시 서구 고산후로78번길 6,032-628-7498, ,http://www.ibalsan.icees.kr,09시00분~19시00분,1,1,1,0,0,51,13,18,20,0,0,13,18,17,0,0,37.59017039,126.6987106,
인천광역시교육청,서부교육지원청,인천백석초등학교병설유치원,공립(병설),한연순,한연순,20150901,20160301,인천광역시 서구 청마로 55,032-590-7860,032-590-7879,http://ibs.icees.kr,09시00분~19시00분,1,1,1,0,0,51,13,18,20,0,0,13,17,14,0,0,37.589804,126.6717497,
인천광역시교육청,서부교육지원청,인천봉수초등학교병설유치원,공립(병설),이정미,이정미,20130301,20130315,인천광역시 서구 봉오대로267번길 11-4,032-567-0286,032-567-0285,http://bongsoo.icees.kr/main.do,09시00분~19시00분,1,1,1,0,0,51,13,18,20,0,0,13,18,20,0,0,37.52600899,126.6781382,
인천광역시교육청,서부교육지원청,인천봉화초등학교병설유치원,공립(병설),이준자,이준자,20040901,20050301,인천광역시 서구 건지로250번길 43,032-572-9272, , ,09시00분~19시00분,0,1,1,0,0,38,0,18,20,0,0,0,5,10,0,0,37.49567311,126.6703504,
인천광역시교육청,서부교육지원청,인천불로초등학교병설유치원,공립(병설),전연호,전연호,20000301,20000308,인천광역시 서구 검단로744번1길 50,032-628-6660,032-565-1095,http://bullo.icees.kr,09시00분~19시00분,0,1,1,0,0,38,0,18,20,0,0,0,11,9,0,0,37.61393978,126.6894096,
인천광역시교육청,서부교육지원청,인천서곶초등학교병설유치원,공립(병설),조덕형,조덕형,20191101,20191101,인천광역시 서구 대평로56번길 9,032-510-7853, ,http://sg.icees.kr/main.do,08시40분~19시00분,0,1,1,0,0,42,0,20,22,0,0,0,4,11,0,0,37.54784271,126.6694055,
인천광역시교육청,서부교육지원청,인천서로꿈유치원,공립(단설),정순남,정순남,20230301,20230301,인천광역시 서구 당곡로24번안길 22,032-500-9600,032-565-9053,http://srk.icekg.kr/main.do,09시00분~19시00분,5,5,5,0,3,255,61,86,96,0,12,61,86,95,0,12,37.60229215,126.7146549,
인천광역시교육청,서부교육지원청,인천서현유치원,공립(단설),정명자,정명자,20170210,20170301,인천광역시 서구 새오개로111번안길 7,032-340-8400,032-584-8517,http://seohyeon.icekg.kr,08시50분~19시00분,3,3,3,0,3,153,35,50,56,0,12,35,50,56,0,12,37.52145256,126.6644083,
인천광역시교육청,서부교육지원청,인천석남초등학교병설유치원,공립(병설),박성만,박성만,19870301,19870301,인천광역시 서구 서달로130번길 4,032-628-4577,032-575-0913, ,09시00분~19시00분,0,0,0,1,0,16,0,0,0,16,0,0,0,0,6,0,37.51039045,126.6803242,
인천광역시교육청,서부교육지원청,인천신석초등학교병설유치원,공립(병설),임승환,임승환(직무대리),19870301,20040308,인천광역시 서구 새오개로 9,032-628-5328,032-575-0911,http://sinseok.icees.kr,08시40분~18시00분,0,0,0,1,1,16,0,0,0,12,4,0,0,0,8,4,37.51121084,126.664398,
인천광역시교육청,서부교육지원청,인천신현북초등학교병설유치원,공립(병설),이상원,이상원,20130301,20130318,인천광역시 서구 원창로 147,032-628-5091,032-575-0967,http://shinhyunb.icees.kr,09시00분~19시00분,0,0,1,0,0,20,0,0,20,0,0,0,0,5,0,0,37.51875553,126.6662524,
인천광역시교육청,서부교육지원청,인천아라꿈유치원,공립(단설),박경숙,박경숙,20220210,20220301,인천광역시 서구 서로2로 28,032-310-4100, ,http://aradream.icekg.kr/main.do,08시20분~19시00분,7,7,7,0,3,357,87,122,136,0,12,87,122,135,0,12,37.58429148,126.7028614,
인천광역시교육청,서부교육지원청,인천아라초등학교병설유치원,공립(병설),강래현,강래현,20230901,20230906,인천광역시 서구 서로2로 42,032-440-0630, , ,09시00분~19시00분,1,1,2,0,1,71,13,14,40,0,4,13,14,35,0,4,37.58508291,126.7035431,
인천광역시교육청,서부교육지원청,인천아람초등학교병설유치원,공립(병설),정봉남,정봉남,20230301,20230303,인천광역시 서구 이음1로 289,032-500-9726, , ,09시00분~19시00분,1,1,2,0,1,71,13,16,38,0,4,13,16,38,0,4,37.58723924,126.7164112,
인천광역시교육청,서부교육지원청,인천양지초등학교병설유치원,공립(병설),박종탁,박종탁,20030301,20030301,인천광역시 서구 승학로197번길 11,032-628-7001,032-628-7002,http://iyj.icees.kr/main.do,09시00분~19시00분,0,0,1,1,1,36,0,0,18,14,4,0,0,3,11,4,37.54002493,126.6711942,
인천광역시교육청,서부교육지원청,인천완정초등학교병설유치원,공립(병설),홍선희,홍선희,20070901,20070901,인천광역시 서구 완정로 99,032-569-6980,032-569-6987, ,09시00분~19시00분,1,1,1,0,0,51,13,18,20,0,0,13,4,8,0,0,37.59849819,126.6643304,
인천광역시교육청,서부교육지원청,인천왕길초등학교병설유치원,공립(병설),이근영,이근영,20050301,20050301,인천광역시 서구 봉수대로1440번길 20,032-564-4825, ,http://wanggil.icees.kr,09시00분~19시00분,1,1,1,0,1,55,13,18,20,0,4,6,10,14,0,4,37.60197813,126.651059,
인천광역시교육청,서부교육지원청,인천원당초등학교병설유치원,공립(병설),홍상임,홍상임,20050923,20050923,인천광역시 서구 원당대로820번길 16,032-628-8079, ,http://iwd.icees.kr/main.do,09시00분~19시00분,1,1,1,0,0,51,13,18,20,0,0,7,11,9,0,0,37.59258543,126.6912342,
인천광역시교육청,서부교육지원청,인천은지초등학교병설유치원,공립(병설),김일영,김일영,20050308,20050308,인천광역시 서구 승학로572번길 22,032-628-7688,032-568-3316,http://eunji.icees.kr,09시00분~19시00분,1,1,1,0,0,51,13,18,20,0,0,3,10,7,0,0,37.56470036,126.6849903,
인천광역시교육청,서부교육지원청,인천이음초등학교병설유치원,공립(병설),이은현,이은현,20220901,20220901,인천광역시 서구 이음1로 447,032-870-8427,032-569-3976,http://ieum.icees.kr/main.do,08시00분~19시00분,2,2,2,0,1,102,26,34,38,0,4,26,34,38,0,4,37.59878792,126.7121218,
인천광역시교육청,서부교육지원청,인천창신초등학교병설유치원,공립(병설),이상훈,이상훈,19810301,19810301,인천광역시 서구 고산후로161번길 6,032-628-6108,032-568-0421, ,09시00분~19시00분,1,1,1,0,0,51,13,18,20,0,0,5,13,9,0,0,37.59892253,126.6982138,
인천광역시교육청,서부교육지원청,인천청라초등학교병설유치원,공립(병설),이택수,이택수,20100901,20100901,인천광역시 서구 청라에메랄드로 139,032-569-5915,032-569-5917, ,09시00분~19시00분,1,1,2,0,0,71,13,18,40,0,0,13,18,27,0,0,37.53774832,126.6556962,
인천광역시교육청,서부교육지원청,인천청람초등학교병설유치원,공립(병설),김경애,김경애,20130301,20130307,인천광역시 서구 청라커낼로 336,032-569-6914,032-569-6916,http://www.cheongram.icees.kr,09시00분~19시00분,1,1,2,0,0,73,15,18,40,0,0,10,17,22,0,0,37.53869664,126.6453131,
인천광역시교육청,서부교육지원청,인천청일초등학교병설유치원,공립(병설),이성순,이성순,20120901,20120912,인천광역시 서구 크리스탈로 46,032-569-5075,032-569-5072,http://cheongil.icees.kr,09시00분~19시00분,1,1,2,0,0,71,13,18,40,0,0,11,18,28,0,0,37.52925864,126.6373634,
인천광역시교육청,서부교육지원청,인천초은초등학교병설유치원,공립(병설),최유미,최유미,20110501,20110501,인천광역시 서구 청라에메랄드로 33,032-628-8478,032-628-8533,http://choeun.icees.kr/main.do,08시40분~19시00분,1,1,2,0,0,71,13,18,40,0,0,13,17,27,0,0,37.52842328,126.6558481,
인천광역시교육청,서부교육지원청,인천푸른빛유치원,공립(단설),이상숙,이상숙,20210226,20210308,인천광역시 서구 청라한내로 145,032-452-3900, ,http://prb.icekg.kr,09시00분~19시00분,3,3,3,0,3,153,35,50,56,0,12,35,50,56,0,11,37.53819812,126.6279825,
인천광역시교육청,서부교육지원청,인천한들초등학교병설유치원,공립(병설),차인철,차인철,20230901,20230901,인천광역시 서구 한중로 25,032-440-0800, , ,09시00분~19시00분,2,2,2,0,1,102,26,34,38,0,4,26,34,38,0,4,37.57958495,126.6728024,
인천광역시교육청,서부교육지원청,인천한별초등학교병설유치원,공립(병설),백동기,백동기,20201109,20210906,인천광역시 서구 서로3로 201,032-453-9000, ,http://hanbyeol.icees.kr/main.do,09시00분~19시00분,1,1,2,0,1,71,13,18,40,0,4,13,16,38,0,4,37.59761635,126.7066281,
인천광역시교육청,서부교육지원청,인천해든초등학교병설유치원,공립(병설),이종재,이종재,20210901,20210906,인천광역시 서구 서로3로 60,032-453-9224, , ,09시00분~19시00분,1,1,2,0,1,71,13,16,38,0,4,13,16,38,0,4,37.58541807,126.7076937,
인천광역시교육청,서부교육지원청,인천해원초등학교병설유치원,공립(병설),전진현,전진현,20120301,20120313,인천광역시 서구 청라사파이어로140번길 6,032-560-2240,032-560-2229,http://haewon.icees.kr/,09시00분~19시00분,1,1,2,0,1,71,13,17,37,0,4,13,17,35,0,4,37.52660162,126.62634,
인천광역시교육청,서부교육지원청,일영유치원,사립(사인),이은화,이은화,20141020,20150228,인천광역시 서구 고산로45번길 4,032-563-6822,032-569-5586, ,08시00분~19시00분,3,2,2,0,0,196,72,52,55,0,0,72,52,55,0,0,37.5970951,126.7002753,
인천광역시교육청,서부교육지원청,재은유치원,사립(사인),이춘삼,이명선,19990403,20110304,인천광역시 서구 완정로34번길 20,032-566-7272,032-566-7273, ,07시00분~21시00분,2,2,2,0,0,123,36,39,48,0,0,36,39,44,0,0,37.59741384,126.6719051,
인천광역시교육청,서부교육지원청,청라새싹유치원,사립(사인),김홍철,임미경,20080221,20080221,인천광역시 서구 용두산로26번길 14-5,032-568-7634,032-566-0510,http://cafe.daum.net/crsaesac,09시00분~19시00분,5,5,4,0,0,350,110,127,113,0,0,109,127,113,0,0,37.54646678,126.6704245,
인천광역시교육청,서부교육지원청,청라유치원,공립(단설),이선희,이선희,20130301,20130301,인천광역시 서구 솔빛로 68,032-569-2711,032-569-2715,http://ichl.icekg.kr/main.do,09시00분~19시00분,3,3,3,0,3,153,35,50,56,0,12,35,50,56,0,12,37.52491368,126.6285764,
인천광역시교육청,서부교육지원청,큰사랑유치원,사립(사인),한현숙,최수현,20010301,20010301,인천광역시 서구 완정로64번길 7,032-567-4301,032-567-4313,http://www.keunsarang.net,09시00분~19시00분,2,3,3,0,0,224,56,84,84,0,0,52,74,78,0,0,37.59832408,126.6676246,
인천광역시교육청,서부교육지원청,프라임청라유치원,사립(사인),강완식,김정원,20120531,20120601,인천광역시 서구 청라한울로59번길 5,032-567-8180,032-569-8180, ,09시00분~19시00분,4,4,4,0,0,337,96,104,108,0,0,87,99,92,0,0,37.5393445,126.6429231,
인천광역시교육청,서부교육지원청,한샘유치원,사립(사인),신성자,이애경,20060418,20060418,인천광역시 서구 율도로15번길 26-9,032-584-3333,032-572-4056,http://www.한샘유치원.com,09시00분~19시00분,2,2,2,0,0,172,44,56,56,0,0,44,56,56,0,0,37.5163642,126.6649651,
인천광역시교육청,서부교육지원청,한울유치원,사립(사인),백명희,고경복,19990828,20000301,인천광역시 서구 서곶로 818,032-562-5300,032-562-5400, ,08시00분~19시00분,2,2,2,0,0,210,40,54,58,0,0,40,51,56,0,0,37.58893023,126.6756855,
인천광역시교육청,서부교육지원청,해나라유치원,사립(사인),고경희,최경희,20090301,20090301,인천광역시 서구 고산후로161번안길 35,032-563-4279,032-569-4268, ,09시00분~18시30분,5,4,4,0,0,310,110,96,104,0,0,109,95,103,0,0,37.60119643,126.6977944,
인천광역시교육청,서부교육지원청,희망찬유치원,사립(사인),박종례,박종례,19960301,19960301,인천광역시 서구 단봉로139번길 3-2,032-563-9009,032-719-2301, ,07시00분~20시00분,3,2,2,0,0,230,54,44,46,0,0,52,36,42,0,0,37.596843,126.6366085,
