source_record_id,source_row,facility_type,facility_name,address,latitude,longitude,coordinate_status,match_reason,matched_address_key,coordinate_matching_record_count,coordinate_unique_point_count,coordinate_max_pairwise_distance_m,coordinate_source_record_ids,coordinate_source,coordinate_source_url,coordinate_source_as_of,source_url,source_as_of,retrieved_at,construction_status,construction_type,permit_date,start_date,approval_date,main_use,site_area_sqm,coordinate_limitations
15029299:1,1,건축행정기록,노유자시설,인천광역시 연수구 동춘동 786-2 외1필지,37.4135714,126.6586098,geocoded_kakao_jibun,kakao_exact_jibun_address_match,인천 연수구 동춘동 786-2,1,1,0.0,,kakao_local_api:address_jibun,https://dapi.kakao.com/v2/local/search/address.json,2026-09-06,https://www.data.go.kr/data/15029299/fileData.do,2026-03-09,2026-09-06,administrative_record_only_not_confirmed_active,증축,2026-01-20,2026-01-27,,노유자시설,1768.00,"주소 기반 추정 위치, 공사현장 좌표 아님"
15029299:2,2,건축행정기록,단독주택,인천광역시 연수구 동춘동 동춘1도시개발사업구역 25 1,,,unresolved,address_not_parcel_or_road_notation,,0,0,,,kakao_local_api:unresolved,https://dapi.kakao.com/v2/local/search/address.json,2026-09-06,https://www.data.go.kr/data/15029299/fileData.do,2026-03-09,2026-09-06,administrative_record_only_not_confirmed_active,신축,2026-01-09,2026-03-09,,단독주택,339.20,"주소 기반 추정 위치, 공사현장 좌표 아님"
15029299:4,4,건축행정기록,단독주택,인천광역시 연수구 동춘동 동춘1구역 16블럭 5로트,,,unresolved,address_not_parcel_or_road_notation,,0,0,,,kakao_local_api:unresolved,https://dapi.kakao.com/v2/local/search/address.json,2026-09-06,https://www.data.go.kr/data/15029299/fileData.do,2026-03-09,2026-09-06,administrative_record_only_not_confirmed_active,신축,2025-10-23,2025-10-30,,단독주택,250.00,"주소 기반 추정 위치, 공사현장 좌표 아님"
15029299:5,5,건축행정기록,제2종근린생활시설,인천광역시 연수구 옥련동 580-11,37.4177328,126.6563478,geocoded_kakao_jibun,kakao_exact_jibun_address_match,인천 연수구 옥련동 580-11,1,1,0.0,,kakao_local_api:address_jibun,https://dapi.kakao.com/v2/local/search/address.json,2026-09-06,https://www.data.go.kr/data/15029299/fileData.do,2026-03-09,2026-09-06,administrative_record_only_not_confirmed_active,신축,2025-09-24,2025-12-29,,제2종근린생활시설,210.00,"주소 기반 추정 위치, 공사현장 좌표 아님"
15029299:7,7,건축행정기록,단독주택,인천광역시 연수구 동춘동 동춘1도시개발사업구역 18블록 15로트,,,unresolved,address_not_parcel_or_road_notation,,0,0,,,kakao_local_api:unresolved,https://dapi.kakao.com/v2/local/search/address.json,2026-09-06,https://www.data.go.kr/data/15029299/fileData.do,2026-03-09,2026-09-06,administrative_record_only_not_confirmed_active,증축,2025-09-08,2025-09-11,2025-09-24,단독주택,321.00,"주소 기반 추정 위치, 공사현장 좌표 아님"
15029299:8,8,건축행정기록,제2종근린생활시설,인천광역시 연수구 옥련동 339 외1필지,37.4257302,126.6555012,geocoded_kakao_jibun,kakao_exact_jibun_address_match,인천 연수구 옥련동 339,1,1,0.0,,kakao_local_api:address_jibun,https://dapi.kakao.com/v2/local/search/address.json,2026-09-06,https://www.data.go.kr/data/15029299/fileData.do,2026-03-09,2026-09-06,administrative_record_only_not_confirmed_active,신축,2025-09-08,2025-09-22,,제2종근린생활시설,503.00,"주소 기반 추정 위치, 공사현장 좌표 아님"
15029299:9,9,건축행정기록,제2종근린생활시설,인천광역시 연수구 청학동 217-55,37.4285822,126.6712258,geocoded_kakao_jibun,kakao_exact_jibun_address_match,인천 연수구 청학동 217-55,1,1,0.0,,kakao_local_api:address_jibun,https://dapi.kakao.com/v2/local/search/address.json,2026-09-06,https://www.data.go.kr/data/15029299/fileData.do,2026-03-09,2026-09-06,administrative_record_only_not_confirmed_active,대수선,2025-08-27,2026-02-09,,제2종근린생활시설,4756.00,"주소 기반 추정 위치, 공사현장 좌표 아님"
15029299:10,10,건축행정기록,단독주택,인천광역시 연수구 동춘동 동춘1구역 23 5,,,unresolved,address_not_parcel_or_road_notation,,0,0,,,kakao_local_api:unresolved,https://dapi.kakao.com/v2/local/search/address.json,2026-09-06,https://www.data.go.kr/data/15029299/fileData.do,2026-03-09,2026-09-06,administrative_record_only_not_confirmed_active,신축,2025-08-18,2025-09-05,,단독주택,270.80,"주소 기반 추정 위치, 공사현장 좌표 아님"
15029299:11,11,건축행정기록,제2종근린생활시설,인천광역시 연수구 동춘동 820-14 외3필지,37.4155984,126.6549933,geocoded_kakao_jibun,kakao_exact_jibun_address_match,인천 연수구 동춘동 820-14,1,1,0.0,,kakao_local_api:address_jibun,https://dapi.kakao.com/v2/local/search/address.json,2026-09-06,https://www.data.go.kr/data/15029299/fileData.do,2026-03-09,2026-09-06,administrative_record_only_not_confirmed_active,증축,2025-08-13,2025-12-22,,제2종근린생활시설,840.40,"주소 기반 추정 위치, 공사현장 좌표 아님"
15029299:12,12,건축행정기록,제2종근린생활시설,인천광역시 연수구 동춘동 동춘1구역 도시개발사업지구 12 6,,,unresolved,address_not_parcel_or_road_notation,,0,0,,,kakao_local_api:unresolved,https://dapi.kakao.com/v2/local/search/address.json,2026-09-06,https://www.data.go.kr/data/15029299/fileData.do,2026-03-09,2026-09-06,administrative_record_only_not_confirmed_active,신축,2025-08-01,2025-08-20,2026-01-09,제2종근린생활시설,343.30,"주소 기반 추정 위치, 공사현장 좌표 아님"
15029299:13,13,건축행정기록,제1종근린생활시설,인천광역시 연수구 동춘동 698-7,37.3958947,126.6632014,geocoded_kakao_jibun,kakao_exact_jibun_address_match,인천 연수구 동춘동 698-7,1,1,0.0,,kakao_local_api:address_jibun,https://dapi.kakao.com/v2/local/search/address.json,2026-09-06,https://www.data.go.kr/data/15029299/fileData.do,2026-03-09,2026-09-06,administrative_record_only_not_confirmed_active,증축,2025-07-24,2025-09-16,,제1종근린생활시설,815.00,"주소 기반 추정 위치, 공사현장 좌표 아님"
15029299:14,14,건축행정기록,단독주택,인천광역시 연수구 연수동 486-1,37.4264938,126.6794692,geocoded_kakao_jibun,kakao_exact_jibun_address_match,인천 연수구 연수동 486-1,1,1,0.0,,kakao_local_api:address_jibun,https://dapi.kakao.com/v2/local/search/address.json,2026-09-06,https://www.data.go.kr/data/15029299/fileData.do,2026-03-09,2026-09-06,administrative_record_only_not_confirmed_active,신축,2025-05-29,2025-07-04,2026-01-23,단독주택,231.50,"주소 기반 추정 위치, 공사현장 좌표 아님"
15029299:15,15,건축행정기록,자동차관련시설,인천광역시 연수구 청학동 466-1,37.4185866,126.6768834,geocoded_kakao_jibun,kakao_exact_jibun_address_match,인천 연수구 청학동 466-1,1,1,0.0,,kakao_local_api:address_jibun,https://dapi.kakao.com/v2/local/search/address.json,2026-09-06,https://www.data.go.kr/data/15029299/fileData.do,2026-03-09,2026-09-06,administrative_record_only_not_confirmed_active,신축,2025-05-12,2025-12-22,,자동차관련시설,1721.40,"주소 기반 추정 위치, 공사현장 좌표 아님"
15029299:16,16,건축행정기록,제2종근린생활시설,인천광역시 연수구 연수동 508-22 외2필지,37.4248458,126.6830676,geocoded_kakao_jibun,kakao_exact_jibun_address_match,인천 연수구 연수동 508-22,1,1,0.0,,kakao_local_api:address_jibun,https://dapi.kakao.com/v2/local/search/address.json,2026-09-06,https://www.data.go.kr/data/15029299/fileData.do,2026-03-09,2026-09-06,administrative_record_only_not_confirmed_active,대수선,2025-05-08,2025-06-13,2025-12-10,제2종근린생활시설,515.00,"주소 기반 추정 위치, 공사현장 좌표 아님"
15029299:17,17,건축행정기록,제2종근린생활시설,인천광역시 연수구 옥련동 423-4 외2필지,37.4229865,126.6517948,geocoded_kakao_jibun,kakao_exact_jibun_address_match,인천 연수구 옥련동 423-4,1,1,0.0,,kakao_local_api:address_jibun,https://dapi.kakao.com/v2/local/search/address.json,2026-09-06,https://www.data.go.kr/data/15029299/fileData.do,2026-03-09,2026-09-06,administrative_record_only_not_confirmed_active,신축,2025-04-29,2025-10-28,,제2종근린생활시설,228.00,"주소 기반 추정 위치, 공사현장 좌표 아님"
15029299:18,18,건축행정기록,제2종근린생활시설,인천광역시 연수구 옥련동 569-7,37.4173806,126.6534920,geocoded_kakao_jibun,kakao_exact_jibun_address_match,인천 연수구 옥련동 569-7,1,1,0.0,,kakao_local_api:address_jibun,https://dapi.kakao.com/v2/local/search/address.json,2026-09-06,https://www.data.go.kr/data/15029299/fileData.do,2026-03-09,2026-09-06,administrative_record_only_not_confirmed_active,신축,2025-04-28,2025-07-21,2025-12-04,제2종근린생활시설,597.40,"주소 기반 추정 위치, 공사현장 좌표 아님"
15029299:19,19,건축행정기록,문화및집회시설,인천광역시 연수구 청학동 산 53-2 외3필지,37.4245201,126.6632158,geocoded_kakao_jibun,kakao_exact_jibun_address_match,인천 연수구 청학동 산 53-2,1,1,0.0,,kakao_local_api:address_jibun,https://dapi.kakao.com/v2/local/search/address.json,2026-09-06,https://www.data.go.kr/data/15029299/fileData.do,2026-03-09,2026-09-06,administrative_record_only_not_confirmed_active,신축,2025-04-24,2025-04-29,,문화및집회시설,13244.00,"주소 기반 추정 위치, 공사현장 좌표 아님"
15029299:20,20,건축행정기록,종교시설,인천광역시 연수구 동춘동 1114-1,37.4154649,126.6734995,geocoded_kakao_jibun,kakao_exact_jibun_address_match,인천 연수구 동춘동 1114-1,1,1,0.0,,kakao_local_api:address_jibun,https://dapi.kakao.com/v2/local/search/address.json,2026-09-06,https://www.data.go.kr/data/15029299/fileData.do,2026-03-09,2026-09-06,administrative_record_only_not_confirmed_active,증축,2025-04-14,2025-10-29,,종교시설,2753.00,"주소 기반 추정 위치, 공사현장 좌표 아님"
15029299:23,23,건축행정기록,운동시설,인천광역시 연수구 연수동 581-2,37.4187313,126.6912774,geocoded_kakao_jibun,kakao_exact_jibun_address_match,인천 연수구 연수동 581-2,1,1,0.0,,kakao_local_api:address_jibun,https://dapi.kakao.com/v2/local/search/address.json,2026-09-06,https://www.data.go.kr/data/15029299/fileData.do,2026-03-09,2026-09-06,administrative_record_only_not_confirmed_active,신축,2025-02-24,2025-04-10,,운동시설,7854.00,"주소 기반 추정 위치, 공사현장 좌표 아님"
15029299:24,24,건축행정기록,제2종근린생활시설,인천광역시 연수구 동춘동 795-8 외1필지,37.4150969,126.6589089,geocoded_kakao_jibun,kakao_exact_jibun_address_match,인천 연수구 동춘동 795-8,1,1,0.0,,kakao_local_api:address_jibun,https://dapi.kakao.com/v2/local/search/address.json,2026-09-06,https://www.data.go.kr/data/15029299/fileData.do,2026-03-09,2026-09-06,administrative_record_only_not_confirmed_active,증축,2025-02-18,2025-03-07,2025-05-08,제2종근린생활시설,562.30,"주소 기반 추정 위치, 공사현장 좌표 아님"
15029299:25,25,건축행정기록,제2종근린생활시설,인천광역시 연수구 동춘동 820-20,37.4157881,126.6550443,geocoded_kakao_jibun,kakao_exact_jibun_address_match,인천 연수구 동춘동 820-20,1,1,0.0,,kakao_local_api:address_jibun,https://dapi.kakao.com/v2/local/search/address.json,2026-09-06,https://www.data.go.kr/data/15029299/fileData.do,2026-03-09,2026-09-06,administrative_record_only_not_confirmed_active,신축,2025-02-06,2025-03-19,2025-10-27,제2종근린생활시설,255.60,"주소 기반 추정 위치, 공사현장 좌표 아님"
15029299:26,26,건축행정기록,단독주택,인천광역시 연수구 동춘동 동춘1도시개발사업구역 18블록 15로트,,,unresolved,address_not_parcel_or_road_notation,,0,0,,,kakao_local_api:unresolved,https://dapi.kakao.com/v2/local/search/address.json,2026-09-06,https://www.data.go.kr/data/15029299/fileData.do,2026-03-09,2026-09-06,administrative_record_only_not_confirmed_active,신축,2024-12-30,2025-01-13,2025-08-13,단독주택,321.00,"주소 기반 추정 위치, 공사현장 좌표 아님"
15029299:27,27,건축행정기록,제2종근린생활시설,인천광역시 연수구 동춘동 1146-3 외1필지,37.4042112,126.6673460,geocoded_kakao_jibun,kakao_exact_jibun_address_match,인천 연수구 동춘동 1146-3,1,1,0.0,,kakao_local_api:address_jibun,https://dapi.kakao.com/v2/local/search/address.json,2026-09-06,https://www.data.go.kr/data/15029299/fileData.do,2026-03-09,2026-09-06,administrative_record_only_not_confirmed_active,신축,2024-11-27,2024-12-04,,제2종근린생활시설,771.50,"주소 기반 추정 위치, 공사현장 좌표 아님"
15029299:30,30,건축행정기록,단독주택,인천광역시 연수구 동춘동 동춘1구역도시개발사업 29블록 3로트,,,unresolved,address_not_parcel_or_road_notation,,0,0,,,kakao_local_api:unresolved,https://dapi.kakao.com/v2/local/search/address.json,2026-09-06,https://www.data.go.kr/data/15029299/fileData.do,2026-03-09,2026-09-06,administrative_record_only_not_confirmed_active,신축,2024-11-07,2024-12-03,,단독주택,357.80,"주소 기반 추정 위치, 공사현장 좌표 아님"
15029299:31,31,건축행정기록,단독주택,인천광역시 연수구 동춘동 동춘1구역 19 1,,,unresolved,address_not_parcel_or_road_notation,,0,0,,,kakao_local_api:unresolved,https://dapi.kakao.com/v2/local/search/address.json,2026-09-06,https://www.data.go.kr/data/15029299/fileData.do,2026-03-09,2026-09-06,administrative_record_only_not_confirmed_active,신축,2024-10-16,2024-11-04,,단독주택,398.60,"주소 기반 추정 위치, 공사현장 좌표 아님"
15029299:32,32,건축행정기록,제1종근린생활시설,인천광역시 연수구 옥련동 송도역세권 도시개발구역 문1,,,unresolved,address_not_parcel_or_road_notation,,0,0,,,kakao_local_api:unresolved,https://dapi.kakao.com/v2/local/search/address.json,2026-09-06,https://www.data.go.kr/data/15029299/fileData.do,2026-03-09,2026-09-06,administrative_record_only_not_confirmed_active,신축,2024-10-08,2024-12-23,,제1종근린생활시설,2630.00,"주소 기반 추정 위치, 공사현장 좌표 아님"
15029299:33,33,건축행정기록,단독주택,인천광역시 연수구 동춘동 동춘1구역도시개발구역 18블록 13로트,,,unresolved,address_not_parcel_or_road_notation,,0,0,,,kakao_local_api:unresolved,https://dapi.kakao.com/v2/local/search/address.json,2026-09-06,https://www.data.go.kr/data/15029299/fileData.do,2026-03-09,2026-09-06,administrative_record_only_not_confirmed_active,신축,2024-09-20,2024-10-15,,단독주택,259.60,"주소 기반 추정 위치, 공사현장 좌표 아님"
15029299:34,34,건축행정기록,업무시설,인천광역시 연수구 청학동 466-11,37.4184085,126.6772148,geocoded_kakao_jibun,kakao_exact_jibun_address_match,인천 연수구 청학동 466-11,1,1,0.0,,kakao_local_api:address_jibun,https://dapi.kakao.com/v2/local/search/address.json,2026-09-06,https://www.data.go.kr/data/15029299/fileData.do,2026-03-09,2026-09-06,administrative_record_only_not_confirmed_active,신축,2024-08-29,2024-11-05,,업무시설,1000.30,"주소 기반 추정 위치, 공사현장 좌표 아님"
15029299:36,36,건축행정기록,제2종근린생활시설,인천광역시 연수구 동춘동 1142-4 외2필지,37.4067666,126.6652607,geocoded_kakao_jibun,kakao_exact_jibun_address_match,인천 연수구 동춘동 1142-4,1,1,0.0,,kakao_local_api:address_jibun,https://dapi.kakao.com/v2/local/search/address.json,2026-09-06,https://www.data.go.kr/data/15029299/fileData.do,2026-03-09,2026-09-06,administrative_record_only_not_confirmed_active,신축,2024-03-27,2024-05-09,2024-09-13,제2종근린생활시설,865.10,"주소 기반 추정 위치, 공사현장 좌표 아님"
15029299:37,37,건축행정기록,위험물저장및처리시설,인천광역시 연수구 옥련동 송도역세권구역 위 1,,,unresolved,address_not_parcel_or_road_notation,,0,0,,,kakao_local_api:unresolved,https://dapi.kakao.com/v2/local/search/address.json,2026-09-06,https://www.data.go.kr/data/15029299/fileData.do,2026-03-09,2026-09-06,administrative_record_only_not_confirmed_active,신축,2024-03-18,2024-04-12,2024-09-09,위험물저장및처리시설,1438.00,"주소 기반 추정 위치, 공사현장 좌표 아님"
15029299:40,40,건축행정기록,제1종근린생활시설,인천광역시 연수구 선학동 401-1 외1필지,37.4282207,126.6984508,geocoded_kakao_jibun,kakao_exact_jibun_address_match,인천 연수구 선학동 401-1,1,1,0.0,,kakao_local_api:address_jibun,https://dapi.kakao.com/v2/local/search/address.json,2026-09-06,https://www.data.go.kr/data/15029299/fileData.do,2026-03-09,2026-09-06,administrative_record_only_not_confirmed_active,대수선,2023-12-26,2024-01-17,2024-09-05,제1종근린생활시설,2510.40,"주소 기반 추정 위치, 공사현장 좌표 아님"
15029299:42,42,건축행정기록,단독주택,인천광역시 연수구 동춘동 동춘1구역 24 2,,,unresolved,address_not_parcel_or_road_notation,,0,0,,,kakao_local_api:unresolved,https://dapi.kakao.com/v2/local/search/address.json,2026-09-06,https://www.data.go.kr/data/15029299/fileData.do,2026-03-09,2026-09-06,administrative_record_only_not_confirmed_active,신축,2023-12-11,2024-06-12,2024-11-15,단독주택,250.00,"주소 기반 추정 위치, 공사현장 좌표 아님"
15029299:43,43,건축행정기록,공동주택,인천광역시 연수구 선학동 352,37.4250194,126.7000874,geocoded_kakao_jibun,kakao_exact_jibun_address_match,인천 연수구 선학동 352,1,1,0.0,,kakao_local_api:address_jibun,https://dapi.kakao.com/v2/local/search/address.json,2026-09-06,https://www.data.go.kr/data/15029299/fileData.do,2026-03-09,2026-09-06,administrative_record_only_not_confirmed_active,대수선,2023-11-27,2024-03-29,2024-11-15,공동주택,32476.20,"주소 기반 추정 위치, 공사현장 좌표 아님"
15029299:44,44,건축행정기록,운수시설,인천광역시 연수구 옥련동 산 51-3 외52필지,37.4291791,126.6560702,geocoded_kakao_jibun,kakao_exact_jibun_address_match,인천 연수구 옥련동 산 51-3,1,1,0.0,,kakao_local_api:address_jibun,https://dapi.kakao.com/v2/local/search/address.json,2026-09-06,https://www.data.go.kr/data/15029299/fileData.do,2026-03-09,2026-09-06,administrative_record_only_not_confirmed_active,증축,2023-11-27,2024-06-11,,운수시설,39727.00,"주소 기반 추정 위치, 공사현장 좌표 아님"
15029299:45,45,건축행정기록,단독주택,인천광역시 연수구 동춘동 동춘1도시개발사업구역 16 블록 3 로트,,,unresolved,address_not_parcel_or_road_notation,,0,0,,,kakao_local_api:unresolved,https://dapi.kakao.com/v2/local/search/address.json,2026-09-06,https://www.data.go.kr/data/15029299/fileData.do,2026-03-09,2026-09-06,administrative_record_only_not_confirmed_active,신축,2023-08-16,2023-09-21,2024-03-25,단독주택,316.80,"주소 기반 추정 위치, 공사현장 좌표 아님"
15029299:47,47,건축행정기록,단독주택,인천광역시 연수구 동춘동 동춘1구역 22 3,,,unresolved,address_not_parcel_or_road_notation,,0,0,,,kakao_local_api:unresolved,https://dapi.kakao.com/v2/local/search/address.json,2026-09-06,https://www.data.go.kr/data/15029299/fileData.do,2026-03-09,2026-09-06,administrative_record_only_not_confirmed_active,신축,2023-08-07,2023-08-29,,단독주택,433.70,"주소 기반 추정 위치, 공사현장 좌표 아님"
15029299:48,48,건축행정기록,의료시설,인천광역시 연수구 연수동 220 외4필지,37.4184540,126.6895847,geocoded_kakao_jibun,kakao_exact_jibun_address_match,인천 연수구 연수동 220,1,1,0.0,,kakao_local_api:address_jibun,https://dapi.kakao.com/v2/local/search/address.json,2026-09-06,https://www.data.go.kr/data/15029299/fileData.do,2026-03-09,2026-09-06,administrative_record_only_not_confirmed_active,증축,2023-08-03,2023-10-25,2024-11-15,의료시설,41789.40,"주소 기반 추정 위치, 공사현장 좌표 아님"
15029299:49,49,건축행정기록,단독주택,인천광역시 연수구 동춘동 동춘1구역도시개발구역 23-1,,,unresolved,address_not_parcel_or_road_notation,,0,0,,,kakao_local_api:unresolved,https://dapi.kakao.com/v2/local/search/address.json,2026-09-06,https://www.data.go.kr/data/15029299/fileData.do,2026-03-09,2026-09-06,administrative_record_only_not_confirmed_active,신축,2023-07-31,2023-11-03,2024-12-10,단독주택,496.30,"주소 기반 추정 위치, 공사현장 좌표 아님"
15029299:50,50,건축행정기록,제1종근린생활시설,인천광역시 연수구 청학동 65-5 외2필지,37.4275428,126.6608093,geocoded_kakao_jibun,kakao_exact_jibun_address_match,인천 연수구 청학동 65-5,1,1,0.0,,kakao_local_api:address_jibun,https://dapi.kakao.com/v2/local/search/address.json,2026-09-06,https://www.data.go.kr/data/15029299/fileData.do,2026-03-09,2026-09-06,administrative_record_only_not_confirmed_active,신축,2023-07-28,2023-08-02,,제1종근린생활시설,2636.00,"주소 기반 추정 위치, 공사현장 좌표 아님"
15029299:51,51,건축행정기록,노유자시설,인천광역시 연수구 청학동 32-25,37.4298318,126.6617140,geocoded_kakao_jibun,kakao_exact_jibun_address_match,인천 연수구 청학동 32-25,1,1,0.0,,kakao_local_api:address_jibun,https://dapi.kakao.com/v2/local/search/address.json,2026-09-06,https://www.data.go.kr/data/15029299/fileData.do,2026-03-09,2026-09-06,administrative_record_only_not_confirmed_active,신축,2023-07-24,2023-08-01,,노유자시설,184.00,"주소 기반 추정 위치, 공사현장 좌표 아님"
15029299:52,52,건축행정기록,종교시설,인천광역시 연수구 동춘동 동춘1구역 도시개발사업 27블록 1로트,,,unresolved,address_not_parcel_or_road_notation,,0,0,,,kakao_local_api:unresolved,https://dapi.kakao.com/v2/local/search/address.json,2026-09-06,https://www.data.go.kr/data/15029299/fileData.do,2026-03-09,2026-09-06,administrative_record_only_not_confirmed_active,신축,2023-07-21,2023-08-17,2025-03-31,종교시설,1499.70,"주소 기반 추정 위치, 공사현장 좌표 아님"
15029299:53,53,건축행정기록,제2종근린생활시설,인천광역시 연수구 동춘동 동춘1구역 도시개발사업지구 12블럭 1로트 외1필지,,,unresolved,address_not_parcel_or_road_notation,,0,0,,,kakao_local_api:unresolved,https://dapi.kakao.com/v2/local/search/address.json,2026-09-06,https://www.data.go.kr/data/15029299/fileData.do,2026-03-09,2026-09-06,administrative_record_only_not_confirmed_active,신축,2023-07-17,2023-09-27,,제2종근린생활시설,650.00,"주소 기반 추정 위치, 공사현장 좌표 아님"
15029299:54,54,건축행정기록,단독주택,인천광역시 연수구 동춘동 동춘1구역 18블록 7로트 외1필지,,,unresolved,address_not_parcel_or_road_notation,,0,0,,,kakao_local_api:unresolved,https://dapi.kakao.com/v2/local/search/address.json,2026-09-06,https://www.data.go.kr/data/15029299/fileData.do,2026-03-09,2026-09-06,administrative_record_only_not_confirmed_active,신축,2023-06-09,2023-06-21,2024-07-11,단독주택,566.90,"주소 기반 추정 위치, 공사현장 좌표 아님"
15029299:56,56,건축행정기록,단독주택,인천광역시 연수구 동춘동 동춘1도시개발사업구역 16BL 4LOT,,,unresolved,address_not_parcel_or_road_notation,,0,0,,,kakao_local_api:unresolved,https://dapi.kakao.com/v2/local/search/address.json,2026-09-06,https://www.data.go.kr/data/15029299/fileData.do,2026-03-09,2026-09-06,administrative_record_only_not_confirmed_active,신축,2023-04-12,2023-05-08,2024-02-13,단독주택,250.00,"주소 기반 추정 위치, 공사현장 좌표 아님"
15029299:57,57,건축행정기록,자동차관련시설,인천광역시 연수구 동춘동 동춘1구역도시개발사업 31블록 5로트,,,unresolved,address_not_parcel_or_road_notation,,0,0,,,kakao_local_api:unresolved,https://dapi.kakao.com/v2/local/search/address.json,2026-09-06,https://www.data.go.kr/data/15029299/fileData.do,2026-03-09,2026-09-06,administrative_record_only_not_confirmed_active,신축,2023-03-30,2023-04-13,2023-11-10,자동차관련시설,1100.00,"주소 기반 추정 위치, 공사현장 좌표 아님"
15029299:58,58,건축행정기록,제1종근린생활시설,인천광역시 연수구 옥련동 79-1 외2필지,37.4308262,126.6458771,geocoded_kakao_jibun,kakao_exact_jibun_address_match,인천 연수구 옥련동 79-1,1,1,0.0,,kakao_local_api:address_jibun,https://dapi.kakao.com/v2/local/search/address.json,2026-09-06,https://www.data.go.kr/data/15029299/fileData.do,2026-03-09,2026-09-06,administrative_record_only_not_confirmed_active,신축,2023-03-28,2023-09-22,2024-01-03,제1종근린생활시설,270.70,"주소 기반 추정 위치, 공사현장 좌표 아님"
15029299:60,60,건축행정기록,단독주택,인천광역시 연수구 동춘동 동춘1도시개발사업구역 22 2,,,unresolved,address_not_parcel_or_road_notation,,0,0,,,kakao_local_api:unresolved,https://dapi.kakao.com/v2/local/search/address.json,2026-09-06,https://www.data.go.kr/data/15029299/fileData.do,2026-03-09,2026-09-06,administrative_record_only_not_confirmed_active,신축,2023-02-20,2023-03-15,2024-01-02,단독주택,266.20,"주소 기반 추정 위치, 공사현장 좌표 아님"
15029299:61,61,건축행정기록,교육연구시설,인천광역시 연수구 옥련동 578-5 외1필지,37.4179661,126.6565483,geocoded_kakao_jibun,kakao_exact_jibun_address_match,인천 연수구 옥련동 578-5,1,1,0.0,,kakao_local_api:address_jibun,https://dapi.kakao.com/v2/local/search/address.json,2026-09-06,https://www.data.go.kr/data/15029299/fileData.do,2026-03-09,2026-09-06,administrative_record_only_not_confirmed_active,증축,2023-01-18,2023-03-24,2024-10-22,교육연구시설,1451.70,"주소 기반 추정 위치, 공사현장 좌표 아님"
15029299:63,63,건축행정기록,종교시설,인천광역시 연수구 동춘동 동춘1구역 도시개발사업 13 8,,,unresolved,address_not_parcel_or_road_notation,,0,0,,,kakao_local_api:unresolved,https://dapi.kakao.com/v2/local/search/address.json,2026-09-06,https://www.data.go.kr/data/15029299/fileData.do,2026-03-09,2026-09-06,administrative_record_only_not_confirmed_active,신축,2022-12-07,2023-10-12,,종교시설,1292.00,"주소 기반 추정 위치, 공사현장 좌표 아님"
15029299:64,64,건축행정기록,제1종근린생활시설,인천광역시 연수구 연수동 497-7,37.4262243,126.6811680,geocoded_kakao_jibun,kakao_exact_jibun_address_match,인천 연수구 연수동 497-7,1,1,0.0,,kakao_local_api:address_jibun,https://dapi.kakao.com/v2/local/search/address.json,2026-09-06,https://www.data.go.kr/data/15029299/fileData.do,2026-03-09,2026-09-06,administrative_record_only_not_confirmed_active,대수선,2022-10-19,2023-08-02,,제1종근린생활시설,210.20,"주소 기반 추정 위치, 공사현장 좌표 아님"
15029299:65,65,건축행정기록,제1종근린생활시설,인천광역시 연수구 연수동 517-9,37.4263721,126.6848867,geocoded_kakao_jibun,kakao_exact_jibun_address_match,인천 연수구 연수동 517-9,1,1,0.0,,kakao_local_api:address_jibun,https://dapi.kakao.com/v2/local/search/address.json,2026-09-06,https://www.data.go.kr/data/15029299/fileData.do,2026-03-09,2026-09-06,administrative_record_only_not_confirmed_active,증축,2022-09-06,2023-07-10,,제1종근린생활시설,213.60,"주소 기반 추정 위치, 공사현장 좌표 아님"
15029299:66,66,건축행정기록,단독주택,인천광역시 연수구 동춘동 도시개발사업 24블록 11로트,,,unresolved,address_not_parcel_or_road_notation,,0,0,,,kakao_local_api:unresolved,https://dapi.kakao.com/v2/local/search/address.json,2026-09-06,https://www.data.go.kr/data/15029299/fileData.do,2026-03-09,2026-09-06,administrative_record_only_not_confirmed_active,신축,2022-08-26,2023-05-25,2023-11-24,단독주택,368.10,"주소 기반 추정 위치, 공사현장 좌표 아님"
15029299:67,67,건축행정기록,제2종근린생활시설,인천광역시 연수구 옥련동 481-2,37.4216483,126.6477505,geocoded_kakao_jibun,kakao_exact_jibun_address_match,인천 연수구 옥련동 481-2,1,1,0.0,,kakao_local_api:address_jibun,https://dapi.kakao.com/v2/local/search/address.json,2026-09-06,https://www.data.go.kr/data/15029299/fileData.do,2026-03-09,2026-09-06,administrative_record_only_not_confirmed_active,신축,2022-06-16,2023-11-29,2024-05-13,제2종근린생활시설,442.00,"주소 기반 추정 위치, 공사현장 좌표 아님"
15029299:68,68,건축행정기록,단독주택,인천광역시 연수구 동춘동 동춘1구역 도시개발사업 26 10,,,unresolved,address_not_parcel_or_road_notation,,0,0,,,kakao_local_api:unresolved,https://dapi.kakao.com/v2/local/search/address.json,2026-09-06,https://www.data.go.kr/data/15029299/fileData.do,2026-03-09,2026-09-06,administrative_record_only_not_confirmed_active,신축,2022-06-10,2023-11-21,2024-11-15,단독주택,285.20,"주소 기반 추정 위치, 공사현장 좌표 아님"
15029299:70,70,건축행정기록,공동주택,인천광역시 연수구 옥련동 405-17 외2필지,37.4217020,126.6543704,geocoded_kakao_jibun,kakao_exact_jibun_address_match,인천 연수구 옥련동 405-17,1,1,0.0,,kakao_local_api:address_jibun,https://dapi.kakao.com/v2/local/search/address.json,2026-09-06,https://www.data.go.kr/data/15029299/fileData.do,2026-03-09,2026-09-06,administrative_record_only_not_confirmed_active,신축,2021-12-09,2023-11-29,2024-09-13,공동주택,716.00,"주소 기반 추정 위치, 공사현장 좌표 아님"
15029299:71,71,건축행정기록,제2종근린생활시설,인천광역시 연수구 옥련동 산 3,37.4308118,126.6415516,geocoded_kakao_jibun,kakao_exact_jibun_address_match,인천 연수구 옥련동 산 3,1,1,0.0,,kakao_local_api:address_jibun,https://dapi.kakao.com/v2/local/search/address.json,2026-09-06,https://www.data.go.kr/data/15029299/fileData.do,2026-03-09,2026-09-06,administrative_record_only_not_confirmed_active,신축,2021-10-28,2024-06-17,,제2종근린생활시설,826.00,"주소 기반 추정 위치, 공사현장 좌표 아님"
15029299:72,72,건축행정기록,단독주택,인천광역시 연수구 연수동 556,37.4222415,126.6754269,geocoded_kakao_jibun,kakao_exact_jibun_address_match,인천 연수구 연수동 556,1,1,0.0,,kakao_local_api:address_jibun,https://dapi.kakao.com/v2/local/search/address.json,2026-09-06,https://www.data.go.kr/data/15029299/fileData.do,2026-03-09,2026-09-06,administrative_record_only_not_confirmed_active,신축,2021-10-07,2023-11-14,2024-08-29,단독주택,232.70,"주소 기반 추정 위치, 공사현장 좌표 아님"
15029299:73,73,건축행정기록,단독주택,인천광역시 연수구 연수동 570-9,37.4186931,126.6799134,geocoded_kakao_jibun,kakao_exact_jibun_address_match,인천 연수구 연수동 570-9,1,1,0.0,,kakao_local_api:address_jibun,https://dapi.kakao.com/v2/local/search/address.json,2026-09-06,https://www.data.go.kr/data/15029299/fileData.do,2026-03-09,2026-09-06,administrative_record_only_not_confirmed_active,신축,2019-11-14,2023-01-11,2025-04-11,단독주택,227.40,"주소 기반 추정 위치, 공사현장 좌표 아님"
15029299:74,74,건축행정기록,단독주택,인천광역시 연수구 동춘동 산 14-19 외1필지,37.4168495,126.6573754,geocoded_kakao_jibun,kakao_exact_jibun_address_match,인천 연수구 동춘동 산 14-19,1,1,0.0,,kakao_local_api:address_jibun,https://dapi.kakao.com/v2/local/search/address.json,2026-09-06,https://www.data.go.kr/data/15029299/fileData.do,2026-03-09,2026-09-06,administrative_record_only_not_confirmed_active,신축,2019-10-10,2023-01-04,,단독주택,818.00,"주소 기반 추정 위치, 공사현장 좌표 아님"
