school_name,school_level,designation_type,program_name,year,source_url,source_file,source_published_date,retrieved_at,financial_support_amount,verification_status,source_note
연화중학교,중학교,AI중점학교,유형1,2026,https://www.ice.go.kr/ice/na/ntt/selectNttInfo.do?mi=11785&nttSn=3359748,ice_ai_focus_2026.hwpx,2026-02-09,2026-09-06,,official_roster,
인천공항중학교,중학교,AI중점학교,유형1,2026,https://www.ice.go.kr/ice/na/ntt/selectNttInfo.do?mi=11785&nttSn=3359748,ice_ai_focus_2026.hwpx,2026-02-09,2026-09-06,,official_roster,
인천당하중학교,중학교,AI중점학교,유형1,2026,https://www.ice.go.kr/ice/na/ntt/selectNttInfo.do?mi=11785&nttSn=3359748,ice_ai_focus_2026.hwpx,2026-02-09,2026-09-06,,official_roster,
인천부흥고등학교,고등학교,AI중점학교,유형1,2026,https://www.ice.go.kr/ice/na/ntt/selectNttInfo.do?mi=11785&nttSn=3359748,ice_ai_focus_2026.hwpx,2026-02-09,2026-09-06,,official_roster,
작전고등학교,고등학교,AI중점학교,유형1,2026,https://www.ice.go.kr/ice/na/ntt/selectNttInfo.do?mi=11785&nttSn=3359748,ice_ai_focus_2026.hwpx,2026-02-09,2026-09-06,,official_roster,
제물포고등학교,고등학교,AI중점학교,유형1,2026,https://www.ice.go.kr/ice/na/ntt/selectNttInfo.do?mi=11785&nttSn=3359748,ice_ai_focus_2026.hwpx,2026-02-09,2026-09-06,,official_roster,
강화초등학교,초등학교,AI중점학교,유형2,2026,https://www.ice.go.kr/ice/na/ntt/selectNttInfo.do?mi=11785&nttSn=3359748,ice_ai_focus_2026.hwpx,2026-02-09,2026-09-06,,official_roster,
인천구산초등학교,초등학교,AI중점학교,유형2,2026,https://www.ice.go.kr/ice/na/ntt/selectNttInfo.do?mi=11785&nttSn=3359748,ice_ai_focus_2026.hwpx,2026-02-09,2026-09-06,,official_roster,
인천남촌초등학교,초등학교,AI중점학교,유형2,2026,https://www.ice.go.kr/ice/na/ntt/selectNttInfo.do?mi=11785&nttSn=3359748,ice_ai_focus_2026.hwpx,2026-02-09,2026-09-06,,official_roster,
인천당하초등학교,초등학교,AI중점학교,유형2,2026,https://www.ice.go.kr/ice/na/ntt/selectNttInfo.do?mi=11785&nttSn=3359748,ice_ai_focus_2026.hwpx,2026-02-09,2026-09-06,,official_roster,
인천도화초등학교,초등학교,AI중점학교,유형2,2026,https://www.ice.go.kr/ice/na/ntt/selectNttInfo.do?mi=11785&nttSn=3359748,ice_ai_focus_2026.hwpx,2026-02-09,2026-09-06,,official_roster,
인천동명초등학교,초등학교,AI중점학교,유형2,2026,https://www.ice.go.kr/ice/na/ntt/selectNttInfo.do?mi=11785&nttSn=3359748,ice_ai_focus_2026.hwpx,2026-02-09,2026-09-06,,official_roster,
인천동부초등학교,초등학교,AI중점학교,유형2,2026,https://www.ice.go.kr/ice/na/ntt/selectNttInfo.do?mi=11785&nttSn=3359748,ice_ai_focus_2026.hwpx,2026-02-09,2026-09-06,,official_roster,
인천동춘초등학교,초등학교,AI중점학교,유형2,2026,https://www.ice.go.kr/ice/na/ntt/selectNttInfo.do?mi=11785&nttSn=3359748,ice_ai_focus_2026.hwpx,2026-02-09,2026-09-06,,official_roster,
인천먼우금초등학교,초등학교,AI중점학교,유형2,2026,https://www.ice.go.kr/ice/na/ntt/selectNttInfo.do?mi=11785&nttSn=3359748,ice_ai_focus_2026.hwpx,2026-02-09,2026-09-06,,official_roster,
인천미산초등학교,초등학교,AI중점학교,유형2,2026,https://www.ice.go.kr/ice/na/ntt/selectNttInfo.do?mi=11785&nttSn=3359748,ice_ai_focus_2026.hwpx,2026-02-09,2026-09-06,,official_roster,
인천봉수초등학교,초등학교,AI중점학교,유형2,2026,https://www.ice.go.kr/ice/na/ntt/selectNttInfo.do?mi=11785&nttSn=3359748,ice_ai_focus_2026.hwpx,2026-02-09,2026-09-06,,official_roster,
인천석남서초등학교,초등학교,AI중점학교,유형2,2026,https://www.ice.go.kr/ice/na/ntt/selectNttInfo.do?mi=11785&nttSn=3359748,ice_ai_focus_2026.hwpx,2026-02-09,2026-09-06,,official_roster,
인천연송초등학교,초등학교,AI중점학교,유형2,2026,https://www.ice.go.kr/ice/na/ntt/selectNttInfo.do?mi=11785&nttSn=3359748,ice_ai_focus_2026.hwpx,2026-02-09,2026-09-06,,official_roster,
인천용학초등학교,초등학교,AI중점학교,유형2,2026,https://www.ice.go.kr/ice/na/ntt/selectNttInfo.do?mi=11785&nttSn=3359748,ice_ai_focus_2026.hwpx,2026-02-09,2026-09-06,,official_roster,
인천용현초등학교,초등학교,AI중점학교,유형2,2026,https://www.ice.go.kr/ice/na/ntt/selectNttInfo.do?mi=11785&nttSn=3359748,ice_ai_focus_2026.hwpx,2026-02-09,2026-09-06,,official_roster,
인천원당초등학교,초등학교,AI중점학교,유형2,2026,https://www.ice.go.kr/ice/na/ntt/selectNttInfo.do?mi=11785&nttSn=3359748,ice_ai_focus_2026.hwpx,2026-02-09,2026-09-06,,official_roster,
인천주원초등학교,초등학교,AI중점학교,유형2,2026,https://www.ice.go.kr/ice/na/ntt/selectNttInfo.do?mi=11785&nttSn=3359748,ice_ai_focus_2026.hwpx,2026-02-09,2026-09-06,,official_roster,
인천청라초등학교,초등학교,AI중점학교,유형2,2026,https://www.ice.go.kr/ice/na/ntt/selectNttInfo.do?mi=11785&nttSn=3359748,ice_ai_focus_2026.hwpx,2026-02-09,2026-09-06,,official_roster,
인천청람초등학교,초등학교,AI중점학교,유형2,2026,https://www.ice.go.kr/ice/na/ntt/selectNttInfo.do?mi=11785&nttSn=3359748,ice_ai_focus_2026.hwpx,2026-02-09,2026-09-06,,official_roster,
인천하늘초등학교,초등학교,AI중점학교,유형2,2026,https://www.ice.go.kr/ice/na/ntt/selectNttInfo.do?mi=11785&nttSn=3359748,ice_ai_focus_2026.hwpx,2026-02-09,2026-09-06,,official_roster,
가좌중학교,중학교,AI중점학교,유형2,2026,https://www.ice.go.kr/ice/na/ntt/selectNttInfo.do?mi=11785&nttSn=3359748,ice_ai_focus_2026.hwpx,2026-02-09,2026-09-06,,official_roster,
계양중학교,중학교,AI중점학교,유형2,2026,https://www.ice.go.kr/ice/na/ntt/selectNttInfo.do?mi=11785&nttSn=3359748,ice_ai_focus_2026.hwpx,2026-02-09,2026-09-06,,official_roster,
광성중학교,중학교,AI중점학교,유형2,2026,https://www.ice.go.kr/ice/na/ntt/selectNttInfo.do?mi=11785&nttSn=3359748,ice_ai_focus_2026.hwpx,2026-02-09,2026-09-06,,official_roster,
논곡중학교,중학교,AI중점학교,유형2,2026,https://www.ice.go.kr/ice/na/ntt/selectNttInfo.do?mi=11785&nttSn=3359748,ice_ai_focus_2026.hwpx,2026-02-09,2026-09-06,,official_roster,
동인천여자중학교,중학교,AI중점학교,유형2,2026,https://www.ice.go.kr/ice/na/ntt/selectNttInfo.do?mi=11785&nttSn=3359748,ice_ai_focus_2026.hwpx,2026-02-09,2026-09-06,,official_roster,
명현중학교,중학교,AI중점학교,유형2,2026,https://www.ice.go.kr/ice/na/ntt/selectNttInfo.do?mi=11785&nttSn=3359748,ice_ai_focus_2026.hwpx,2026-02-09,2026-09-06,,official_roster,
박문중학교,중학교,AI중점학교,유형2,2026,https://www.ice.go.kr/ice/na/ntt/selectNttInfo.do?mi=11785&nttSn=3359748,ice_ai_focus_2026.hwpx,2026-02-09,2026-09-06,,official_roster,
백령중학교,중학교,AI중점학교,유형2,2026,https://www.ice.go.kr/ice/na/ntt/selectNttInfo.do?mi=11785&nttSn=3359748,ice_ai_focus_2026.hwpx,2026-02-09,2026-09-06,,official_roster,
부평동중학교,중학교,AI중점학교,유형2,2026,https://www.ice.go.kr/ice/na/ntt/selectNttInfo.do?mi=11785&nttSn=3359748,ice_ai_focus_2026.hwpx,2026-02-09,2026-09-06,,official_roster,
부평중학교,중학교,AI중점학교,유형2,2026,https://www.ice.go.kr/ice/na/ntt/selectNttInfo.do?mi=11785&nttSn=3359748,ice_ai_focus_2026.hwpx,2026-02-09,2026-09-06,,official_roster,
부흥중학교,중학교,AI중점학교,유형2,2026,https://www.ice.go.kr/ice/na/ntt/selectNttInfo.do?mi=11785&nttSn=3359748,ice_ai_focus_2026.hwpx,2026-02-09,2026-09-06,,official_roster,
북인천여자중학교,중학교,AI중점학교,유형2,2026,https://www.ice.go.kr/ice/na/ntt/selectNttInfo.do?mi=11785&nttSn=3359748,ice_ai_focus_2026.hwpx,2026-02-09,2026-09-06,,official_roster,
불로중학교,중학교,AI중점학교,유형2,2026,https://www.ice.go.kr/ice/na/ntt/selectNttInfo.do?mi=11785&nttSn=3359748,ice_ai_focus_2026.hwpx,2026-02-09,2026-09-06,,official_roster,
산곡여자중학교,중학교,AI중점학교,유형2,2026,https://www.ice.go.kr/ice/na/ntt/selectNttInfo.do?mi=11785&nttSn=3359748,ice_ai_focus_2026.hwpx,2026-02-09,2026-09-06,,official_roster,
삼산중학교,중학교,AI중점학교,유형2,2026,https://www.ice.go.kr/ice/na/ntt/selectNttInfo.do?mi=11785&nttSn=3359748,ice_ai_focus_2026.hwpx,2026-02-09,2026-09-06,,official_roster,
상인천중학교,중학교,AI중점학교,유형2,2026,https://www.ice.go.kr/ice/na/ntt/selectNttInfo.do?mi=11785&nttSn=3359748,ice_ai_focus_2026.hwpx,2026-02-09,2026-09-06,,official_roster,
송도중학교,중학교,AI중점학교,유형2,2026,https://www.ice.go.kr/ice/na/ntt/selectNttInfo.do?mi=11785&nttSn=3359748,ice_ai_focus_2026.hwpx,2026-02-09,2026-09-06,,official_roster,
승영중학교,중학교,AI중점학교,유형2,2026,https://www.ice.go.kr/ice/na/ntt/selectNttInfo.do?mi=11785&nttSn=3359748,ice_ai_focus_2026.hwpx,2026-02-09,2026-09-06,,official_roster,
신흥중학교,중학교,AI중점학교,유형2,2026,https://www.ice.go.kr/ice/na/ntt/selectNttInfo.do?mi=11785&nttSn=3359748,ice_ai_focus_2026.hwpx,2026-02-09,2026-09-06,,official_roster,
영종중학교,중학교,AI중점학교,유형2,2026,https://www.ice.go.kr/ice/na/ntt/selectNttInfo.do?mi=11785&nttSn=3359748,ice_ai_focus_2026.hwpx,2026-02-09,2026-09-06,,official_roster,
용현중학교,중학교,AI중점학교,유형2,2026,https://www.ice.go.kr/ice/na/ntt/selectNttInfo.do?mi=11785&nttSn=3359748,ice_ai_focus_2026.hwpx,2026-02-09,2026-09-06,,official_roster,
인천경연중학교,중학교,AI중점학교,유형2,2026,https://www.ice.go.kr/ice/na/ntt/selectNttInfo.do?mi=11785&nttSn=3359748,ice_ai_focus_2026.hwpx,2026-02-09,2026-09-06,,official_roster,
인천초은중학교,중학교,AI중점학교,유형2,2026,https://www.ice.go.kr/ice/na/ntt/selectNttInfo.do?mi=11785&nttSn=3359748,ice_ai_focus_2026.hwpx,2026-02-09,2026-09-06,,official_roster,
인천현송중학교,중학교,AI중점학교,유형2,2026,https://www.ice.go.kr/ice/na/ntt/selectNttInfo.do?mi=11785&nttSn=3359748,ice_ai_focus_2026.hwpx,2026-02-09,2026-09-06,,official_roster,
인하대학교사범대학부속중학교,중학교,AI중점학교,유형2,2026,https://www.ice.go.kr/ice/na/ntt/selectNttInfo.do?mi=11785&nttSn=3359748,ice_ai_focus_2026.hwpx,2026-02-09,2026-09-06,,official_roster,
진산중학교,중학교,AI중점학교,유형2,2026,https://www.ice.go.kr/ice/na/ntt/selectNttInfo.do?mi=11785&nttSn=3359748,ice_ai_focus_2026.hwpx,2026-02-09,2026-09-06,,official_roster,
가림고등학교,고등학교,AI중점학교,유형2,2026,https://www.ice.go.kr/ice/na/ntt/selectNttInfo.do?mi=11785&nttSn=3359748,ice_ai_focus_2026.hwpx,2026-02-09,2026-09-06,,official_roster,
가좌고등학교,고등학교,AI중점학교,유형2,2026,https://www.ice.go.kr/ice/na/ntt/selectNttInfo.do?mi=11785&nttSn=3359748,ice_ai_focus_2026.hwpx,2026-02-09,2026-09-06,,official_roster,
명신여자고등학교,고등학교,AI중점학교,유형2,2026,https://www.ice.go.kr/ice/na/ntt/selectNttInfo.do?mi=11785&nttSn=3359748,ice_ai_focus_2026.hwpx,2026-02-09,2026-09-06,,official_roster,
부광여자고등학교,고등학교,AI중점학교,유형2,2026,https://www.ice.go.kr/ice/na/ntt/selectNttInfo.do?mi=11785&nttSn=3359748,ice_ai_focus_2026.hwpx,2026-02-09,2026-09-06,,official_roster,
부평고등학교,고등학교,AI중점학교,유형2,2026,https://www.ice.go.kr/ice/na/ntt/selectNttInfo.do?mi=11785&nttSn=3359748,ice_ai_focus_2026.hwpx,2026-02-09,2026-09-06,,official_roster,
삼산고등학교,고등학교,AI중점학교,유형2,2026,https://www.ice.go.kr/ice/na/ntt/selectNttInfo.do?mi=11785&nttSn=3359748,ice_ai_focus_2026.hwpx,2026-02-09,2026-09-06,,official_roster,
서인천고등학교,고등학교,AI중점학교,유형2,2026,https://www.ice.go.kr/ice/na/ntt/selectNttInfo.do?mi=11785&nttSn=3359748,ice_ai_focus_2026.hwpx,2026-02-09,2026-09-06,,official_roster,
송도고등학교,고등학교,AI중점학교,유형2,2026,https://www.ice.go.kr/ice/na/ntt/selectNttInfo.do?mi=11785&nttSn=3359748,ice_ai_focus_2026.hwpx,2026-02-09,2026-09-06,,official_roster,
인일여자고등학교,고등학교,AI중점학교,유형2,2026,https://www.ice.go.kr/ice/na/ntt/selectNttInfo.do?mi=11785&nttSn=3359748,ice_ai_focus_2026.hwpx,2026-02-09,2026-09-06,,official_roster,
인천남고등학교,고등학교,AI중점학교,유형2,2026,https://www.ice.go.kr/ice/na/ntt/selectNttInfo.do?mi=11785&nttSn=3359748,ice_ai_focus_2026.hwpx,2026-02-09,2026-09-06,,official_roster,
인천남동고등학교,고등학교,AI중점학교,유형2,2026,https://www.ice.go.kr/ice/na/ntt/selectNttInfo.do?mi=11785&nttSn=3359748,ice_ai_focus_2026.hwpx,2026-02-09,2026-09-06,,official_roster,
인천만수고등학교,고등학교,AI중점학교,유형2,2026,https://www.ice.go.kr/ice/na/ntt/selectNttInfo.do?mi=11785&nttSn=3359748,ice_ai_focus_2026.hwpx,2026-02-09,2026-09-06,,official_roster,
인천상정고등학교,고등학교,AI중점학교,유형2,2026,https://www.ice.go.kr/ice/na/ntt/selectNttInfo.do?mi=11785&nttSn=3359748,ice_ai_focus_2026.hwpx,2026-02-09,2026-09-06,,official_roster,
인천송천고등학교,고등학교,AI중점학교,유형2,2026,https://www.ice.go.kr/ice/na/ntt/selectNttInfo.do?mi=11785&nttSn=3359748,ice_ai_focus_2026.hwpx,2026-02-09,2026-09-06,,official_roster,
인천신현고등학교,고등학교,AI중점학교,유형2,2026,https://www.ice.go.kr/ice/na/ntt/selectNttInfo.do?mi=11785&nttSn=3359748,ice_ai_focus_2026.hwpx,2026-02-09,2026-09-06,,official_roster,
인천여자고등학교,고등학교,AI중점학교,유형2,2026,https://www.ice.go.kr/ice/na/ntt/selectNttInfo.do?mi=11785&nttSn=3359748,ice_ai_focus_2026.hwpx,2026-02-09,2026-09-06,,official_roster,
인천연송고등학교,고등학교,AI중점학교,유형2,2026,https://www.ice.go.kr/ice/na/ntt/selectNttInfo.do?mi=11785&nttSn=3359748,ice_ai_focus_2026.hwpx,2026-02-09,2026-09-06,,official_roster,
인천영종고등학교,고등학교,AI중점학교,유형2,2026,https://www.ice.go.kr/ice/na/ntt/selectNttInfo.do?mi=11785&nttSn=3359748,ice_ai_focus_2026.hwpx,2026-02-09,2026-09-06,,official_roster,
인천이음고등학교,고등학교,AI중점학교,유형2,2026,https://www.ice.go.kr/ice/na/ntt/selectNttInfo.do?mi=11785&nttSn=3359748,ice_ai_focus_2026.hwpx,2026-02-09,2026-09-06,,official_roster,
인천중산고등학교,고등학교,AI중점학교,유형2,2026,https://www.ice.go.kr/ice/na/ntt/selectNttInfo.do?mi=11785&nttSn=3359748,ice_ai_focus_2026.hwpx,2026-02-09,2026-09-06,,official_roster,
인천진산과학고등학교,고등학교,AI중점학교,유형2,2026,https://www.ice.go.kr/ice/na/ntt/selectNttInfo.do?mi=11785&nttSn=3359748,ice_ai_focus_2026.hwpx,2026-02-09,2026-09-06,,official_roster,
인천청라고등학교,고등학교,AI중점학교,유형2,2026,https://www.ice.go.kr/ice/na/ntt/selectNttInfo.do?mi=11785&nttSn=3359748,ice_ai_focus_2026.hwpx,2026-02-09,2026-09-06,,official_roster,
인천초은고등학교,고등학교,AI중점학교,유형2,2026,https://www.ice.go.kr/ice/na/ntt/selectNttInfo.do?mi=11785&nttSn=3359748,ice_ai_focus_2026.hwpx,2026-02-09,2026-09-06,,official_roster,
인천효성고등학교,고등학교,AI중점학교,유형2,2026,https://www.ice.go.kr/ice/na/ntt/selectNttInfo.do?mi=11785&nttSn=3359748,ice_ai_focus_2026.hwpx,2026-02-09,2026-09-06,,official_roster,
학익고등학교,고등학교,AI중점학교,유형2,2026,https://www.ice.go.kr/ice/na/ntt/selectNttInfo.do?mi=11785&nttSn=3359748,ice_ai_focus_2026.hwpx,2026-02-09,2026-09-06,,official_roster,
갑룡초등학교,초등학교,AI중점학교,유형3,2026,https://www.ice.go.kr/ice/na/ntt/selectNttInfo.do?mi=11785&nttSn=3359748,ice_ai_focus_2026.hwpx,2026-02-09,2026-09-06,,official_roster,
합일초등학교,초등학교,AI중점학교,유형3,2026,https://www.ice.go.kr/ice/na/ntt/selectNttInfo.do?mi=11785&nttSn=3359748,ice_ai_focus_2026.hwpx,2026-02-09,2026-09-06,,official_roster,
인천길주초등학교,초등학교,AI중점학교,유형3,2026,https://www.ice.go.kr/ice/na/ntt/selectNttInfo.do?mi=11785&nttSn=3359748,ice_ai_focus_2026.hwpx,2026-02-09,2026-09-06,,official_roster,
인천석천초등학교,초등학교,AI중점학교,유형3,2026,https://www.ice.go.kr/ice/na/ntt/selectNttInfo.do?mi=11785&nttSn=3359748,ice_ai_focus_2026.hwpx,2026-02-09,2026-09-06,,official_roster,
인천경원초등학교,초등학교,AI중점학교,유형3,2026,https://www.ice.go.kr/ice/na/ntt/selectNttInfo.do?mi=11785&nttSn=3359748,ice_ai_focus_2026.hwpx,2026-02-09,2026-09-06,,official_roster,
인천용현남초등학교,초등학교,AI중점학교,유형3,2026,https://www.ice.go.kr/ice/na/ntt/selectNttInfo.do?mi=11785&nttSn=3359748,ice_ai_focus_2026.hwpx,2026-02-09,2026-09-06,,official_roster,
인천청천초등학교,초등학교,AI중점학교,유형3,2026,https://www.ice.go.kr/ice/na/ntt/selectNttInfo.do?mi=11785&nttSn=3359748,ice_ai_focus_2026.hwpx,2026-02-09,2026-09-06,,official_roster,
인천산곡북초등학교,초등학교,AI중점학교,유형3,2026,https://www.ice.go.kr/ice/na/ntt/selectNttInfo.do?mi=11785&nttSn=3359748,ice_ai_focus_2026.hwpx,2026-02-09,2026-09-06,,official_roster,
인천이음초등학교,초등학교,AI중점학교,유형3,2026,https://www.ice.go.kr/ice/na/ntt/selectNttInfo.do?mi=11785&nttSn=3359748,ice_ai_focus_2026.hwpx,2026-02-09,2026-09-06,,official_roster,
인천아라초등학교,초등학교,AI중점학교,유형3,2026,https://www.ice.go.kr/ice/na/ntt/selectNttInfo.do?mi=11785&nttSn=3359748,ice_ai_focus_2026.hwpx,2026-02-09,2026-09-06,,official_roster,
인천청일초등학교,초등학교,AI중점학교,유형3,2026,https://www.ice.go.kr/ice/na/ntt/selectNttInfo.do?mi=11785&nttSn=3359748,ice_ai_focus_2026.hwpx,2026-02-09,2026-09-06,,official_roster,
인천미송초등학교,초등학교,AI중점학교,유형3,2026,https://www.ice.go.kr/ice/na/ntt/selectNttInfo.do?mi=11785&nttSn=3359748,ice_ai_focus_2026.hwpx,2026-02-09,2026-09-06,,official_roster,
인천신정초등학교,초등학교,AI중점학교,유형3,2026,https://www.ice.go.kr/ice/na/ntt/selectNttInfo.do?mi=11785&nttSn=3359748,ice_ai_focus_2026.hwpx,2026-02-09,2026-09-06,,official_roster,
인천산곡초등학교,초등학교,AI중점학교,유형3,2026,https://www.ice.go.kr/ice/na/ntt/selectNttInfo.do?mi=11785&nttSn=3359748,ice_ai_focus_2026.hwpx,2026-02-09,2026-09-06,,official_roster,
인천갈월초등학교,초등학교,AI중점학교,유형3,2026,https://www.ice.go.kr/ice/na/ntt/selectNttInfo.do?mi=11785&nttSn=3359748,ice_ai_focus_2026.hwpx,2026-02-09,2026-09-06,,official_roster,
인천운서초등학교,초등학교,AI중점학교,유형3,2026,https://www.ice.go.kr/ice/na/ntt/selectNttInfo.do?mi=11785&nttSn=3359748,ice_ai_focus_2026.hwpx,2026-02-09,2026-09-06,,official_roster,
북인천중학교,중학교,AI중점학교,유형3,2026,https://www.ice.go.kr/ice/na/ntt/selectNttInfo.do?mi=11785&nttSn=3359748,ice_ai_focus_2026.hwpx,2026-02-09,2026-09-06,,official_roster,
남동중학교,중학교,AI중점학교,유형3,2026,https://www.ice.go.kr/ice/na/ntt/selectNttInfo.do?mi=11785&nttSn=3359748,ice_ai_focus_2026.hwpx,2026-02-09,2026-09-06,,official_roster,
부평여자중학교,중학교,AI중점학교,유형3,2026,https://www.ice.go.kr/ice/na/ntt/selectNttInfo.do?mi=11785&nttSn=3359748,ice_ai_focus_2026.hwpx,2026-02-09,2026-09-06,,official_roster,
신현중학교,중학교,AI중점학교,유형3,2026,https://www.ice.go.kr/ice/na/ntt/selectNttInfo.do?mi=11785&nttSn=3359748,ice_ai_focus_2026.hwpx,2026-02-09,2026-09-06,,official_roster,
가정여자중학교,중학교,AI중점학교,유형3,2026,https://www.ice.go.kr/ice/na/ntt/selectNttInfo.do?mi=11785&nttSn=3359748,ice_ai_focus_2026.hwpx,2026-02-09,2026-09-06,,official_roster,"가정여자중학교(※거점교 운영비 20,000천원 포함)"
옥련중학교,중학교,AI중점학교,유형3,2026,https://www.ice.go.kr/ice/na/ntt/selectNttInfo.do?mi=11785&nttSn=3359748,ice_ai_focus_2026.hwpx,2026-02-09,2026-09-06,,official_roster,
인천중산중학교,중학교,AI중점학교,유형3,2026,https://www.ice.go.kr/ice/na/ntt/selectNttInfo.do?mi=11785&nttSn=3359748,ice_ai_focus_2026.hwpx,2026-02-09,2026-09-06,,official_roster,
신흥여자중학교,중학교,AI중점학교,유형3,2026,https://www.ice.go.kr/ice/na/ntt/selectNttInfo.do?mi=11785&nttSn=3359748,ice_ai_focus_2026.hwpx,2026-02-09,2026-09-06,,official_roster,
학익여자고등학교,고등학교,AI중점학교,유형3,2026,https://www.ice.go.kr/ice/na/ntt/selectNttInfo.do?mi=11785&nttSn=3359748,ice_ai_focus_2026.hwpx,2026-02-09,2026-09-06,,official_roster,
인천고잔고등학교,고등학교,AI중점학교,유형3,2026,https://www.ice.go.kr/ice/na/ntt/selectNttInfo.do?mi=11785&nttSn=3359748,ice_ai_focus_2026.hwpx,2026-02-09,2026-09-06,,official_roster,
검단고등학교,고등학교,AI중점학교,유형3,2026,https://www.ice.go.kr/ice/na/ntt/selectNttInfo.do?mi=11785&nttSn=3359748,ice_ai_focus_2026.hwpx,2026-02-09,2026-09-06,,official_roster,
인천공항고등학교,고등학교,AI중점학교,유형3,2026,https://www.ice.go.kr/ice/na/ntt/selectNttInfo.do?mi=11785&nttSn=3359748,ice_ai_focus_2026.hwpx,2026-02-09,2026-09-06,,official_roster,
강화고등학교,고등학교,AI중점학교,유형3,2026,https://www.ice.go.kr/ice/na/ntt/selectNttInfo.do?mi=11785&nttSn=3359748,ice_ai_focus_2026.hwpx,2026-02-09,2026-09-06,,official_roster,
인천과학예술영재학교,고등학교,AI중점학교,유형3,2026,https://www.ice.go.kr/ice/na/ntt/selectNttInfo.do?mi=11785&nttSn=3359748,ice_ai_focus_2026.hwpx,2026-02-09,2026-09-06,,official_roster,
