school_name,school_level,designation_type,program_name,year,source_url,source_file,source_published_date,retrieved_at,financial_support_amount,verification_status,designation_start_date,designation_end_date,period_basis,note
경인교육대학교부설초등학교,초등학교,교육실습학교 (2~4학년),교육실습 협력학교(경인교대),2026,https://www.ginue.ac.kr/kor/CMS/Contents/Contents.do?mCode=MN081,ginue_teaching_practice_MN081.html,,2026-09-07,,official_roster,,,,실습 학년 2~4학년 · 인천광역시 계양구 안남로 612
인천별빛초등학교,초등학교,교육실습학교 (2~4학년),교육실습 협력학교(경인교대),2026,https://www.ginue.ac.kr/kor/CMS/Contents/Contents.do?mCode=MN081,ginue_teaching_practice_MN081.html,,2026-09-07,,official_roster,,,,실습 학년 2~4학년 · 인천 중구 은하수로 402
인천서림초등학교,초등학교,교육실습학교 (2~4학년),교육실습 협력학교(경인교대),2026,https://www.ginue.ac.kr/kor/CMS/Contents/Contents.do?mCode=MN081,ginue_teaching_practice_MN081.html,,2026-09-07,,official_roster,,,,실습 학년 2~4학년 · 인천 동구 금곡로 105
인천서화초등학교,초등학교,교육실습학교 (2~4학년),교육실습 협력학교(경인교대),2026,https://www.ginue.ac.kr/kor/CMS/Contents/Contents.do?mCode=MN081,ginue_teaching_practice_MN081.html,,2026-09-07,,official_roster,,,,실습 학년 2~4학년 · 인천 미추홀구 송림로 250
인천석암초등학교,초등학교,교육실습학교 (2~4학년),교육실습 협력학교(경인교대),2026,https://www.ginue.ac.kr/kor/CMS/Contents/Contents.do?mCode=MN081,ginue_teaching_practice_MN081.html,,2026-09-07,,official_roster,,,,실습 학년 2~4학년 · 인천광역시 미추홀구 주안동로 46
인천용학초등학교,초등학교,교육실습학교 (2~4학년),교육실습 협력학교(경인교대),2026,https://www.ginue.ac.kr/kor/CMS/Contents/Contents.do?mCode=MN081,ginue_teaching_practice_MN081.html,,2026-09-07,,official_roster,,,,실습 학년 2~4학년 · 인천 미추홀구 용정공원로83번길 9
인천주안초등학교,초등학교,교육실습학교 (2~4학년),교육실습 협력학교(경인교대),2026,https://www.ginue.ac.kr/kor/CMS/Contents/Contents.do?mCode=MN081,ginue_teaching_practice_MN081.html,,2026-09-07,,official_roster,,,,실습 학년 2~4학년 · 인천 미추홀구 남주길69번길 16
인천도화초등학교,초등학교,교육실습학교 (2~4학년),교육실습 협력학교(경인교대),2026,https://www.ginue.ac.kr/kor/CMS/Contents/Contents.do?mCode=MN081,ginue_teaching_practice_MN081.html,,2026-09-07,,official_roster,,,,실습 학년 2~4학년 · 인천광역시 미추홀구 경인로 242
인천문학초등학교,초등학교,교육실습학교 (2~4학년),교육실습 협력학교(경인교대),2026,https://www.ginue.ac.kr/kor/CMS/Contents/Contents.do?mCode=MN081,ginue_teaching_practice_MN081.html,,2026-09-07,,official_roster,,,,실습 학년 2~4학년 · 인천광역시 미추홀구 매소홀로 553
인천삼목초등학교,초등학교,교육실습학교 (2~4학년),교육실습 협력학교(경인교대),2026,https://www.ginue.ac.kr/kor/CMS/Contents/Contents.do?mCode=MN081,ginue_teaching_practice_MN081.html,,2026-09-07,,official_roster,,,,실습 학년 2~4학년 · 인천 중구 신도시북로 42
인천용현초등학교,초등학교,교육실습학교 (2~4학년),교육실습 협력학교(경인교대),2026,https://www.ginue.ac.kr/kor/CMS/Contents/Contents.do?mCode=MN081,ginue_teaching_practice_MN081.html,,2026-09-07,,official_roster,,,,실습 학년 2~4학년 · 인천광역시 미추홀구 낙섬동로 83
인천갈월초등학교,초등학교,교육실습학교 (2~4학년),교육실습 협력학교(경인교대),2026,https://www.ginue.ac.kr/kor/CMS/Contents/Contents.do?mCode=MN081,ginue_teaching_practice_MN081.html,,2026-09-07,,official_roster,,,,실습 학년 2~4학년 · 인천 부평구 주부토로 165
인천개흥초등학교,초등학교,교육실습학교 (2~4학년),교육실습 협력학교(경인교대),2026,https://www.ginue.ac.kr/kor/CMS/Contents/Contents.do?mCode=MN081,ginue_teaching_practice_MN081.html,,2026-09-07,,official_roster,,,,실습 학년 2~4학년 · 인천 부평구 길주남로65번길 11
인천부현동초등학교,초등학교,교육실습학교 (2~4학년),교육실습 협력학교(경인교대),2026,https://www.ginue.ac.kr/kor/CMS/Contents/Contents.do?mCode=MN081,ginue_teaching_practice_MN081.html,,2026-09-07,,official_roster,,,,실습 학년 2~4학년 · 인천광역시 계양구 용종로 5
인천상정초등학교,초등학교,교육실습학교 (2~4학년),교육실습 협력학교(경인교대),2026,https://www.ginue.ac.kr/kor/CMS/Contents/Contents.do?mCode=MN081,ginue_teaching_practice_MN081.html,,2026-09-07,,official_roster,,,,실습 학년 2~4학년 · 인천광역시 부평구 상정로 50
인천소양초등학교,초등학교,교육실습학교 (2~4학년),교육실습 협력학교(경인교대),2026,https://www.ginue.ac.kr/kor/CMS/Contents/Contents.do?mCode=MN081,ginue_teaching_practice_MN081.html,,2026-09-07,,official_roster,,,,실습 학년 2~4학년 · 인천광역시 계양구 박촌로 53
인천일신초등학교,초등학교,교육실습학교 (2~4학년),교육실습 협력학교(경인교대),2026,https://www.ginue.ac.kr/kor/CMS/Contents/Contents.do?mCode=MN081,ginue_teaching_practice_MN081.html,,2026-09-07,,official_roster,,,,실습 학년 2~4학년 · 인천 부평구 항동로75번길 36
인천청천초등학교,초등학교,교육실습학교 (2~4학년),교육실습 협력학교(경인교대),2026,https://www.ginue.ac.kr/kor/CMS/Contents/Contents.do?mCode=MN081,ginue_teaching_practice_MN081.html,,2026-09-07,,official_roster,,,,실습 학년 2~4학년 · 인천 부평구 산청로127번길 10 12-5
인천효성남초등학교,초등학교,교육실습학교 (2~4학년),교육실습 협력학교(경인교대),2026,https://www.ginue.ac.kr/kor/CMS/Contents/Contents.do?mCode=MN081,ginue_teaching_practice_MN081.html,,2026-09-07,,official_roster,,,,실습 학년 2~4학년 · 인천 계양구 새벌로 125
인천귤현초등학교,초등학교,교육실습학교 (2~4학년),교육실습 협력학교(경인교대),2026,https://www.ginue.ac.kr/kor/CMS/Contents/Contents.do?mCode=MN081,ginue_teaching_practice_MN081.html,,2026-09-07,,official_roster,,,,실습 학년 2~4학년 · 인천 계양구 귤현길 15
인천성지초등학교,초등학교,교육실습학교 (2~4학년),교육실습 협력학교(경인교대),2026,https://www.ginue.ac.kr/kor/CMS/Contents/Contents.do?mCode=MN081,ginue_teaching_practice_MN081.html,,2026-09-07,,official_roster,,,,실습 학년 2~4학년 · 인천 계양구 아나지로247번길 8
인천효성동초등학교,초등학교,교육실습학교 (2~4학년),교육실습 협력학교(경인교대),2026,https://www.ginue.ac.kr/kor/CMS/Contents/Contents.do?mCode=MN081,ginue_teaching_practice_MN081.html,,2026-09-07,,official_roster,,,,실습 학년 2~4학년 · 인천 계양구 새벌로171번길 4
인천효성초등학교,초등학교,교육실습학교 (2~4학년),교육실습 협력학교(경인교대),2026,https://www.ginue.ac.kr/kor/CMS/Contents/Contents.do?mCode=MN081,ginue_teaching_practice_MN081.html,,2026-09-07,,official_roster,,,,실습 학년 2~4학년 · 인천 계양구 안남로 601
상인천초등학교,초등학교,교육실습학교 (2~4학년),교육실습 협력학교(경인교대),2026,https://www.ginue.ac.kr/kor/CMS/Contents/Contents.do?mCode=MN081,ginue_teaching_practice_MN081.html,,2026-09-07,,official_roster,,,,실습 학년 2~4학년 · 인천 남동구 석산로141번길 29
인천동막초등학교,초등학교,교육실습학교 (2~4학년),교육실습 협력학교(경인교대),2026,https://www.ginue.ac.kr/kor/CMS/Contents/Contents.do?mCode=MN081,ginue_teaching_practice_MN081.html,,2026-09-07,,official_roster,,,,실습 학년 2~4학년 · 인천광역시 연수구 원인재로 36
인천송원초등학교,초등학교,교육실습학교 (2~4학년),교육실습 협력학교(경인교대),2026,https://www.ginue.ac.kr/kor/CMS/Contents/Contents.do?mCode=MN081,ginue_teaching_practice_MN081.html,,2026-09-07,,official_roster,,,,실습 학년 2~4학년 · 인천 연수구 송도과학로51번길 60
인천송일초등학교,초등학교,교육실습학교 (2~4학년),교육실습 협력학교(경인교대),2026,https://www.ginue.ac.kr/kor/CMS/Contents/Contents.do?mCode=MN081,ginue_teaching_practice_MN081.html,,2026-09-07,,official_roster,,,,실습 학년 2~4학년 · 인천 연수구 컨벤시아대로252번길 15
인천연수초등학교,초등학교,교육실습학교 (2~4학년),교육실습 협력학교(경인교대),2026,https://www.ginue.ac.kr/kor/CMS/Contents/Contents.do?mCode=MN081,ginue_teaching_practice_MN081.html,,2026-09-07,,official_roster,,,,실습 학년 2~4학년 · 인천 연수구 원인재로 324
인천장서초등학교,초등학교,교육실습학교 (2~4학년),교육실습 협력학교(경인교대),2026,https://www.ginue.ac.kr/kor/CMS/Contents/Contents.do?mCode=MN081,ginue_teaching_practice_MN081.html,,2026-09-07,,official_roster,,,,실습 학년 2~4학년 · 인천 남동구 서창남순환로 109
인천송담초등학교,초등학교,교육실습학교 (2~4학년),교육실습 협력학교(경인교대),2026,https://www.ginue.ac.kr/kor/CMS/Contents/Contents.do?mCode=MN081,ginue_teaching_practice_MN081.html,,2026-09-07,,official_roster,,,,실습 학년 2~4학년 · 인천 연수구 송도동 320
인천신월초등학교,초등학교,교육실습학교 (2~4학년),교육실습 협력학교(경인교대),2026,https://www.ginue.ac.kr/kor/CMS/Contents/Contents.do?mCode=MN081,ginue_teaching_practice_MN081.html,,2026-09-07,,official_roster,,,,실습 학년 2~4학년 · 인천 남동구 인주대로776번길 14
인천가원초등학교,초등학교,교육실습학교 (2~4학년),교육실습 협력학교(경인교대),2026,https://www.ginue.ac.kr/kor/CMS/Contents/Contents.do?mCode=MN081,ginue_teaching_practice_MN081.html,,2026-09-07,,official_roster,,,,실습 학년 2~4학년 · 인천 서구 청중로478번길 6
인천간재울초등학교,초등학교,교육실습학교 (2~4학년),교육실습 협력학교(경인교대),2026,https://www.ginue.ac.kr/kor/CMS/Contents/Contents.do?mCode=MN081,ginue_teaching_practice_MN081.html,,2026-09-07,,official_roster,,,,실습 학년 2~4학년 · 인천 서구 승학로 433
인천경명초등학교,초등학교,교육실습학교 (2~4학년),교육실습 협력학교(경인교대),2026,https://www.ginue.ac.kr/kor/CMS/Contents/Contents.do?mCode=MN081,ginue_teaching_practice_MN081.html,,2026-09-07,,official_roster,,,,실습 학년 2~4학년 · 인천 서구 크리스탈로 130
인천능내초등학교,초등학교,교육실습학교 (2~4학년),교육실습 협력학교(경인교대),2026,https://www.ginue.ac.kr/kor/CMS/Contents/Contents.do?mCode=MN081,ginue_teaching_practice_MN081.html,,2026-09-07,,official_roster,,,,실습 학년 2~4학년 · 인천 서구 검단로540번길 23
인천아라초등학교,초등학교,교육실습학교 (2~4학년),교육실습 협력학교(경인교대),2026,https://www.ginue.ac.kr/kor/CMS/Contents/Contents.do?mCode=MN081,ginue_teaching_practice_MN081.html,,2026-09-07,,official_roster,,,,실습 학년 2~4학년 · 인천 서구 서로2로 42
인천청라초등학교,초등학교,교육실습학교 (2~4학년),교육실습 협력학교(경인교대),2026,https://www.ginue.ac.kr/kor/CMS/Contents/Contents.do?mCode=MN081,ginue_teaching_practice_MN081.html,,2026-09-07,,official_roster,,,,실습 학년 2~4학년 · 인천 서구 청라에메랄드로 139
인천청일초등학교,초등학교,교육실습학교 (2~4학년),교육실습 협력학교(경인교대),2026,https://www.ginue.ac.kr/kor/CMS/Contents/Contents.do?mCode=MN081,ginue_teaching_practice_MN081.html,,2026-09-07,,official_roster,,,,실습 학년 2~4학년 · 인천 서구 크리스탈로 46
인천해원초등학교,초등학교,교육실습학교 (2~4학년),교육실습 협력학교(경인교대),2026,https://www.ginue.ac.kr/kor/CMS/Contents/Contents.do?mCode=MN081,ginue_teaching_practice_MN081.html,,2026-09-07,,official_roster,,,,실습 학년 2~4학년 · 인천 서구 청라사파이어로140번길 5
인천백석초등학교,초등학교,교육실습학교 (2~4학년),교육실습 협력학교(경인교대),2026,https://www.ginue.ac.kr/kor/CMS/Contents/Contents.do?mCode=MN081,ginue_teaching_practice_MN081.html,,2026-09-07,,official_roster,,,,실습 학년 2~4학년 · 인천 서구 청마로 55
인천봉수초등학교,초등학교,교육실습학교 (2~4학년),교육실습 협력학교(경인교대),2026,https://www.ginue.ac.kr/kor/CMS/Contents/Contents.do?mCode=MN081,ginue_teaching_practice_MN081.html,,2026-09-07,,official_roster,,,,실습 학년 2~4학년 · 인천 서구 봉오대로267번길 11-4
인천초은초등학교,초등학교,교육실습학교 (2~4학년),교육실습 협력학교(경인교대),2026,https://www.ginue.ac.kr/kor/CMS/Contents/Contents.do?mCode=MN081,ginue_teaching_practice_MN081.html,,2026-09-07,,official_roster,,,,실습 학년 2~4학년 · 인천 서구 청라에메랄드로 33
갑룡초등학교,초등학교,교육실습학교 (2~4학년),교육실습 협력학교(경인교대),2026,https://www.ginue.ac.kr/kor/CMS/Contents/Contents.do?mCode=MN081,ginue_teaching_practice_MN081.html,,2026-09-07,,official_roster,,,,실습 학년 2~4학년 · 인천 강화군 강화읍 갑룡길 88
